Copyright 1986-2022 Xilinx, Inc. All Rights Reserved. Copyright 2022-2023 Advanced Micro Devices, Inc. All Rights Reserved.
--------------------------------------------------------------------------------------------------------------------------------------------------
| Tool Version      : Vivado v.2023.2 (win64) Build 4029153 Fri Oct 13 20:14:34 MDT 2023
| Date              : Tue Sep 29 21:00:56 2026
| Host              : YYJ running 64-bit major release  (build 9200)
| Command           : report_timing_summary -file C:/ddr2400/rfsoc4x2_100g_udp/build/timing_summary.rpt
| Design            : fpga
| Device            : xczu48dr-ffvg1517
| Speed File        : -2  PRODUCTION 1.32 01-31-2021
| Design State      : Physopt postRoute
| Temperature Grade : E
--------------------------------------------------------------------------------------------------------------------------------------------------

Timing Summary Report

------------------------------------------------------------------------------------------------
| Timer Settings
| --------------
------------------------------------------------------------------------------------------------

  Enable Multi Corner Analysis               :  Yes
  Enable Pessimism Removal                   :  Yes
  Pessimism Removal Resolution               :  Nearest Common Node
  Enable Input Delay Default Clock           :  No
  Enable Preset / Clear Arcs                 :  No
  Disable Flight Delays                      :  No
  Ignore I/O Paths                           :  No
  Timing Early Launch at Borrowing Latches   :  No
  Borrow Time for Max Delay Exceptions       :  Yes
  Merge Timing Exceptions                    :  Yes
  Inter-SLR Compensation                     :  Conservative

  Corner  Analyze    Analyze    
  Name    Max Paths  Min Paths  
  ------  ---------  ---------  
  Slow    Yes        Yes        
  Fast    Yes        Yes        


------------------------------------------------------------------------------------------------
| Report Methodology
| ------------------
------------------------------------------------------------------------------------------------

Rule      Severity  Description                                                        Violations  
--------  --------  -----------------------------------------------------------------  ----------  
LUTAR-1   Warning   LUT drives async reset alert                                       12          
SYNTH-5   Warning   Mapped onto distributed RAM because of timing constraints          2           
SYNTH-16  Warning   Address collision                                                  1           
TIMING-9  Warning   Unknown CDC Logic                                                  1           
XDCV-2    Advisory  Incomplete constraint coverage due to missing replicated objects.  2           

Note: This report is based on the most recent report_methodology run and may not be up-to-date. Run report_methodology on the current design for the latest report.



check_timing report

Table of Contents
-----------------
1. checking no_clock (0)
2. checking constant_clock (0)
3. checking pulse_width_clock (0)
4. checking unconstrained_internal_endpoints (0)
5. checking no_input_delay (1)
6. checking no_output_delay (1)
7. checking multiple_clock (0)
8. checking generated_clocks (0)
9. checking loops (0)
10. checking partial_input_delay (0)
11. checking partial_output_delay (0)
12. checking latch_loops (0)

1. checking no_clock (0)
------------------------
 There are 0 register/latch pins with no clock.


2. checking constant_clock (0)
------------------------------
 There are 0 register/latch pins with constant_clock.


3. checking pulse_width_clock (0)
---------------------------------
 There are 0 register/latch pins which need pulse_width check


4. checking unconstrained_internal_endpoints (0)
------------------------------------------------
 There are 0 pins that are not constrained for maximum delay.

 There are 0 pins that are not constrained for maximum delay due to constant clock.


5. checking no_input_delay (1)
------------------------------
 There are 0 input ports with no input delay specified.

 There is 1 input port with no input delay but user has a false path constraint. (MEDIUM)


6. checking no_output_delay (1)
-------------------------------
 There is 1 port with no output delay specified. (HIGH)

 There are 0 ports with no output delay but user has a false path constraint

 There are 0 ports with no output delay but with a timing clock defined on it or propagating through it


7. checking multiple_clock (0)
------------------------------
 There are 0 register/latch pins with multiple clocks.


8. checking generated_clocks (0)
--------------------------------
 There are 0 generated clocks that are not connected to a clock source.


9. checking loops (0)
---------------------
 There are 0 combinational loops in the design.


10. checking partial_input_delay (0)
------------------------------------
 There are 0 input ports with partial input delay specified.


11. checking partial_output_delay (0)
-------------------------------------
 There are 0 ports with partial output delay specified.


12. checking latch_loops (0)
----------------------------
 There are 0 combinational latch loops in the design through latch input



------------------------------------------------------------------------------------------------
| Design Timing Summary
| ---------------------
------------------------------------------------------------------------------------------------

    WNS(ns)      TNS(ns)  TNS Failing Endpoints  TNS Total Endpoints      WHS(ns)      THS(ns)  THS Failing Endpoints  THS Total Endpoints     WPWS(ns)     TPWS(ns)  TPWS Failing Endpoints  TPWS Total Endpoints  
    -------      -------  ---------------------  -------------------      -------      -------  ---------------------  -------------------     --------     --------  ----------------------  --------------------  
      0.167        0.000                      0               122193        0.012        0.000                      0               121352        0.039        0.000                       0                 52609  


All user specified timing constraints are met.


------------------------------------------------------------------------------------------------
| Clock Summary
| -------------
------------------------------------------------------------------------------------------------

Clock                                                                                                Waveform(ns)             Period(ns)      Frequency(MHz)
-----                                                                                                ------------             ----------      --------------
c0_sys_clk_p                                                                                         {0.000 2.499}            4.998           200.080         
  mmcm_clkout0                                                                                       {0.000 1.666}            3.332           300.120         
    pll_clk[0]                                                                                       {0.000 0.208}            0.417           2400.960        
      pll_clk[0]_DIV                                                                                 {0.000 1.666}            3.332           300.120         
    pll_clk[1]                                                                                       {0.000 0.208}            0.417           2400.960        
      pll_clk[1]_DIV                                                                                 {0.000 1.666}            3.332           300.120         
    pll_clk[2]                                                                                       {0.000 0.208}            0.417           2400.960        
      pll_clk[2]_DIV                                                                                 {0.000 1.666}            3.332           300.120         
  mmcm_clkout5                                                                                       {0.000 6.664}            13.328          75.030          
  mmcm_clkout6                                                                                       {0.000 3.332}            6.664           150.060         
clk_100                                                                                              {0.000 5.000}            10.000          100.000         
  clk_125_mmcm                                                                                       {0.000 4.000}            8.000           125.000         
  clk_core_mmcm                                                                                      {0.000 2.000}            4.000           250.000         
dbg_hub/inst/BSCANID.u_xsdbm_id/SWITCH_N_EXT_BSCAN.bscan_inst/SERIES7_BSCAN.bscan_inst/INTERNAL_TCK  {0.000 25.000}           50.000          20.000          
qsfp0_mgt_refclk_0_p                                                                                 {0.000 3.200}            6.400           156.250         
  qpll0outclk_out[0]                                                                                 {0.000 0.039}            0.078           12890.630       
    GTYE4_CHANNEL_TXOUTCLKPCS[0]                                                                     {0.000 1.552}            3.103           322.266         
    GTYE4_CHANNEL_TXOUTCLKPCS[1]                                                                     {0.000 1.552}            3.103           322.266         
    GTYE4_CHANNEL_TXOUTCLKPCS[2]                                                                     {0.000 1.552}            3.103           322.266         
    GTYE4_CHANNEL_TXOUTCLKPCS[3]                                                                     {0.000 1.552}            3.103           322.266         
    rxoutclk_out[0]                                                                                  {0.000 1.552}            3.103           322.266         
    txoutclk_out[0]                                                                                  {0.000 1.552}            3.103           322.266         
  qpll0outrefclk_out[0]                                                                              {0.000 3.200}            6.400           156.250         


------------------------------------------------------------------------------------------------
| Intra Clock Table
| -----------------
------------------------------------------------------------------------------------------------

Clock                                                                                                    WNS(ns)      TNS(ns)  TNS Failing Endpoints  TNS Total Endpoints      WHS(ns)      THS(ns)  THS Failing Endpoints  THS Total Endpoints     WPWS(ns)     TPWS(ns)  TPWS Failing Endpoints  TPWS Total Endpoints  
-----                                                                                                    -------      -------  ---------------------  -------------------      -------      -------  ---------------------  -------------------     --------     --------  ----------------------  --------------------  
c0_sys_clk_p                                                                                               2.515        0.000                      0                   23        0.059        0.000                      0                   23        0.750        0.000                       0                    19  
  mmcm_clkout0                                                                                             0.167        0.000                      0                58104        0.012        0.000                      0                58104        0.500        0.000                       0                 25359  
    pll_clk[0]                                                                                                                                                                                                                                         0.039        0.000                       0                     9  
      pll_clk[0]_DIV                                                                                                                                                                                                                                   0.466        0.000                       0                    40  
    pll_clk[1]                                                                                                                                                                                                                                         0.039        0.000                       0                     9  
      pll_clk[1]_DIV                                                                                                                                                                                                                                   0.466        0.000                       0                    25  
    pll_clk[2]                                                                                                                                                                                                                                         0.039        0.000                       0                     9  
      pll_clk[2]_DIV                                                                                                                                                                                                                                   0.466        0.000                       0                    40  
  mmcm_clkout5                                                                                            10.118        0.000                      0                 1754        0.029        0.000                      0                 1754        6.132        0.000                       0                  1822  
  mmcm_clkout6                                                                                             1.932        0.000                      0                 5713        0.018        0.000                      0                 5185        1.108        0.000                       0                  1747  
clk_100                                                                                                                                                                                                                                                2.000        0.000                       0                     1  
  clk_125_mmcm                                                                                             5.367        0.000                      0                 3533        0.023        0.000                      0                 3533        3.458        0.000                       0                  1411  
  clk_core_mmcm                                                                                            0.179        0.000                      0                38944        0.014        0.000                      0                38944        1.300        0.000                       0                 17549  
dbg_hub/inst/BSCANID.u_xsdbm_id/SWITCH_N_EXT_BSCAN.bscan_inst/SERIES7_BSCAN.bscan_inst/INTERNAL_TCK       15.450        0.000                      0                  997        0.019        0.000                      0                  997       24.468        0.000                       0                   483  
    GTYE4_CHANNEL_TXOUTCLKPCS[0]                                                                           2.178        0.000                      0                   34        0.179        0.000                      0                   34        1.277        0.000                       0                    15  
    GTYE4_CHANNEL_TXOUTCLKPCS[1]                                                                           2.039        0.000                      0                   34        0.128        0.000                      0                   34        1.277        0.000                       0                    15  
    GTYE4_CHANNEL_TXOUTCLKPCS[2]                                                                           2.104        0.000                      0                   34        0.098        0.000                      0                   34        1.277        0.000                       0                    15  
    GTYE4_CHANNEL_TXOUTCLKPCS[3]                                                                           2.124        0.000                      0                   34        0.092        0.000                      0                   34        1.277        0.000                       0                    15  
    rxoutclk_out[0]                                                                                        1.015        0.000                      0                  969        0.056        0.000                      0                  969        0.454        0.000                       0                   666  
    txoutclk_out[0]                                                                                        0.236        0.000                      0                10561        0.016        0.000                      0                10561        0.543        0.000                       0                  3360  


------------------------------------------------------------------------------------------------
| Inter Clock Table
| -----------------
------------------------------------------------------------------------------------------------

From Clock                                                                                           To Clock                                                                                                 WNS(ns)      TNS(ns)  TNS Failing Endpoints  TNS Total Endpoints      WHS(ns)      THS(ns)  THS Failing Endpoints  THS Total Endpoints  
----------                                                                                           --------                                                                                                 -------      -------  ---------------------  -------------------      -------      -------  ---------------------  -------------------  
mmcm_clkout5                                                                                         mmcm_clkout0                                                                                               1.700        0.000                      0                   28                                                                        
mmcm_clkout6                                                                                         mmcm_clkout0                                                                                               0.668        0.000                      0                  133                                                                        
clk_125_mmcm                                                                                         mmcm_clkout0                                                                                               7.435        0.000                      0                    8                                                                        
clk_core_mmcm                                                                                        mmcm_clkout0                                                                                               3.397        0.000                      0                   11                                                                        
mmcm_clkout0                                                                                         pll_clk[0]_DIV                                                                                             0.652        0.000                      0                  352        0.662        0.000                      0                  352  
mmcm_clkout0                                                                                         pll_clk[1]_DIV                                                                                             0.787        0.000                      0                  224        0.693        0.000                      0                  224  
mmcm_clkout0                                                                                         pll_clk[2]_DIV                                                                                             0.748        0.000                      0                  352        0.637        0.000                      0                  352  
mmcm_clkout0                                                                                         mmcm_clkout5                                                                                              10.775        0.000                      0                   10                                                                        
dbg_hub/inst/BSCANID.u_xsdbm_id/SWITCH_N_EXT_BSCAN.bscan_inst/SERIES7_BSCAN.bscan_inst/INTERNAL_TCK  mmcm_clkout5                                                                                              49.604        0.000                      0                    8                                                                        
mmcm_clkout0                                                                                         mmcm_clkout6                                                                                               1.899        0.000                      0                   36        0.183        0.000                      0                    1  
mmcm_clkout0                                                                                         clk_125_mmcm                                                                                               2.865        0.000                      0                    8                                                                        
mmcm_clkout0                                                                                         clk_core_mmcm                                                                                              2.713        0.000                      0                   11                                                                        
txoutclk_out[0]                                                                                      clk_core_mmcm                                                                                              2.059        0.000                      0                   27                                                                        
mmcm_clkout5                                                                                         dbg_hub/inst/BSCANID.u_xsdbm_id/SWITCH_N_EXT_BSCAN.bscan_inst/SERIES7_BSCAN.bscan_inst/INTERNAL_TCK       12.854        0.000                      0                    8                                                                        
clk_core_mmcm                                                                                        txoutclk_out[0]                                                                                            3.135        0.000                      0                   26                                                                        


------------------------------------------------------------------------------------------------
| Other Path Groups Table
| -----------------------
------------------------------------------------------------------------------------------------

Path Group                                                                                           From Clock                                                                                           To Clock                                                                                                 WNS(ns)      TNS(ns)  TNS Failing Endpoints  TNS Total Endpoints      WHS(ns)      THS(ns)  THS Failing Endpoints  THS Total Endpoints  
----------                                                                                           ----------                                                                                           --------                                                                                                 -------      -------  ---------------------  -------------------      -------      -------  ---------------------  -------------------  
**async_default**                                                                                    clk_125_mmcm                                                                                         clk_125_mmcm                                                                                               6.492        0.000                      0                    1        0.607        0.000                      0                    1  
**async_default**                                                                                    clk_core_mmcm                                                                                        clk_core_mmcm                                                                                              0.929        0.000                      0                    2        0.333        0.000                      0                    2  
**async_default**                                                                                    dbg_hub/inst/BSCANID.u_xsdbm_id/SWITCH_N_EXT_BSCAN.bscan_inst/SERIES7_BSCAN.bscan_inst/INTERNAL_TCK  dbg_hub/inst/BSCANID.u_xsdbm_id/SWITCH_N_EXT_BSCAN.bscan_inst/SERIES7_BSCAN.bscan_inst/INTERNAL_TCK       47.452        0.000                      0                  100        0.121        0.000                      0                  100  
**async_default**                                                                                    mmcm_clkout0                                                                                         mmcm_clkout0                                                                                               0.688        0.000                      0                    1        1.106        0.000                      0                    1  
**async_default**                                                                                    mmcm_clkout5                                                                                         mmcm_clkout5                                                                                              12.149        0.000                      0                  111        0.134        0.000                      0                  111  
**async_default**                                                                                    txoutclk_out[0]                                                                                      txoutclk_out[0]                                                                                            1.588        0.000                      0                    2        0.480        0.000                      0                    2  


------------------------------------------------------------------------------------------------
| Timing Details
| --------------
------------------------------------------------------------------------------------------------


---------------------------------------------------------------------------------------------------
From Clock:  c0_sys_clk_p
  To Clock:  c0_sys_clk_p

Setup :            0  Failing Endpoints,  Worst Slack        2.515ns,  Total Violation        0.000ns
Hold  :            0  Failing Endpoints,  Worst Slack        0.059ns,  Total Violation        0.000ns
PW    :            0  Failing Endpoints,  Worst Slack        0.750ns,  Total Violation        0.000ns
---------------------------------------------------------------------------------------------------


Max Delay Paths
--------------------------------------------------------------------------------------
Slack (MET) :             2.515ns  (required time - arrival time)
  Source:                 core_inst/ddr_inst/u_ddr4/inst/u_ddr4_infrastructure/rst_input_sync_r_reg[3]/C
                            (rising edge-triggered cell FDRE clocked by c0_sys_clk_p  {rise@0.000ns fall@2.499ns period=4.998ns})
  Destination:            core_inst/ddr_inst/u_ddr4/inst/u_ddr4_infrastructure/counter_input_rst_reg[0]/R
                            (rising edge-triggered cell FDRE clocked by c0_sys_clk_p  {rise@0.000ns fall@2.499ns period=4.998ns})
  Path Group:             c0_sys_clk_p
  Path Type:              Setup (Max at Slow Process Corner)
  Requirement:            4.998ns  (c0_sys_clk_p rise@4.998ns - c0_sys_clk_p rise@0.000ns)
  Data Path Delay:        2.265ns  (logic 0.118ns (5.209%)  route 2.147ns (94.791%))
  Logic Levels:           1  (LUT5=1)
  Clock Path Skew:        -0.108ns (DCD - SCD + CPR)
    Destination Clock Delay (DCD):    1.922ns = ( 6.920 - 4.998 ) 
    Source Clock Delay      (SCD):    2.215ns
    Clock Pessimism Removal (CPR):    0.185ns
  Clock Uncertainty:      0.035ns  ((TSJ^2 + TIJ^2)^1/2 + DJ) / 2 + PE
    Total System Jitter     (TSJ):    0.071ns
    Total Input Jitter      (TIJ):    0.000ns
    Discrete Jitter          (DJ):    0.000ns
    Phase Error              (PE):    0.000ns
  Clock Net Delay (Source):      1.165ns (routing 0.171ns, distribution 0.994ns)
  Clock Net Delay (Destination): 1.041ns (routing 0.155ns, distribution 0.886ns)

    Location             Delay type                Incr(ns)  Path(ns)    Netlist Resource(s)
  -------------------------------------------------------------------    -------------------
                         (clock c0_sys_clk_p rise edge)
                                                      0.000     0.000 r  
    G13                                               0.000     0.000 r  c0_sys_clk_p (IN)
                         net (fo=0)                   0.100     0.100    core_inst/ddr_inst/u_ddr4/inst/u_ddr4_mem_intfc/u_mig_ddr4_phy/inst/u_ddr4_phy_pll/diff_input_clk.u_ibufg_sys_clk/I
    HPIOBDIFFINBUF_X0Y108
                         DIFFINBUF (Prop_DIFFINBUF_HPIOBDIFFINBUF_DIFF_IN_P_O)
                                                      0.549     0.649 r  core_inst/ddr_inst/u_ddr4/inst/u_ddr4_mem_intfc/u_mig_ddr4_phy/inst/u_ddr4_phy_pll/diff_input_clk.u_ibufg_sys_clk/DIFFINBUF_INST/O
                         net (fo=1, routed)           0.050     0.699    core_inst/ddr_inst/u_ddr4/inst/u_ddr4_mem_intfc/u_mig_ddr4_phy/inst/u_ddr4_phy_pll/diff_input_clk.u_ibufg_sys_clk/OUT
    G13                  IBUFCTRL (Prop_IBUFCTRL_HPIOB_M_I_O)
                                                      0.000     0.699 r  core_inst/ddr_inst/u_ddr4/inst/u_ddr4_mem_intfc/u_mig_ddr4_phy/inst/u_ddr4_phy_pll/diff_input_clk.u_ibufg_sys_clk/IBUFCTRL_INST/O
                         net (fo=2, routed)           0.323     1.022    core_inst/ddr_inst/u_ddr4/inst/u_ddr4_infrastructure/sys_clk_in
    BUFGCE_X0Y117        BUFGCE (Prop_BUFCE_BUFGCE_I_O)
                                                      0.028     1.050 r  core_inst/ddr_inst/u_ddr4/inst/u_ddr4_infrastructure/u_bufg_inst/O
    X4Y4 (CLOCK_ROOT)    net (fo=17, routed)          1.165     2.215    core_inst/ddr_inst/u_ddr4/inst/u_ddr4_infrastructure/sys_clk_in_bufg
    SLICE_X81Y181        FDRE                                         r  core_inst/ddr_inst/u_ddr4/inst/u_ddr4_infrastructure/rst_input_sync_r_reg[3]/C
  -------------------------------------------------------------------    -------------------
    SLICE_X81Y181        FDRE (Prop_DFF2_SLICEL_C_Q)
                                                      0.081     2.296 r  core_inst/ddr_inst/u_ddr4/inst/u_ddr4_infrastructure/rst_input_sync_r_reg[3]/Q
                         net (fo=4, routed)           1.903     4.199    core_inst/ddr_inst/u_ddr4/inst/u_ddr4_infrastructure/rst_input_sync_r[3]
    SLICE_X96Y275        LUT5 (Prop_G6LUT_SLICEM_I0_O)
                                                      0.037     4.236 r  core_inst/ddr_inst/u_ddr4/inst/u_ddr4_infrastructure/counter_input_rst[6]_i_1/O
                         net (fo=4, routed)           0.244     4.480    core_inst/ddr_inst/u_ddr4/inst/u_ddr4_infrastructure/counter_input_rst[6]_i_1_n_0
    SLICE_X96Y275        FDRE                                         r  core_inst/ddr_inst/u_ddr4/inst/u_ddr4_infrastructure/counter_input_rst_reg[0]/R
  -------------------------------------------------------------------    -------------------

                         (clock c0_sys_clk_p rise edge)
                                                      4.998     4.998 r  
    G13                                               0.000     4.998 r  c0_sys_clk_p (IN)
                         net (fo=0)                   0.079     5.077    core_inst/ddr_inst/u_ddr4/inst/u_ddr4_mem_intfc/u_mig_ddr4_phy/inst/u_ddr4_phy_pll/diff_input_clk.u_ibufg_sys_clk/I
    HPIOBDIFFINBUF_X0Y108
                         DIFFINBUF (Prop_DIFFINBUF_HPIOBDIFFINBUF_DIFF_IN_P_O)
                                                      0.453     5.530 r  core_inst/ddr_inst/u_ddr4/inst/u_ddr4_mem_intfc/u_mig_ddr4_phy/inst/u_ddr4_phy_pll/diff_input_clk.u_ibufg_sys_clk/DIFFINBUF_INST/O
                         net (fo=1, routed)           0.040     5.570    core_inst/ddr_inst/u_ddr4/inst/u_ddr4_mem_intfc/u_mig_ddr4_phy/inst/u_ddr4_phy_pll/diff_input_clk.u_ibufg_sys_clk/OUT
    G13                  IBUFCTRL (Prop_IBUFCTRL_HPIOB_M_I_O)
                                                      0.000     5.570 r  core_inst/ddr_inst/u_ddr4/inst/u_ddr4_mem_intfc/u_mig_ddr4_phy/inst/u_ddr4_phy_pll/diff_input_clk.u_ibufg_sys_clk/IBUFCTRL_INST/O
                         net (fo=2, routed)           0.286     5.856    core_inst/ddr_inst/u_ddr4/inst/u_ddr4_infrastructure/sys_clk_in
    BUFGCE_X0Y117        BUFGCE (Prop_BUFCE_BUFGCE_I_O)
                                                      0.024     5.880 r  core_inst/ddr_inst/u_ddr4/inst/u_ddr4_infrastructure/u_bufg_inst/O
    X4Y4 (CLOCK_ROOT)    net (fo=17, routed)          1.041     6.920    core_inst/ddr_inst/u_ddr4/inst/u_ddr4_infrastructure/sys_clk_in_bufg
    SLICE_X96Y275        FDRE                                         r  core_inst/ddr_inst/u_ddr4/inst/u_ddr4_infrastructure/counter_input_rst_reg[0]/C
                         clock pessimism              0.185     7.105    
                         clock uncertainty           -0.035     7.070    
    SLICE_X96Y275        FDRE (Setup_BFF2_SLICEM_C_R)
                                                     -0.074     6.996    core_inst/ddr_inst/u_ddr4/inst/u_ddr4_infrastructure/counter_input_rst_reg[0]
  -------------------------------------------------------------------
                         required time                          6.996    
                         arrival time                          -4.480    
  -------------------------------------------------------------------
                         slack                                  2.515    





Min Delay Paths
--------------------------------------------------------------------------------------
Slack (MET) :             0.059ns  (arrival time - required time)
  Source:                 core_inst/ddr_inst/u_ddr4/inst/u_ddr4_infrastructure/counter_input_rst_reg[6]/C
                            (rising edge-triggered cell FDRE clocked by c0_sys_clk_p  {rise@0.000ns fall@2.499ns period=4.998ns})
  Destination:            core_inst/ddr_inst/u_ddr4/inst/u_ddr4_infrastructure/counter_input_rst_reg[5]/D
                            (rising edge-triggered cell FDSE clocked by c0_sys_clk_p  {rise@0.000ns fall@2.499ns period=4.998ns})
  Path Group:             c0_sys_clk_p
  Path Type:              Hold (Min at Fast Process Corner)
  Requirement:            0.000ns  (c0_sys_clk_p rise@0.000ns - c0_sys_clk_p rise@0.000ns)
  Data Path Delay:        0.125ns  (logic 0.062ns (49.720%)  route 0.063ns (50.280%))
  Logic Levels:           1  (LUT4=1)
  Clock Path Skew:        0.019ns (DCD - SCD - CPR)
    Destination Clock Delay (DCD):    1.528ns
    Source Clock Delay      (SCD):    1.264ns
    Clock Pessimism Removal (CPR):    0.245ns
  Clock Net Delay (Source):      0.677ns (routing 0.096ns, distribution 0.581ns)
  Clock Net Delay (Destination): 0.772ns (routing 0.108ns, distribution 0.664ns)

    Location             Delay type                Incr(ns)  Path(ns)    Netlist Resource(s)
  -------------------------------------------------------------------    -------------------
                         (clock c0_sys_clk_p rise edge)
                                                      0.000     0.000 r  
    G13                                               0.000     0.000 r  c0_sys_clk_p (IN)
                         net (fo=0)                   0.079     0.079    core_inst/ddr_inst/u_ddr4/inst/u_ddr4_mem_intfc/u_mig_ddr4_phy/inst/u_ddr4_phy_pll/diff_input_clk.u_ibufg_sys_clk/I
    HPIOBDIFFINBUF_X0Y108
                         DIFFINBUF (Prop_DIFFINBUF_HPIOBDIFFINBUF_DIFF_IN_P_O)
                                                      0.308     0.387 r  core_inst/ddr_inst/u_ddr4/inst/u_ddr4_mem_intfc/u_mig_ddr4_phy/inst/u_ddr4_phy_pll/diff_input_clk.u_ibufg_sys_clk/DIFFINBUF_INST/O
                         net (fo=1, routed)           0.040     0.427    core_inst/ddr_inst/u_ddr4/inst/u_ddr4_mem_intfc/u_mig_ddr4_phy/inst/u_ddr4_phy_pll/diff_input_clk.u_ibufg_sys_clk/OUT
    G13                  IBUFCTRL (Prop_IBUFCTRL_HPIOB_M_I_O)
                                                      0.000     0.427 r  core_inst/ddr_inst/u_ddr4/inst/u_ddr4_mem_intfc/u_mig_ddr4_phy/inst/u_ddr4_phy_pll/diff_input_clk.u_ibufg_sys_clk/IBUFCTRL_INST/O
                         net (fo=2, routed)           0.144     0.571    core_inst/ddr_inst/u_ddr4/inst/u_ddr4_infrastructure/sys_clk_in
    BUFGCE_X0Y117        BUFGCE (Prop_BUFCE_BUFGCE_I_O)
                                                      0.017     0.588 r  core_inst/ddr_inst/u_ddr4/inst/u_ddr4_infrastructure/u_bufg_inst/O
    X4Y4 (CLOCK_ROOT)    net (fo=17, routed)          0.677     1.264    core_inst/ddr_inst/u_ddr4/inst/u_ddr4_infrastructure/sys_clk_in_bufg
    SLICE_X96Y275        FDRE                                         r  core_inst/ddr_inst/u_ddr4/inst/u_ddr4_infrastructure/counter_input_rst_reg[6]/C
  -------------------------------------------------------------------    -------------------
    SLICE_X96Y275        FDRE (Prop_DFF2_SLICEM_C_Q)
                                                      0.041     1.305 r  core_inst/ddr_inst/u_ddr4/inst/u_ddr4_infrastructure/counter_input_rst_reg[6]/Q
                         net (fo=7, routed)           0.057     1.362    core_inst/ddr_inst/u_ddr4/inst/u_ddr4_infrastructure/counter_input_rst[6]
    SLICE_X96Y276        LUT4 (Prop_H5LUT_SLICEM_I3_O)
                                                      0.021     1.383 r  core_inst/ddr_inst/u_ddr4/inst/u_ddr4_infrastructure/counter_input_rst[5]_i_1/O
                         net (fo=1, routed)           0.006     1.389    core_inst/ddr_inst/u_ddr4/inst/u_ddr4_infrastructure/counter_input_rst[5]_i_1_n_0
    SLICE_X96Y276        FDSE                                         r  core_inst/ddr_inst/u_ddr4/inst/u_ddr4_infrastructure/counter_input_rst_reg[5]/D
  -------------------------------------------------------------------    -------------------

                         (clock c0_sys_clk_p rise edge)
                                                      0.000     0.000 r  
    G13                                               0.000     0.000 r  c0_sys_clk_p (IN)
                         net (fo=0)                   0.100     0.100    core_inst/ddr_inst/u_ddr4/inst/u_ddr4_mem_intfc/u_mig_ddr4_phy/inst/u_ddr4_phy_pll/diff_input_clk.u_ibufg_sys_clk/I
    HPIOBDIFFINBUF_X0Y108
                         DIFFINBUF (Prop_DIFFINBUF_HPIOBDIFFINBUF_DIFF_IN_P_O)
                                                      0.406     0.506 r  core_inst/ddr_inst/u_ddr4/inst/u_ddr4_mem_intfc/u_mig_ddr4_phy/inst/u_ddr4_phy_pll/diff_input_clk.u_ibufg_sys_clk/DIFFINBUF_INST/O
                         net (fo=1, routed)           0.050     0.556    core_inst/ddr_inst/u_ddr4/inst/u_ddr4_mem_intfc/u_mig_ddr4_phy/inst/u_ddr4_phy_pll/diff_input_clk.u_ibufg_sys_clk/OUT
    G13                  IBUFCTRL (Prop_IBUFCTRL_HPIOB_M_I_O)
                                                      0.000     0.556 r  core_inst/ddr_inst/u_ddr4/inst/u_ddr4_mem_intfc/u_mig_ddr4_phy/inst/u_ddr4_phy_pll/diff_input_clk.u_ibufg_sys_clk/IBUFCTRL_INST/O
                         net (fo=2, routed)           0.181     0.737    core_inst/ddr_inst/u_ddr4/inst/u_ddr4_infrastructure/sys_clk_in
    BUFGCE_X0Y117        BUFGCE (Prop_BUFCE_BUFGCE_I_O)
                                                      0.019     0.756 r  core_inst/ddr_inst/u_ddr4/inst/u_ddr4_infrastructure/u_bufg_inst/O
    X4Y4 (CLOCK_ROOT)    net (fo=17, routed)          0.772     1.528    core_inst/ddr_inst/u_ddr4/inst/u_ddr4_infrastructure/sys_clk_in_bufg
    SLICE_X96Y276        FDSE                                         r  core_inst/ddr_inst/u_ddr4/inst/u_ddr4_infrastructure/counter_input_rst_reg[5]/C
                         clock pessimism             -0.245     1.283    
    SLICE_X96Y276        FDSE (Hold_HFF2_SLICEM_C_D)
                                                      0.047     1.330    core_inst/ddr_inst/u_ddr4/inst/u_ddr4_infrastructure/counter_input_rst_reg[5]
  -------------------------------------------------------------------
                         required time                         -1.330    
                         arrival time                           1.389    
  -------------------------------------------------------------------
                         slack                                  0.059    





Pulse Width Checks
--------------------------------------------------------------------------------------
Clock Name:         c0_sys_clk_p
Waveform(ns):       { 0.000 2.499 }
Period(ns):         4.998
Sources:            { c0_sys_clk_p }

Check Type        Corner  Lib Pin            Reference Pin  Required(ns)  Actual(ns)  Slack(ns)  Location       Pin
Min Period        n/a     BUFGCE/I           n/a            1.290         4.998       3.708      BUFGCE_X0Y117  core_inst/ddr_inst/u_ddr4/inst/u_ddr4_infrastructure/u_bufg_inst/I
Max Period        n/a     MMCME4_ADV/CLKIN1  n/a            100.000       4.998       95.002     MMCM_X0Y4      core_inst/ddr_inst/u_ddr4/inst/u_ddr4_infrastructure/gen_mmcme4.u_mmcme_adv_inst/CLKIN1
Low Pulse Width   Slow    MMCME4_ADV/CLKIN1  n/a            1.749         2.499       0.750      MMCM_X0Y4      core_inst/ddr_inst/u_ddr4/inst/u_ddr4_infrastructure/gen_mmcme4.u_mmcme_adv_inst/CLKIN1
High Pulse Width  Slow    MMCME4_ADV/CLKIN1  n/a            1.749         2.499       0.750      MMCM_X0Y4      core_inst/ddr_inst/u_ddr4/inst/u_ddr4_infrastructure/gen_mmcme4.u_mmcme_adv_inst/CLKIN1



---------------------------------------------------------------------------------------------------
From Clock:  mmcm_clkout0
  To Clock:  mmcm_clkout0

Setup :            0  Failing Endpoints,  Worst Slack        0.167ns,  Total Violation        0.000ns
Hold  :            0  Failing Endpoints,  Worst Slack        0.012ns,  Total Violation        0.000ns
PW    :            0  Failing Endpoints,  Worst Slack        0.500ns,  Total Violation        0.000ns
---------------------------------------------------------------------------------------------------


Max Delay Paths
--------------------------------------------------------------------------------------
Slack (MET) :             0.167ns  (required time - arrival time)
  Source:                 core_inst/ddr_inst/u_ddr4/inst/u_ddr4_mem_intfc/u_ddr_cal_top/u_ddr_cal/u_ddr_cal_addr_decode/rst_r1_reg/C
                            (rising edge-triggered cell FDRE clocked by mmcm_clkout0  {rise@0.000ns fall@1.666ns period=3.332ns})
  Destination:            core_inst/ddr_inst/u_ddr4/inst/u_ddr4_mem_intfc/u_ddr_cal_top/u_ddr_cal/lowCL0_reg[19]/R
                            (rising edge-triggered cell FDRE clocked by mmcm_clkout0  {rise@0.000ns fall@1.666ns period=3.332ns})
  Path Group:             mmcm_clkout0
  Path Type:              Setup (Max at Slow Process Corner)
  Requirement:            3.332ns  (mmcm_clkout0 rise@3.332ns - mmcm_clkout0 rise@0.000ns)
  Data Path Delay:        2.945ns  (logic 0.079ns (2.683%)  route 2.866ns (97.317%))
  Logic Levels:           0  
  Clock Path Skew:        -0.094ns (DCD - SCD + CPR)
    Destination Clock Delay (DCD):    2.832ns = ( 6.164 - 3.332 ) 
    Source Clock Delay      (SCD):    2.451ns
    Clock Pessimism Removal (CPR):    -0.475ns
  Clock Uncertainty:      0.052ns  ((TSJ^2 + DJ^2)^1/2) / 2 + PE
    Total System Jitter     (TSJ):    0.071ns
    Discrete Jitter          (DJ):    0.077ns
    Phase Error              (PE):    0.000ns
  Clock Net Delay (Source):      1.222ns (routing 0.171ns, distribution 1.051ns)
  Clock Net Delay (Destination): 1.058ns (routing 0.155ns, distribution 0.903ns)

    Location             Delay type                Incr(ns)  Path(ns)    Netlist Resource(s)
  -------------------------------------------------------------------    -------------------
                         (clock mmcm_clkout0 rise edge)
                                                      0.000     0.000 r  
    G13                                               0.000     0.000 r  c0_sys_clk_p (IN)
                         net (fo=0)                   0.100     0.100    core_inst/ddr_inst/u_ddr4/inst/u_ddr4_mem_intfc/u_mig_ddr4_phy/inst/u_ddr4_phy_pll/diff_input_clk.u_ibufg_sys_clk/I
    HPIOBDIFFINBUF_X0Y108
                         DIFFINBUF (Prop_DIFFINBUF_HPIOBDIFFINBUF_DIFF_IN_P_O)
                                                      0.549     0.649 r  core_inst/ddr_inst/u_ddr4/inst/u_ddr4_mem_intfc/u_mig_ddr4_phy/inst/u_ddr4_phy_pll/diff_input_clk.u_ibufg_sys_clk/DIFFINBUF_INST/O
                         net (fo=1, routed)           0.050     0.699    core_inst/ddr_inst/u_ddr4/inst/u_ddr4_mem_intfc/u_mig_ddr4_phy/inst/u_ddr4_phy_pll/diff_input_clk.u_ibufg_sys_clk/OUT
    G13                  IBUFCTRL (Prop_IBUFCTRL_HPIOB_M_I_O)
                                                      0.000     0.699 r  core_inst/ddr_inst/u_ddr4/inst/u_ddr4_mem_intfc/u_mig_ddr4_phy/inst/u_ddr4_phy_pll/diff_input_clk.u_ibufg_sys_clk/IBUFCTRL_INST/O
                         net (fo=2, routed)           0.384     1.083    core_inst/ddr_inst/u_ddr4/inst/u_ddr4_infrastructure/mmcm_clk_in
    MMCM_X0Y4            MMCME4_ADV (Prop_MMCM_CLKIN1_CLKOUT0)
                                                     -0.127     0.956 r  core_inst/ddr_inst/u_ddr4/inst/u_ddr4_infrastructure/gen_mmcme4.u_mmcme_adv_inst/CLKOUT0
                         net (fo=1, routed)           0.245     1.201    core_inst/ddr_inst/u_ddr4/inst/u_ddr4_infrastructure/mmcm_clkout0
    BUFGCE_X0Y118        BUFGCE (Prop_BUFCE_BUFGCE_I_O)
                                                      0.028     1.229 r  core_inst/ddr_inst/u_ddr4/inst/u_ddr4_infrastructure/u_bufg_divClk/O
    X4Y4 (CLOCK_ROOT)    net (fo=25358, routed)       1.222     2.451    core_inst/ddr_inst/u_ddr4/inst/u_ddr4_mem_intfc/u_ddr_cal_top/u_ddr_cal/u_ddr_cal_addr_decode/odt_shift_reg[0][17]
    SLICE_X95Y220        FDRE                                         r  core_inst/ddr_inst/u_ddr4/inst/u_ddr4_mem_intfc/u_ddr_cal_top/u_ddr_cal/u_ddr_cal_addr_decode/rst_r1_reg/C
  -------------------------------------------------------------------    -------------------
    SLICE_X95Y220        FDRE (Prop_BFF_SLICEL_C_Q)
                                                      0.079     2.530 r  core_inst/ddr_inst/u_ddr4/inst/u_ddr4_mem_intfc/u_ddr_cal_top/u_ddr_cal/u_ddr_cal_addr_decode/rst_r1_reg/Q
                         net (fo=943, routed)         2.866     5.396    core_inst/ddr_inst/u_ddr4/inst/u_ddr4_mem_intfc/u_ddr_cal_top/u_ddr_cal/rst_r1_reg_0
    SLICE_X90Y199        FDRE                                         r  core_inst/ddr_inst/u_ddr4/inst/u_ddr4_mem_intfc/u_ddr_cal_top/u_ddr_cal/lowCL0_reg[19]/R
  -------------------------------------------------------------------    -------------------

                         (clock mmcm_clkout0 rise edge)
                                                      3.332     3.332 r  
    G13                                               0.000     3.332 r  c0_sys_clk_p (IN)
                         net (fo=0)                   0.079     3.411    core_inst/ddr_inst/u_ddr4/inst/u_ddr4_mem_intfc/u_mig_ddr4_phy/inst/u_ddr4_phy_pll/diff_input_clk.u_ibufg_sys_clk/I
    HPIOBDIFFINBUF_X0Y108
                         DIFFINBUF (Prop_DIFFINBUF_HPIOBDIFFINBUF_DIFF_IN_P_O)
                                                      0.453     3.864 r  core_inst/ddr_inst/u_ddr4/inst/u_ddr4_mem_intfc/u_mig_ddr4_phy/inst/u_ddr4_phy_pll/diff_input_clk.u_ibufg_sys_clk/DIFFINBUF_INST/O
                         net (fo=1, routed)           0.040     3.904    core_inst/ddr_inst/u_ddr4/inst/u_ddr4_mem_intfc/u_mig_ddr4_phy/inst/u_ddr4_phy_pll/diff_input_clk.u_ibufg_sys_clk/OUT
    G13                  IBUFCTRL (Prop_IBUFCTRL_HPIOB_M_I_O)
                                                      0.000     3.904 r  core_inst/ddr_inst/u_ddr4/inst/u_ddr4_mem_intfc/u_mig_ddr4_phy/inst/u_ddr4_phy_pll/diff_input_clk.u_ibufg_sys_clk/IBUFCTRL_INST/O
                         net (fo=2, routed)           0.333     4.237    core_inst/ddr_inst/u_ddr4/inst/u_ddr4_infrastructure/mmcm_clk_in
    MMCM_X0Y4            MMCME4_ADV (Prop_MMCM_CLKIN1_CLKOUT0)
                                                      0.630     4.867 r  core_inst/ddr_inst/u_ddr4/inst/u_ddr4_infrastructure/gen_mmcme4.u_mmcme_adv_inst/CLKOUT0
                         net (fo=1, routed)           0.215     5.082    core_inst/ddr_inst/u_ddr4/inst/u_ddr4_infrastructure/mmcm_clkout0
    BUFGCE_X0Y118        BUFGCE (Prop_BUFCE_BUFGCE_I_O)
                                                      0.024     5.106 r  core_inst/ddr_inst/u_ddr4/inst/u_ddr4_infrastructure/u_bufg_divClk/O
    X4Y4 (CLOCK_ROOT)    net (fo=25358, routed)       1.058     6.164    core_inst/ddr_inst/u_ddr4/inst/u_ddr4_mem_intfc/u_ddr_cal_top/u_ddr_cal/SYNC[0].sync_reg_reg[1]_1
    SLICE_X90Y199        FDRE                                         r  core_inst/ddr_inst/u_ddr4/inst/u_ddr4_mem_intfc/u_ddr_cal_top/u_ddr_cal/lowCL0_reg[19]/C
                         clock pessimism             -0.475     5.689    
                         clock uncertainty           -0.052     5.637    
    SLICE_X90Y199        FDRE (Setup_HFF2_SLICEM_C_R)
                                                     -0.074     5.563    core_inst/ddr_inst/u_ddr4/inst/u_ddr4_mem_intfc/u_ddr_cal_top/u_ddr_cal/lowCL0_reg[19]
  -------------------------------------------------------------------
                         required time                          5.563    
                         arrival time                          -5.396    
  -------------------------------------------------------------------
                         slack                                  0.167    





Min Delay Paths
--------------------------------------------------------------------------------------
Slack (MET) :             0.012ns  (arrival time - required time)
  Source:                 core_inst/ddr_inst/u_ddr4/inst/u_ddr4_mem_intfc/u_ddr_cal_top/u_ddr_mc_pi/u_ddr_mc_read/read_lat_shift_reg[24]/C
                            (rising edge-triggered cell FDRE clocked by mmcm_clkout0  {rise@0.000ns fall@1.666ns period=3.332ns})
  Destination:            core_inst/ddr_inst/u_ddr4/inst/u_ddr4_mem_intfc/u_ddr_cal_top/u_ddr_mc_pi/u_ddr_mc_read/read_lat_shift_reg[25]/D
                            (rising edge-triggered cell FDRE clocked by mmcm_clkout0  {rise@0.000ns fall@1.666ns period=3.332ns})
  Path Group:             mmcm_clkout0
  Path Type:              Hold (Min at Slow Process Corner)
  Requirement:            0.000ns  (mmcm_clkout0 rise@0.000ns - mmcm_clkout0 rise@0.000ns)
  Data Path Delay:        0.150ns  (logic 0.059ns (39.333%)  route 0.091ns (60.667%))
  Logic Levels:           0  
  Clock Path Skew:        0.078ns (DCD - SCD - CPR)
    Destination Clock Delay (DCD):    2.427ns
    Source Clock Delay      (SCD):    2.824ns
    Clock Pessimism Removal (CPR):    -0.475ns
  Clock Net Delay (Source):      1.051ns (routing 0.155ns, distribution 0.896ns)
  Clock Net Delay (Destination): 1.198ns (routing 0.171ns, distribution 1.027ns)

    Location             Delay type                Incr(ns)  Path(ns)    Netlist Resource(s)
  -------------------------------------------------------------------    -------------------
                         (clock mmcm_clkout0 rise edge)
                                                      0.000     0.000 r  
    G13                                               0.000     0.000 r  c0_sys_clk_p (IN)
                         net (fo=0)                   0.079     0.079    core_inst/ddr_inst/u_ddr4/inst/u_ddr4_mem_intfc/u_mig_ddr4_phy/inst/u_ddr4_phy_pll/diff_input_clk.u_ibufg_sys_clk/I
    HPIOBDIFFINBUF_X0Y108
                         DIFFINBUF (Prop_DIFFINBUF_HPIOBDIFFINBUF_DIFF_IN_P_O)
                                                      0.453     0.532 r  core_inst/ddr_inst/u_ddr4/inst/u_ddr4_mem_intfc/u_mig_ddr4_phy/inst/u_ddr4_phy_pll/diff_input_clk.u_ibufg_sys_clk/DIFFINBUF_INST/O
                         net (fo=1, routed)           0.040     0.572    core_inst/ddr_inst/u_ddr4/inst/u_ddr4_mem_intfc/u_mig_ddr4_phy/inst/u_ddr4_phy_pll/diff_input_clk.u_ibufg_sys_clk/OUT
    G13                  IBUFCTRL (Prop_IBUFCTRL_HPIOB_M_I_O)
                                                      0.000     0.572 r  core_inst/ddr_inst/u_ddr4/inst/u_ddr4_mem_intfc/u_mig_ddr4_phy/inst/u_ddr4_phy_pll/diff_input_clk.u_ibufg_sys_clk/IBUFCTRL_INST/O
                         net (fo=2, routed)           0.333     0.905    core_inst/ddr_inst/u_ddr4/inst/u_ddr4_infrastructure/mmcm_clk_in
    MMCM_X0Y4            MMCME4_ADV (Prop_MMCM_CLKIN1_CLKOUT0)
                                                      0.630     1.535 r  core_inst/ddr_inst/u_ddr4/inst/u_ddr4_infrastructure/gen_mmcme4.u_mmcme_adv_inst/CLKOUT0
                         net (fo=1, routed)           0.215     1.750    core_inst/ddr_inst/u_ddr4/inst/u_ddr4_infrastructure/mmcm_clkout0
    BUFGCE_X0Y118        BUFGCE (Prop_BUFCE_BUFGCE_I_O)
                                                      0.024     1.774 r  core_inst/ddr_inst/u_ddr4/inst/u_ddr4_infrastructure/u_bufg_divClk/O
    X4Y4 (CLOCK_ROOT)    net (fo=25358, routed)       1.051     2.824    core_inst/ddr_inst/u_ddr4/inst/u_ddr4_mem_intfc/u_ddr_cal_top/u_ddr_mc_pi/u_ddr_mc_read/rdDataAddr_reg[3]_rep__1_1
    SLICE_X95Y258        FDRE                                         r  core_inst/ddr_inst/u_ddr4/inst/u_ddr4_mem_intfc/u_ddr_cal_top/u_ddr_mc_pi/u_ddr_mc_read/read_lat_shift_reg[24]/C
  -------------------------------------------------------------------    -------------------
    SLICE_X95Y258        FDRE (Prop_HFF2_SLICEL_C_Q)
                                                      0.059     2.883 r  core_inst/ddr_inst/u_ddr4/inst/u_ddr4_mem_intfc/u_ddr_cal_top/u_ddr_mc_pi/u_ddr_mc_read/read_lat_shift_reg[24]/Q
                         net (fo=2, routed)           0.091     2.974    core_inst/ddr_inst/u_ddr4/inst/u_ddr4_mem_intfc/u_ddr_cal_top/u_ddr_mc_pi/u_ddr_mc_read/read_lat_shift_reg[31]_0[24]
    SLICE_X96Y258        FDRE                                         r  core_inst/ddr_inst/u_ddr4/inst/u_ddr4_mem_intfc/u_ddr_cal_top/u_ddr_mc_pi/u_ddr_mc_read/read_lat_shift_reg[25]/D
  -------------------------------------------------------------------    -------------------

                         (clock mmcm_clkout0 rise edge)
                                                      0.000     0.000 r  
    G13                                               0.000     0.000 r  c0_sys_clk_p (IN)
                         net (fo=0)                   0.100     0.100    core_inst/ddr_inst/u_ddr4/inst/u_ddr4_mem_intfc/u_mig_ddr4_phy/inst/u_ddr4_phy_pll/diff_input_clk.u_ibufg_sys_clk/I
    HPIOBDIFFINBUF_X0Y108
                         DIFFINBUF (Prop_DIFFINBUF_HPIOBDIFFINBUF_DIFF_IN_P_O)
                                                      0.549     0.649 r  core_inst/ddr_inst/u_ddr4/inst/u_ddr4_mem_intfc/u_mig_ddr4_phy/inst/u_ddr4_phy_pll/diff_input_clk.u_ibufg_sys_clk/DIFFINBUF_INST/O
                         net (fo=1, routed)           0.050     0.699    core_inst/ddr_inst/u_ddr4/inst/u_ddr4_mem_intfc/u_mig_ddr4_phy/inst/u_ddr4_phy_pll/diff_input_clk.u_ibufg_sys_clk/OUT
    G13                  IBUFCTRL (Prop_IBUFCTRL_HPIOB_M_I_O)
                                                      0.000     0.699 r  core_inst/ddr_inst/u_ddr4/inst/u_ddr4_mem_intfc/u_mig_ddr4_phy/inst/u_ddr4_phy_pll/diff_input_clk.u_ibufg_sys_clk/IBUFCTRL_INST/O
                         net (fo=2, routed)           0.384     1.083    core_inst/ddr_inst/u_ddr4/inst/u_ddr4_infrastructure/mmcm_clk_in
    MMCM_X0Y4            MMCME4_ADV (Prop_MMCM_CLKIN1_CLKOUT0)
                                                     -0.127     0.956 r  core_inst/ddr_inst/u_ddr4/inst/u_ddr4_infrastructure/gen_mmcme4.u_mmcme_adv_inst/CLKOUT0
                         net (fo=1, routed)           0.245     1.201    core_inst/ddr_inst/u_ddr4/inst/u_ddr4_infrastructure/mmcm_clkout0
    BUFGCE_X0Y118        BUFGCE (Prop_BUFCE_BUFGCE_I_O)
                                                      0.028     1.229 r  core_inst/ddr_inst/u_ddr4/inst/u_ddr4_infrastructure/u_bufg_divClk/O
    X4Y4 (CLOCK_ROOT)    net (fo=25358, routed)       1.198     2.427    core_inst/ddr_inst/u_ddr4/inst/u_ddr4_mem_intfc/u_ddr_cal_top/u_ddr_mc_pi/u_ddr_mc_read/rdDataAddr_reg[3]_rep__1_1
    SLICE_X96Y258        FDRE                                         r  core_inst/ddr_inst/u_ddr4/inst/u_ddr4_mem_intfc/u_ddr_cal_top/u_ddr_mc_pi/u_ddr_mc_read/read_lat_shift_reg[25]/C
                         clock pessimism              0.475     2.903    
    SLICE_X96Y258        FDRE (Hold_EFF_SLICEM_C_D)
                                                      0.060     2.963    core_inst/ddr_inst/u_ddr4/inst/u_ddr4_mem_intfc/u_ddr_cal_top/u_ddr_mc_pi/u_ddr_mc_read/read_lat_shift_reg[25]
  -------------------------------------------------------------------
                         required time                         -2.963    
                         arrival time                           2.974    
  -------------------------------------------------------------------
                         slack                                  0.012    





Pulse Width Checks
--------------------------------------------------------------------------------------
Clock Name:         mmcm_clkout0
Waveform(ns):       { 0.000 1.666 }
Period(ns):         3.332
Sources:            { core_inst/ddr_inst/u_ddr4/inst/u_ddr4_infrastructure/gen_mmcme4.u_mmcme_adv_inst/CLKOUT0 }

Check Type        Corner  Lib Pin                    Reference Pin  Required(ns)  Actual(ns)  Slack(ns)  Location               Pin
Min Period        n/a     RXTX_BITSLICE/FIFO_RD_CLK  n/a            1.694         3.332       1.638      BITSLICE_RX_TX_X0Y156  core_inst/ddr_inst/u_ddr4/inst/u_ddr4_mem_intfc/u_mig_ddr4_phy/inst/generate_block1.u_ddr_xiphy/byte_num[0].xiphy_byte_wrapper.u_xiphy_byte_wrapper/I_BITSLICE_LOWER[0].GEN_RXTX_BITSLICE_EN.u_xiphy_bitslice_lower/xiphy_rxtx_bitslice/FIFO_RD_CLK
Max Period        n/a     PLLE4_ADV/CLKIN            n/a            14.286        3.332       10.954     PLL_X0Y7               core_inst/ddr_inst/u_ddr4/inst/u_ddr4_mem_intfc/u_mig_ddr4_phy/inst/u_ddr4_phy_pll/plle_loop[0].gen_plle4.PLLE4_BASE_INST_OTHER/CLKIN
Low Pulse Width   Slow    PLLE4_ADV/CLKIN            n/a            1.166         1.666       0.500      PLL_X0Y7               core_inst/ddr_inst/u_ddr4/inst/u_ddr4_mem_intfc/u_mig_ddr4_phy/inst/u_ddr4_phy_pll/plle_loop[0].gen_plle4.PLLE4_BASE_INST_OTHER/CLKIN
High Pulse Width  Slow    PLLE4_ADV/CLKIN            n/a            1.166         1.666       0.500      PLL_X0Y7               core_inst/ddr_inst/u_ddr4/inst/u_ddr4_mem_intfc/u_mig_ddr4_phy/inst/u_ddr4_phy_pll/plle_loop[0].gen_plle4.PLLE4_BASE_INST_OTHER/CLKIN



---------------------------------------------------------------------------------------------------
From Clock:  pll_clk[0]
  To Clock:  pll_clk[0]

Setup :           NA  Failing Endpoints,  Worst Slack           NA  ,  Total Violation           NA
Hold  :           NA  Failing Endpoints,  Worst Slack           NA  ,  Total Violation           NA
PW    :            0  Failing Endpoints,  Worst Slack        0.039ns,  Total Violation        0.000ns
---------------------------------------------------------------------------------------------------


Pulse Width Checks
--------------------------------------------------------------------------------------
Clock Name:         pll_clk[0]
Waveform(ns):       { 0.000 0.208 }
Period(ns):         0.417
Sources:            { core_inst/ddr_inst/u_ddr4/inst/u_ddr4_mem_intfc/u_mig_ddr4_phy/inst/u_ddr4_phy_pll/plle_loop[0].gen_plle4.PLLE4_BASE_INST_OTHER/CLKOUTPHY }

Check Type        Corner  Lib Pin                   Reference Pin             Required(ns)  Actual(ns)  Slack(ns)  Location                Pin
Min Period        n/a     BITSLICE_CONTROL/PLL_CLK  n/a                       0.375         0.417       0.042      BITSLICE_CONTROL_X0Y24  core_inst/ddr_inst/u_ddr4/inst/u_ddr4_mem_intfc/u_mig_ddr4_phy/inst/generate_block1.u_ddr_xiphy/byte_num[0].xiphy_byte_wrapper.u_xiphy_byte_wrapper/I_CONTROL[0].GEN_I_CONTROL.u_xiphy_control/xiphy_control/PLL_CLK
Low Pulse Width   Slow    BITSLICE_CONTROL/PLL_CLK  n/a                       0.169         0.208       0.039      BITSLICE_CONTROL_X0Y24  core_inst/ddr_inst/u_ddr4/inst/u_ddr4_mem_intfc/u_mig_ddr4_phy/inst/generate_block1.u_ddr_xiphy/byte_num[0].xiphy_byte_wrapper.u_xiphy_byte_wrapper/I_CONTROL[0].GEN_I_CONTROL.u_xiphy_control/xiphy_control/PLL_CLK
High Pulse Width  Slow    BITSLICE_CONTROL/PLL_CLK  n/a                       0.169         0.208       0.039      BITSLICE_CONTROL_X0Y24  core_inst/ddr_inst/u_ddr4/inst/u_ddr4_mem_intfc/u_mig_ddr4_phy/inst/generate_block1.u_ddr_xiphy/byte_num[0].xiphy_byte_wrapper.u_xiphy_byte_wrapper/I_CONTROL[0].GEN_I_CONTROL.u_xiphy_control/xiphy_control/PLL_CLK
Max Skew          Fast    BITSLICE_CONTROL/PLL_CLK  BITSLICE_CONTROL/RIU_CLK  -0.300        -1.451      1.151      BITSLICE_CONTROL_X0Y28  core_inst/ddr_inst/u_ddr4/inst/u_ddr4_mem_intfc/u_mig_ddr4_phy/inst/generate_block1.u_ddr_xiphy/byte_num[2].xiphy_byte_wrapper.u_xiphy_byte_wrapper/I_CONTROL[0].GEN_I_CONTROL.u_xiphy_control/xiphy_control/PLL_CLK



---------------------------------------------------------------------------------------------------
From Clock:  pll_clk[0]_DIV
  To Clock:  pll_clk[0]_DIV

Setup :           NA  Failing Endpoints,  Worst Slack           NA  ,  Total Violation           NA
Hold  :           NA  Failing Endpoints,  Worst Slack           NA  ,  Total Violation           NA
PW    :            0  Failing Endpoints,  Worst Slack        0.466ns,  Total Violation        0.000ns
---------------------------------------------------------------------------------------------------


Pulse Width Checks
--------------------------------------------------------------------------------------
Clock Name:         pll_clk[0]_DIV
Waveform(ns):       { 0.000 1.666 }
Period(ns):         3.332
Sources:            { core_inst/ddr_inst/u_ddr4/inst/u_ddr4_mem_intfc/u_mig_ddr4_phy/inst/generate_block1.u_ddr_xiphy/byte_num[0].xiphy_byte_wrapper.u_xiphy_byte_wrapper/I_CONTROL[0].GEN_I_CONTROL.u_xiphy_control/xiphy_control/RX_DIV4_CLK_Q core_inst/ddr_inst/u_ddr4/inst/u_ddr4_mem_intfc/u_mig_ddr4_phy/inst/generate_block1.u_ddr_xiphy/byte_num[0].xiphy_byte_wrapper.u_xiphy_byte_wrapper/I_CONTROL[0].GEN_I_CONTROL.u_xiphy_control/xiphy_control/TX_DIV4_CLK_Q core_inst/ddr_inst/u_ddr4/inst/u_ddr4_mem_intfc/u_mig_ddr4_phy/inst/generate_block1.u_ddr_xiphy/byte_num[0].xiphy_byte_wrapper.u_xiphy_byte_wrapper/I_CONTROL[1].GEN_I_CONTROL.u_xiphy_control/xiphy_control/RX_DIV4_CLK_Q core_inst/ddr_inst/u_ddr4/inst/u_ddr4_mem_intfc/u_mig_ddr4_phy/inst/generate_block1.u_ddr_xiphy/byte_num[0].xiphy_byte_wrapper.u_xiphy_byte_wrapper/I_CONTROL[1].GEN_I_CONTROL.u_xiphy_control/xiphy_control/TX_DIV4_CLK_Q core_inst/ddr_inst/u_ddr4/inst/u_ddr4_mem_intfc/u_mig_ddr4_phy/inst/generate_block1.u_ddr_xiphy/byte_num[1].xiphy_byte_wrapper.u_xiphy_byte_wrapper/I_CONTROL[0].GEN_I_CONTROL.u_xiphy_control/xiphy_control/RX_DIV4_CLK_Q core_inst/ddr_inst/u_ddr4/inst/u_ddr4_mem_intfc/u_mig_ddr4_phy/inst/generate_block1.u_ddr_xiphy/byte_num[1].xiphy_byte_wrapper.u_xiphy_byte_wrapper/I_CONTROL[0].GEN_I_CONTROL.u_xiphy_control/xiphy_control/TX_DIV4_CLK_Q core_inst/ddr_inst/u_ddr4/inst/u_ddr4_mem_intfc/u_mig_ddr4_phy/inst/generate_block1.u_ddr_xiphy/byte_num[1].xiphy_byte_wrapper.u_xiphy_byte_wrapper/I_CONTROL[1].GEN_I_CONTROL.u_xiphy_control/xiphy_control/RX_DIV4_CLK_Q core_inst/ddr_inst/u_ddr4/inst/u_ddr4_mem_intfc/u_mig_ddr4_phy/inst/generate_block1.u_ddr_xiphy/byte_num[1].xiphy_byte_wrapper.u_xiphy_byte_wrapper/I_CONTROL[1].GEN_I_CONTROL.u_xiphy_control/xiphy_control/TX_DIV4_CLK_Q core_inst/ddr_inst/u_ddr4/inst/u_ddr4_mem_intfc/u_mig_ddr4_phy/inst/generate_block1.u_ddr_xiphy/byte_num[2].xiphy_byte_wrapper.u_xiphy_byte_wrapper/I_CONTROL[0].GEN_I_CONTROL.u_xiphy_control/xiphy_control/RX_DIV4_CLK_Q core_inst/ddr_inst/u_ddr4/inst/u_ddr4_mem_intfc/u_mig_ddr4_phy/inst/generate_block1.u_ddr_xiphy/byte_num[2].xiphy_byte_wrapper.u_xiphy_byte_wrapper/I_CONTROL[0].GEN_I_CONTROL.u_xiphy_control/xiphy_control/TX_DIV4_CLK_Q core_inst/ddr_inst/u_ddr4/inst/u_ddr4_mem_intfc/u_mig_ddr4_phy/inst/generate_block1.u_ddr_xiphy/byte_num[2].xiphy_byte_wrapper.u_xiphy_byte_wrapper/I_CONTROL[1].GEN_I_CONTROL.u_xiphy_control/xiphy_control/RX_DIV4_CLK_Q core_inst/ddr_inst/u_ddr4/inst/u_ddr4_mem_intfc/u_mig_ddr4_phy/inst/generate_block1.u_ddr_xiphy/byte_num[2].xiphy_byte_wrapper.u_xiphy_byte_wrapper/I_CONTROL[1].GEN_I_CONTROL.u_xiphy_control/xiphy_control/TX_DIV4_CLK_Q core_inst/ddr_inst/u_ddr4/inst/u_ddr4_mem_intfc/u_mig_ddr4_phy/inst/generate_block1.u_ddr_xiphy/byte_num[3].xiphy_byte_wrapper.u_xiphy_byte_wrapper/I_CONTROL[0].GEN_I_CONTROL.u_xiphy_control/xiphy_control/RX_DIV4_CLK_Q core_inst/ddr_inst/u_ddr4/inst/u_ddr4_mem_intfc/u_mig_ddr4_phy/inst/generate_block1.u_ddr_xiphy/byte_num[3].xiphy_byte_wrapper.u_xiphy_byte_wrapper/I_CONTROL[0].GEN_I_CONTROL.u_xiphy_control/xiphy_control/TX_DIV4_CLK_Q core_inst/ddr_inst/u_ddr4/inst/u_ddr4_mem_intfc/u_mig_ddr4_phy/inst/generate_block1.u_ddr_xiphy/byte_num[3].xiphy_byte_wrapper.u_xiphy_byte_wrapper/I_CONTROL[1].GEN_I_CONTROL.u_xiphy_control/xiphy_control/RX_DIV4_CLK_Q core_inst/ddr_inst/u_ddr4/inst/u_ddr4_mem_intfc/u_mig_ddr4_phy/inst/generate_block1.u_ddr_xiphy/byte_num[3].xiphy_byte_wrapper.u_xiphy_byte_wrapper/I_CONTROL[1].GEN_I_CONTROL.u_xiphy_control/xiphy_control/TX_DIV4_CLK_Q }

Check Type        Corner  Lib Pin                           Reference Pin  Required(ns)  Actual(ns)  Slack(ns)  Location               Pin
Min Period        n/a     RXTX_BITSLICE/TX_BIT_CTRL_IN[26]  n/a            2.667         3.332       0.665      BITSLICE_RX_TX_X0Y156  core_inst/ddr_inst/u_ddr4/inst/u_ddr4_mem_intfc/u_mig_ddr4_phy/inst/generate_block1.u_ddr_xiphy/byte_num[0].xiphy_byte_wrapper.u_xiphy_byte_wrapper/I_BITSLICE_LOWER[0].GEN_RXTX_BITSLICE_EN.u_xiphy_bitslice_lower/xiphy_rxtx_bitslice/TX_BIT_CTRL_IN[26]
Low Pulse Width   Slow    RXTX_BITSLICE/TX_BIT_CTRL_IN[26]  n/a            1.200         1.666       0.466      BITSLICE_RX_TX_X0Y156  core_inst/ddr_inst/u_ddr4/inst/u_ddr4_mem_intfc/u_mig_ddr4_phy/inst/generate_block1.u_ddr_xiphy/byte_num[0].xiphy_byte_wrapper.u_xiphy_byte_wrapper/I_BITSLICE_LOWER[0].GEN_RXTX_BITSLICE_EN.u_xiphy_bitslice_lower/xiphy_rxtx_bitslice/TX_BIT_CTRL_IN[26]
High Pulse Width  Slow    RXTX_BITSLICE/TX_BIT_CTRL_IN[26]  n/a            1.200         1.666       0.466      BITSLICE_RX_TX_X0Y156  core_inst/ddr_inst/u_ddr4/inst/u_ddr4_mem_intfc/u_mig_ddr4_phy/inst/generate_block1.u_ddr_xiphy/byte_num[0].xiphy_byte_wrapper.u_xiphy_byte_wrapper/I_BITSLICE_LOWER[0].GEN_RXTX_BITSLICE_EN.u_xiphy_bitslice_lower/xiphy_rxtx_bitslice/TX_BIT_CTRL_IN[26]



---------------------------------------------------------------------------------------------------
From Clock:  pll_clk[1]
  To Clock:  pll_clk[1]

Setup :           NA  Failing Endpoints,  Worst Slack           NA  ,  Total Violation           NA
Hold  :           NA  Failing Endpoints,  Worst Slack           NA  ,  Total Violation           NA
PW    :            0  Failing Endpoints,  Worst Slack        0.039ns,  Total Violation        0.000ns
---------------------------------------------------------------------------------------------------


Pulse Width Checks
--------------------------------------------------------------------------------------
Clock Name:         pll_clk[1]
Waveform(ns):       { 0.000 0.208 }
Period(ns):         0.417
Sources:            { core_inst/ddr_inst/u_ddr4/inst/u_ddr4_mem_intfc/u_mig_ddr4_phy/inst/u_ddr4_phy_pll/plle_loop[1].gen_plle4.PLLE4_BASE_INST_OTHER/CLKOUTPHY }

Check Type        Corner  Lib Pin                   Reference Pin  Required(ns)  Actual(ns)  Slack(ns)  Location                Pin
Min Period        n/a     BITSLICE_CONTROL/PLL_CLK  n/a            0.375         0.417       0.042      BITSLICE_CONTROL_X0Y32  core_inst/ddr_inst/u_ddr4/inst/u_ddr4_mem_intfc/u_mig_ddr4_phy/inst/generate_block1.u_ddr_xiphy/byte_num[4].xiphy_byte_wrapper.u_xiphy_byte_wrapper/I_CONTROL[0].GEN_I_CONTROL.u_xiphy_control/xiphy_control/PLL_CLK
Low Pulse Width   Slow    BITSLICE_CONTROL/PLL_CLK  n/a            0.169         0.208       0.039      BITSLICE_CONTROL_X0Y32  core_inst/ddr_inst/u_ddr4/inst/u_ddr4_mem_intfc/u_mig_ddr4_phy/inst/generate_block1.u_ddr_xiphy/byte_num[4].xiphy_byte_wrapper.u_xiphy_byte_wrapper/I_CONTROL[0].GEN_I_CONTROL.u_xiphy_control/xiphy_control/PLL_CLK
High Pulse Width  Slow    BITSLICE_CONTROL/PLL_CLK  n/a            0.169         0.208       0.039      BITSLICE_CONTROL_X0Y32  core_inst/ddr_inst/u_ddr4/inst/u_ddr4_mem_intfc/u_mig_ddr4_phy/inst/generate_block1.u_ddr_xiphy/byte_num[4].xiphy_byte_wrapper.u_xiphy_byte_wrapper/I_CONTROL[0].GEN_I_CONTROL.u_xiphy_control/xiphy_control/PLL_CLK



---------------------------------------------------------------------------------------------------
From Clock:  pll_clk[1]_DIV
  To Clock:  pll_clk[1]_DIV

Setup :           NA  Failing Endpoints,  Worst Slack           NA  ,  Total Violation           NA
Hold  :           NA  Failing Endpoints,  Worst Slack           NA  ,  Total Violation           NA
PW    :            0  Failing Endpoints,  Worst Slack        0.466ns,  Total Violation        0.000ns
---------------------------------------------------------------------------------------------------


Pulse Width Checks
--------------------------------------------------------------------------------------
Clock Name:         pll_clk[1]_DIV
Waveform(ns):       { 0.000 1.666 }
Period(ns):         3.332
Sources:            { core_inst/ddr_inst/u_ddr4/inst/u_ddr4_mem_intfc/u_mig_ddr4_phy/inst/generate_block1.u_ddr_xiphy/byte_num[4].xiphy_byte_wrapper.u_xiphy_byte_wrapper/I_CONTROL[0].GEN_I_CONTROL.u_xiphy_control/xiphy_control/RX_DIV4_CLK_Q core_inst/ddr_inst/u_ddr4/inst/u_ddr4_mem_intfc/u_mig_ddr4_phy/inst/generate_block1.u_ddr_xiphy/byte_num[4].xiphy_byte_wrapper.u_xiphy_byte_wrapper/I_CONTROL[0].GEN_I_CONTROL.u_xiphy_control/xiphy_control/TX_DIV4_CLK_Q core_inst/ddr_inst/u_ddr4/inst/u_ddr4_mem_intfc/u_mig_ddr4_phy/inst/generate_block1.u_ddr_xiphy/byte_num[4].xiphy_byte_wrapper.u_xiphy_byte_wrapper/I_CONTROL[1].GEN_I_CONTROL.u_xiphy_control/xiphy_control/RX_DIV4_CLK_Q core_inst/ddr_inst/u_ddr4/inst/u_ddr4_mem_intfc/u_mig_ddr4_phy/inst/generate_block1.u_ddr_xiphy/byte_num[4].xiphy_byte_wrapper.u_xiphy_byte_wrapper/I_CONTROL[1].GEN_I_CONTROL.u_xiphy_control/xiphy_control/TX_DIV4_CLK_Q core_inst/ddr_inst/u_ddr4/inst/u_ddr4_mem_intfc/u_mig_ddr4_phy/inst/generate_block1.u_ddr_xiphy/byte_num[5].xiphy_byte_wrapper.u_xiphy_byte_wrapper/I_CONTROL[0].GEN_I_CONTROL.u_xiphy_control/xiphy_control/RX_DIV4_CLK_Q core_inst/ddr_inst/u_ddr4/inst/u_ddr4_mem_intfc/u_mig_ddr4_phy/inst/generate_block1.u_ddr_xiphy/byte_num[5].xiphy_byte_wrapper.u_xiphy_byte_wrapper/I_CONTROL[0].GEN_I_CONTROL.u_xiphy_control/xiphy_control/TX_DIV4_CLK_Q core_inst/ddr_inst/u_ddr4/inst/u_ddr4_mem_intfc/u_mig_ddr4_phy/inst/generate_block1.u_ddr_xiphy/byte_num[5].xiphy_byte_wrapper.u_xiphy_byte_wrapper/I_CONTROL[1].GEN_I_CONTROL.u_xiphy_control/xiphy_control/RX_DIV4_CLK_Q core_inst/ddr_inst/u_ddr4/inst/u_ddr4_mem_intfc/u_mig_ddr4_phy/inst/generate_block1.u_ddr_xiphy/byte_num[5].xiphy_byte_wrapper.u_xiphy_byte_wrapper/I_CONTROL[1].GEN_I_CONTROL.u_xiphy_control/xiphy_control/TX_DIV4_CLK_Q core_inst/ddr_inst/u_ddr4/inst/u_ddr4_mem_intfc/u_mig_ddr4_phy/inst/generate_block1.u_ddr_xiphy/byte_num[6].xiphy_byte_wrapper.u_xiphy_byte_wrapper/I_CONTROL[0].GEN_I_CONTROL.u_xiphy_control/xiphy_control/RX_DIV4_CLK_Q core_inst/ddr_inst/u_ddr4/inst/u_ddr4_mem_intfc/u_mig_ddr4_phy/inst/generate_block1.u_ddr_xiphy/byte_num[6].xiphy_byte_wrapper.u_xiphy_byte_wrapper/I_CONTROL[0].GEN_I_CONTROL.u_xiphy_control/xiphy_control/TX_DIV4_CLK_Q core_inst/ddr_inst/u_ddr4/inst/u_ddr4_mem_intfc/u_mig_ddr4_phy/inst/generate_block1.u_ddr_xiphy/byte_num[6].xiphy_byte_wrapper.u_xiphy_byte_wrapper/I_CONTROL[1].GEN_I_CONTROL.u_xiphy_control/xiphy_control/RX_DIV4_CLK_Q core_inst/ddr_inst/u_ddr4/inst/u_ddr4_mem_intfc/u_mig_ddr4_phy/inst/generate_block1.u_ddr_xiphy/byte_num[6].xiphy_byte_wrapper.u_xiphy_byte_wrapper/I_CONTROL[1].GEN_I_CONTROL.u_xiphy_control/xiphy_control/TX_DIV4_CLK_Q core_inst/ddr_inst/u_ddr4/inst/u_ddr4_mem_intfc/u_mig_ddr4_phy/inst/generate_block1.u_ddr_xiphy/byte_num[7].xiphy_byte_wrapper.u_xiphy_byte_wrapper/I_CONTROL[0].GEN_I_CONTROL.u_xiphy_control/xiphy_control/RX_DIV4_CLK_Q core_inst/ddr_inst/u_ddr4/inst/u_ddr4_mem_intfc/u_mig_ddr4_phy/inst/generate_block1.u_ddr_xiphy/byte_num[7].xiphy_byte_wrapper.u_xiphy_byte_wrapper/I_CONTROL[0].GEN_I_CONTROL.u_xiphy_control/xiphy_control/TX_DIV4_CLK_Q core_inst/ddr_inst/u_ddr4/inst/u_ddr4_mem_intfc/u_mig_ddr4_phy/inst/generate_block1.u_ddr_xiphy/byte_num[7].xiphy_byte_wrapper.u_xiphy_byte_wrapper/I_CONTROL[1].GEN_I_CONTROL.u_xiphy_control/xiphy_control/RX_DIV4_CLK_Q core_inst/ddr_inst/u_ddr4/inst/u_ddr4_mem_intfc/u_mig_ddr4_phy/inst/generate_block1.u_ddr_xiphy/byte_num[7].xiphy_byte_wrapper.u_xiphy_byte_wrapper/I_CONTROL[1].GEN_I_CONTROL.u_xiphy_control/xiphy_control/TX_DIV4_CLK_Q }

Check Type        Corner  Lib Pin                           Reference Pin  Required(ns)  Actual(ns)  Slack(ns)  Location               Pin
Min Period        n/a     RXTX_BITSLICE/TX_BIT_CTRL_IN[26]  n/a            2.667         3.332       0.665      BITSLICE_RX_TX_X0Y209  core_inst/ddr_inst/u_ddr4/inst/u_ddr4_mem_intfc/u_mig_ddr4_phy/inst/generate_block1.u_ddr_xiphy/byte_num[4].xiphy_byte_wrapper.u_xiphy_byte_wrapper/I_BITSLICE_LOWER[1].GEN_RXTX_BITSLICE_EN.u_xiphy_bitslice_lower/xiphy_rxtx_bitslice/TX_BIT_CTRL_IN[26]
Low Pulse Width   Slow    RXTX_BITSLICE/TX_BIT_CTRL_IN[26]  n/a            1.200         1.666       0.466      BITSLICE_RX_TX_X0Y209  core_inst/ddr_inst/u_ddr4/inst/u_ddr4_mem_intfc/u_mig_ddr4_phy/inst/generate_block1.u_ddr_xiphy/byte_num[4].xiphy_byte_wrapper.u_xiphy_byte_wrapper/I_BITSLICE_LOWER[1].GEN_RXTX_BITSLICE_EN.u_xiphy_bitslice_lower/xiphy_rxtx_bitslice/TX_BIT_CTRL_IN[26]
High Pulse Width  Slow    RXTX_BITSLICE/TX_BIT_CTRL_IN[26]  n/a            1.200         1.666       0.466      BITSLICE_RX_TX_X0Y209  core_inst/ddr_inst/u_ddr4/inst/u_ddr4_mem_intfc/u_mig_ddr4_phy/inst/generate_block1.u_ddr_xiphy/byte_num[4].xiphy_byte_wrapper.u_xiphy_byte_wrapper/I_BITSLICE_LOWER[1].GEN_RXTX_BITSLICE_EN.u_xiphy_bitslice_lower/xiphy_rxtx_bitslice/TX_BIT_CTRL_IN[26]



---------------------------------------------------------------------------------------------------
From Clock:  pll_clk[2]
  To Clock:  pll_clk[2]

Setup :           NA  Failing Endpoints,  Worst Slack           NA  ,  Total Violation           NA
Hold  :           NA  Failing Endpoints,  Worst Slack           NA  ,  Total Violation           NA
PW    :            0  Failing Endpoints,  Worst Slack        0.039ns,  Total Violation        0.000ns
---------------------------------------------------------------------------------------------------


Pulse Width Checks
--------------------------------------------------------------------------------------
Clock Name:         pll_clk[2]
Waveform(ns):       { 0.000 0.208 }
Period(ns):         0.417
Sources:            { core_inst/ddr_inst/u_ddr4/inst/u_ddr4_mem_intfc/u_mig_ddr4_phy/inst/u_ddr4_phy_pll/plle_loop[2].gen_plle4.PLLE4_BASE_INST_OTHER/CLKOUTPHY }

Check Type        Corner  Lib Pin                   Reference Pin             Required(ns)  Actual(ns)  Slack(ns)  Location                Pin
Min Period        n/a     BITSLICE_CONTROL/PLL_CLK  n/a                       0.375         0.417       0.042      BITSLICE_CONTROL_X0Y44  core_inst/ddr_inst/u_ddr4/inst/u_ddr4_mem_intfc/u_mig_ddr4_phy/inst/generate_block1.u_ddr_xiphy/byte_num[10].xiphy_byte_wrapper.u_xiphy_byte_wrapper/I_CONTROL[0].GEN_I_CONTROL.u_xiphy_control/xiphy_control/PLL_CLK
Low Pulse Width   Slow    BITSLICE_CONTROL/PLL_CLK  n/a                       0.169         0.208       0.039      BITSLICE_CONTROL_X0Y44  core_inst/ddr_inst/u_ddr4/inst/u_ddr4_mem_intfc/u_mig_ddr4_phy/inst/generate_block1.u_ddr_xiphy/byte_num[10].xiphy_byte_wrapper.u_xiphy_byte_wrapper/I_CONTROL[0].GEN_I_CONTROL.u_xiphy_control/xiphy_control/PLL_CLK
High Pulse Width  Slow    BITSLICE_CONTROL/PLL_CLK  n/a                       0.169         0.208       0.039      BITSLICE_CONTROL_X0Y44  core_inst/ddr_inst/u_ddr4/inst/u_ddr4_mem_intfc/u_mig_ddr4_phy/inst/generate_block1.u_ddr_xiphy/byte_num[10].xiphy_byte_wrapper.u_xiphy_byte_wrapper/I_CONTROL[0].GEN_I_CONTROL.u_xiphy_control/xiphy_control/PLL_CLK
Max Skew          Fast    BITSLICE_CONTROL/PLL_CLK  BITSLICE_CONTROL/RIU_CLK  -0.300        -1.451      1.151      BITSLICE_CONTROL_X0Y44  core_inst/ddr_inst/u_ddr4/inst/u_ddr4_mem_intfc/u_mig_ddr4_phy/inst/generate_block1.u_ddr_xiphy/byte_num[10].xiphy_byte_wrapper.u_xiphy_byte_wrapper/I_CONTROL[0].GEN_I_CONTROL.u_xiphy_control/xiphy_control/PLL_CLK



---------------------------------------------------------------------------------------------------
From Clock:  pll_clk[2]_DIV
  To Clock:  pll_clk[2]_DIV

Setup :           NA  Failing Endpoints,  Worst Slack           NA  ,  Total Violation           NA
Hold  :           NA  Failing Endpoints,  Worst Slack           NA  ,  Total Violation           NA
PW    :            0  Failing Endpoints,  Worst Slack        0.466ns,  Total Violation        0.000ns
---------------------------------------------------------------------------------------------------


Pulse Width Checks
--------------------------------------------------------------------------------------
Clock Name:         pll_clk[2]_DIV
Waveform(ns):       { 0.000 1.666 }
Period(ns):         3.332
Sources:            { core_inst/ddr_inst/u_ddr4/inst/u_ddr4_mem_intfc/u_mig_ddr4_phy/inst/generate_block1.u_ddr_xiphy/byte_num[10].xiphy_byte_wrapper.u_xiphy_byte_wrapper/I_CONTROL[0].GEN_I_CONTROL.u_xiphy_control/xiphy_control/RX_DIV4_CLK_Q core_inst/ddr_inst/u_ddr4/inst/u_ddr4_mem_intfc/u_mig_ddr4_phy/inst/generate_block1.u_ddr_xiphy/byte_num[10].xiphy_byte_wrapper.u_xiphy_byte_wrapper/I_CONTROL[0].GEN_I_CONTROL.u_xiphy_control/xiphy_control/TX_DIV4_CLK_Q core_inst/ddr_inst/u_ddr4/inst/u_ddr4_mem_intfc/u_mig_ddr4_phy/inst/generate_block1.u_ddr_xiphy/byte_num[10].xiphy_byte_wrapper.u_xiphy_byte_wrapper/I_CONTROL[1].GEN_I_CONTROL.u_xiphy_control/xiphy_control/RX_DIV4_CLK_Q core_inst/ddr_inst/u_ddr4/inst/u_ddr4_mem_intfc/u_mig_ddr4_phy/inst/generate_block1.u_ddr_xiphy/byte_num[10].xiphy_byte_wrapper.u_xiphy_byte_wrapper/I_CONTROL[1].GEN_I_CONTROL.u_xiphy_control/xiphy_control/TX_DIV4_CLK_Q core_inst/ddr_inst/u_ddr4/inst/u_ddr4_mem_intfc/u_mig_ddr4_phy/inst/generate_block1.u_ddr_xiphy/byte_num[11].xiphy_byte_wrapper.u_xiphy_byte_wrapper/I_CONTROL[0].GEN_I_CONTROL.u_xiphy_control/xiphy_control/RX_DIV4_CLK_Q core_inst/ddr_inst/u_ddr4/inst/u_ddr4_mem_intfc/u_mig_ddr4_phy/inst/generate_block1.u_ddr_xiphy/byte_num[11].xiphy_byte_wrapper.u_xiphy_byte_wrapper/I_CONTROL[0].GEN_I_CONTROL.u_xiphy_control/xiphy_control/TX_DIV4_CLK_Q core_inst/ddr_inst/u_ddr4/inst/u_ddr4_mem_intfc/u_mig_ddr4_phy/inst/generate_block1.u_ddr_xiphy/byte_num[11].xiphy_byte_wrapper.u_xiphy_byte_wrapper/I_CONTROL[1].GEN_I_CONTROL.u_xiphy_control/xiphy_control/RX_DIV4_CLK_Q core_inst/ddr_inst/u_ddr4/inst/u_ddr4_mem_intfc/u_mig_ddr4_phy/inst/generate_block1.u_ddr_xiphy/byte_num[11].xiphy_byte_wrapper.u_xiphy_byte_wrapper/I_CONTROL[1].GEN_I_CONTROL.u_xiphy_control/xiphy_control/TX_DIV4_CLK_Q core_inst/ddr_inst/u_ddr4/inst/u_ddr4_mem_intfc/u_mig_ddr4_phy/inst/generate_block1.u_ddr_xiphy/byte_num[8].xiphy_byte_wrapper.u_xiphy_byte_wrapper/I_CONTROL[0].GEN_I_CONTROL.u_xiphy_control/xiphy_control/RX_DIV4_CLK_Q core_inst/ddr_inst/u_ddr4/inst/u_ddr4_mem_intfc/u_mig_ddr4_phy/inst/generate_block1.u_ddr_xiphy/byte_num[8].xiphy_byte_wrapper.u_xiphy_byte_wrapper/I_CONTROL[0].GEN_I_CONTROL.u_xiphy_control/xiphy_control/TX_DIV4_CLK_Q core_inst/ddr_inst/u_ddr4/inst/u_ddr4_mem_intfc/u_mig_ddr4_phy/inst/generate_block1.u_ddr_xiphy/byte_num[8].xiphy_byte_wrapper.u_xiphy_byte_wrapper/I_CONTROL[1].GEN_I_CONTROL.u_xiphy_control/xiphy_control/RX_DIV4_CLK_Q core_inst/ddr_inst/u_ddr4/inst/u_ddr4_mem_intfc/u_mig_ddr4_phy/inst/generate_block1.u_ddr_xiphy/byte_num[8].xiphy_byte_wrapper.u_xiphy_byte_wrapper/I_CONTROL[1].GEN_I_CONTROL.u_xiphy_control/xiphy_control/TX_DIV4_CLK_Q core_inst/ddr_inst/u_ddr4/inst/u_ddr4_mem_intfc/u_mig_ddr4_phy/inst/generate_block1.u_ddr_xiphy/byte_num[9].xiphy_byte_wrapper.u_xiphy_byte_wrapper/I_CONTROL[0].GEN_I_CONTROL.u_xiphy_control/xiphy_control/RX_DIV4_CLK_Q core_inst/ddr_inst/u_ddr4/inst/u_ddr4_mem_intfc/u_mig_ddr4_phy/inst/generate_block1.u_ddr_xiphy/byte_num[9].xiphy_byte_wrapper.u_xiphy_byte_wrapper/I_CONTROL[0].GEN_I_CONTROL.u_xiphy_control/xiphy_control/TX_DIV4_CLK_Q core_inst/ddr_inst/u_ddr4/inst/u_ddr4_mem_intfc/u_mig_ddr4_phy/inst/generate_block1.u_ddr_xiphy/byte_num[9].xiphy_byte_wrapper.u_xiphy_byte_wrapper/I_CONTROL[1].GEN_I_CONTROL.u_xiphy_control/xiphy_control/RX_DIV4_CLK_Q core_inst/ddr_inst/u_ddr4/inst/u_ddr4_mem_intfc/u_mig_ddr4_phy/inst/generate_block1.u_ddr_xiphy/byte_num[9].xiphy_byte_wrapper.u_xiphy_byte_wrapper/I_CONTROL[1].GEN_I_CONTROL.u_xiphy_control/xiphy_control/TX_DIV4_CLK_Q }

Check Type        Corner  Lib Pin                           Reference Pin  Required(ns)  Actual(ns)  Slack(ns)  Location               Pin
Min Period        n/a     RXTX_BITSLICE/TX_BIT_CTRL_IN[26]  n/a            2.667         3.332       0.665      BITSLICE_RX_TX_X0Y286  core_inst/ddr_inst/u_ddr4/inst/u_ddr4_mem_intfc/u_mig_ddr4_phy/inst/generate_block1.u_ddr_xiphy/byte_num[10].xiphy_byte_wrapper.u_xiphy_byte_wrapper/I_BITSLICE_LOWER[0].GEN_RXTX_BITSLICE_EN.u_xiphy_bitslice_lower/xiphy_rxtx_bitslice/TX_BIT_CTRL_IN[26]
Low Pulse Width   Slow    RXTX_BITSLICE/TX_BIT_CTRL_IN[26]  n/a            1.200         1.666       0.466      BITSLICE_RX_TX_X0Y286  core_inst/ddr_inst/u_ddr4/inst/u_ddr4_mem_intfc/u_mig_ddr4_phy/inst/generate_block1.u_ddr_xiphy/byte_num[10].xiphy_byte_wrapper.u_xiphy_byte_wrapper/I_BITSLICE_LOWER[0].GEN_RXTX_BITSLICE_EN.u_xiphy_bitslice_lower/xiphy_rxtx_bitslice/TX_BIT_CTRL_IN[26]
High Pulse Width  Slow    RXTX_BITSLICE/TX_BIT_CTRL_IN[26]  n/a            1.200         1.666       0.466      BITSLICE_RX_TX_X0Y286  core_inst/ddr_inst/u_ddr4/inst/u_ddr4_mem_intfc/u_mig_ddr4_phy/inst/generate_block1.u_ddr_xiphy/byte_num[10].xiphy_byte_wrapper.u_xiphy_byte_wrapper/I_BITSLICE_LOWER[0].GEN_RXTX_BITSLICE_EN.u_xiphy_bitslice_lower/xiphy_rxtx_bitslice/TX_BIT_CTRL_IN[26]



---------------------------------------------------------------------------------------------------
From Clock:  mmcm_clkout5
  To Clock:  mmcm_clkout5

Setup :            0  Failing Endpoints,  Worst Slack       10.118ns,  Total Violation        0.000ns
Hold  :            0  Failing Endpoints,  Worst Slack        0.029ns,  Total Violation        0.000ns
PW    :            0  Failing Endpoints,  Worst Slack        6.132ns,  Total Violation        0.000ns
---------------------------------------------------------------------------------------------------


Max Delay Paths
--------------------------------------------------------------------------------------
Slack (MET) :             10.118ns  (required time - arrival time)
  Source:                 dbg_hub/inst/BSCANID.u_xsdbm_id/CORE_XSDB.UUT_MASTER/U_XSDB_ADDRESS_CONTROLLER/addr_reg[1]/C
                            (rising edge-triggered cell FDRE clocked by mmcm_clkout5  {rise@0.000ns fall@6.664ns period=13.328ns})
  Destination:            core_inst/ddr_inst/u_ddr4/inst/u_ddr4_mem_intfc/u_ddr_cal_top/u_ddr_cal/U_XSDB_SLAVE/reg_do_reg[12]/D
                            (rising edge-triggered cell FDRE clocked by mmcm_clkout5  {rise@0.000ns fall@6.664ns period=13.328ns})
  Path Group:             mmcm_clkout5
  Path Type:              Setup (Max at Slow Process Corner)
  Requirement:            13.328ns  (mmcm_clkout5 rise@13.328ns - mmcm_clkout5 rise@0.000ns)
  Data Path Delay:        3.173ns  (logic 0.261ns (8.225%)  route 2.912ns (91.775%))
  Logic Levels:           2  (LUT6=2)
  Clock Path Skew:        -0.001ns (DCD - SCD + CPR)
    Destination Clock Delay (DCD):    3.837ns = ( 17.165 - 13.328 ) 
    Source Clock Delay      (SCD):    3.451ns
    Clock Pessimism Removal (CPR):    -0.386ns
  Clock Uncertainty:      0.061ns  ((TSJ^2 + DJ^2)^1/2) / 2 + PE
    Total System Jitter     (TSJ):    0.071ns
    Discrete Jitter          (DJ):    0.100ns
    Phase Error              (PE):    0.000ns
  Clock Net Delay (Source):      2.231ns (routing 1.225ns, distribution 1.006ns)
  Clock Net Delay (Destination): 2.070ns (routing 1.113ns, distribution 0.957ns)

    Location             Delay type                Incr(ns)  Path(ns)    Netlist Resource(s)
  -------------------------------------------------------------------    -------------------
                         (clock mmcm_clkout5 rise edge)
                                                      0.000     0.000 r  
    G13                                               0.000     0.000 r  c0_sys_clk_p (IN)
                         net (fo=0)                   0.100     0.100    core_inst/ddr_inst/u_ddr4/inst/u_ddr4_mem_intfc/u_mig_ddr4_phy/inst/u_ddr4_phy_pll/diff_input_clk.u_ibufg_sys_clk/I
    HPIOBDIFFINBUF_X0Y108
                         DIFFINBUF (Prop_DIFFINBUF_HPIOBDIFFINBUF_DIFF_IN_P_O)
                                                      0.549     0.649 r  core_inst/ddr_inst/u_ddr4/inst/u_ddr4_mem_intfc/u_mig_ddr4_phy/inst/u_ddr4_phy_pll/diff_input_clk.u_ibufg_sys_clk/DIFFINBUF_INST/O
                         net (fo=1, routed)           0.050     0.699    core_inst/ddr_inst/u_ddr4/inst/u_ddr4_mem_intfc/u_mig_ddr4_phy/inst/u_ddr4_phy_pll/diff_input_clk.u_ibufg_sys_clk/OUT
    G13                  IBUFCTRL (Prop_IBUFCTRL_HPIOB_M_I_O)
                                                      0.000     0.699 r  core_inst/ddr_inst/u_ddr4/inst/u_ddr4_mem_intfc/u_mig_ddr4_phy/inst/u_ddr4_phy_pll/diff_input_clk.u_ibufg_sys_clk/IBUFCTRL_INST/O
                         net (fo=2, routed)           0.384     1.083    core_inst/ddr_inst/u_ddr4/inst/u_ddr4_infrastructure/mmcm_clk_in
    MMCM_X0Y4            MMCME4_ADV (Prop_MMCM_CLKIN1_CLKOUT5)
                                                     -0.127     0.956 r  core_inst/ddr_inst/u_ddr4/inst/u_ddr4_infrastructure/gen_mmcme4.u_mmcme_adv_inst/CLKOUT5
                         net (fo=1, routed)           0.236     1.192    core_inst/ddr_inst/u_ddr4/inst/u_ddr4_infrastructure/mmcm_clkout5
    BUFGCE_X0Y119        BUFGCE (Prop_BUFCE_BUFGCE_I_O)
                                                      0.028     1.220 r  core_inst/ddr_inst/u_ddr4/inst/u_ddr4_infrastructure/u_bufg_dbg_clk/O
    X2Y2 (CLOCK_ROOT)    net (fo=1820, routed)        2.231     3.451    dbg_hub/inst/BSCANID.u_xsdbm_id/CORE_XSDB.UUT_MASTER/U_XSDB_ADDRESS_CONTROLLER/clk
    SLICE_X78Y183        FDRE                                         r  dbg_hub/inst/BSCANID.u_xsdbm_id/CORE_XSDB.UUT_MASTER/U_XSDB_ADDRESS_CONTROLLER/addr_reg[1]/C
  -------------------------------------------------------------------    -------------------
    SLICE_X78Y183        FDRE (Prop_BFF_SLICEM_C_Q)
                                                      0.078     3.529 r  dbg_hub/inst/BSCANID.u_xsdbm_id/CORE_XSDB.UUT_MASTER/U_XSDB_ADDRESS_CONTROLLER/addr_reg[1]/Q
                         net (fo=98, routed)          2.652     6.181    core_inst/ddr_inst/u_ddr4/inst/u_ddr4_mem_intfc/u_ddr_cal_top/u_ddr_cal/U_XSDB_SLAVE/sl_iport_i[5]
    SLICE_X81Y182        LUT6 (Prop_C6LUT_SLICEL_I2_O)
                                                      0.146     6.327 r  core_inst/ddr_inst/u_ddr4/inst/u_ddr4_mem_intfc/u_ddr_cal_top/u_ddr_cal/U_XSDB_SLAVE/reg_do[12]_i_3/O
                         net (fo=1, routed)           0.194     6.521    core_inst/ddr_inst/u_ddr4/inst/u_ddr4_mem_intfc/u_ddr_cal_top/u_ddr_cal/U_XSDB_SLAVE/reg_do[12]_i_3_n_0
    SLICE_X82Y185        LUT6 (Prop_C6LUT_SLICEM_I3_O)
                                                      0.037     6.558 r  core_inst/ddr_inst/u_ddr4/inst/u_ddr4_mem_intfc/u_ddr_cal_top/u_ddr_cal/U_XSDB_SLAVE/reg_do[12]_i_1/O
                         net (fo=1, routed)           0.066     6.624    core_inst/ddr_inst/u_ddr4/inst/u_ddr4_mem_intfc/u_ddr_cal_top/u_ddr_cal/U_XSDB_SLAVE/reg_do[12]
    SLICE_X82Y185        FDRE                                         r  core_inst/ddr_inst/u_ddr4/inst/u_ddr4_mem_intfc/u_ddr_cal_top/u_ddr_cal/U_XSDB_SLAVE/reg_do_reg[12]/D
  -------------------------------------------------------------------    -------------------

                         (clock mmcm_clkout5 rise edge)
                                                     13.328    13.328 r  
    G13                                               0.000    13.328 r  c0_sys_clk_p (IN)
                         net (fo=0)                   0.079    13.407    core_inst/ddr_inst/u_ddr4/inst/u_ddr4_mem_intfc/u_mig_ddr4_phy/inst/u_ddr4_phy_pll/diff_input_clk.u_ibufg_sys_clk/I
    HPIOBDIFFINBUF_X0Y108
                         DIFFINBUF (Prop_DIFFINBUF_HPIOBDIFFINBUF_DIFF_IN_P_O)
                                                      0.453    13.860 r  core_inst/ddr_inst/u_ddr4/inst/u_ddr4_mem_intfc/u_mig_ddr4_phy/inst/u_ddr4_phy_pll/diff_input_clk.u_ibufg_sys_clk/DIFFINBUF_INST/O
                         net (fo=1, routed)           0.040    13.900    core_inst/ddr_inst/u_ddr4/inst/u_ddr4_mem_intfc/u_mig_ddr4_phy/inst/u_ddr4_phy_pll/diff_input_clk.u_ibufg_sys_clk/OUT
    G13                  IBUFCTRL (Prop_IBUFCTRL_HPIOB_M_I_O)
                                                      0.000    13.900 r  core_inst/ddr_inst/u_ddr4/inst/u_ddr4_mem_intfc/u_mig_ddr4_phy/inst/u_ddr4_phy_pll/diff_input_clk.u_ibufg_sys_clk/IBUFCTRL_INST/O
                         net (fo=2, routed)           0.333    14.233    core_inst/ddr_inst/u_ddr4/inst/u_ddr4_infrastructure/mmcm_clk_in
    MMCM_X0Y4            MMCME4_ADV (Prop_MMCM_CLKIN1_CLKOUT5)
                                                      0.630    14.863 r  core_inst/ddr_inst/u_ddr4/inst/u_ddr4_infrastructure/gen_mmcme4.u_mmcme_adv_inst/CLKOUT5
                         net (fo=1, routed)           0.208    15.071    core_inst/ddr_inst/u_ddr4/inst/u_ddr4_infrastructure/mmcm_clkout5
    BUFGCE_X0Y119        BUFGCE (Prop_BUFCE_BUFGCE_I_O)
                                                      0.024    15.095 r  core_inst/ddr_inst/u_ddr4/inst/u_ddr4_infrastructure/u_bufg_dbg_clk/O
    X2Y2 (CLOCK_ROOT)    net (fo=1820, routed)        2.070    17.165    core_inst/ddr_inst/u_ddr4/inst/u_ddr4_mem_intfc/u_ddr_cal_top/u_ddr_cal/U_XSDB_SLAVE/sl_iport_i[1]
    SLICE_X82Y185        FDRE                                         r  core_inst/ddr_inst/u_ddr4/inst/u_ddr4_mem_intfc/u_ddr_cal_top/u_ddr_cal/U_XSDB_SLAVE/reg_do_reg[12]/C
                         clock pessimism             -0.386    16.778    
                         clock uncertainty           -0.061    16.717    
    SLICE_X82Y185        FDRE (Setup_CFF_SLICEM_C_D)
                                                      0.025    16.742    core_inst/ddr_inst/u_ddr4/inst/u_ddr4_mem_intfc/u_ddr_cal_top/u_ddr_cal/U_XSDB_SLAVE/reg_do_reg[12]
  -------------------------------------------------------------------
                         required time                         16.742    
                         arrival time                          -6.624    
  -------------------------------------------------------------------
                         slack                                 10.118    





Min Delay Paths
--------------------------------------------------------------------------------------
Slack (MET) :             0.029ns  (arrival time - required time)
  Source:                 core_inst/vio_inst/inst/U_XSDB_SLAVE/uuid_stamp_reg[68]/C
                            (rising edge-triggered cell FDRE clocked by mmcm_clkout5  {rise@0.000ns fall@6.664ns period=13.328ns})
  Destination:            core_inst/vio_inst/inst/U_XSDB_SLAVE/uuid_stamp_reg[68]/D
                            (rising edge-triggered cell FDRE clocked by mmcm_clkout5  {rise@0.000ns fall@6.664ns period=13.328ns})
  Path Group:             mmcm_clkout5
  Path Type:              Hold (Min at Fast Process Corner)
  Requirement:            0.000ns  (mmcm_clkout5 rise@0.000ns - mmcm_clkout5 rise@0.000ns)
  Data Path Delay:        0.081ns  (logic 0.039ns (48.148%)  route 0.042ns (51.852%))
  Logic Levels:           0  
  Clock Path Skew:        0.006ns (DCD - SCD - CPR)
    Destination Clock Delay (DCD):    2.046ns
    Source Clock Delay      (SCD):    2.236ns
    Clock Pessimism Removal (CPR):    -0.196ns
  Clock Net Delay (Source):      1.227ns (routing 0.673ns, distribution 0.554ns)
  Clock Net Delay (Destination): 1.384ns (routing 0.751ns, distribution 0.633ns)

    Location             Delay type                Incr(ns)  Path(ns)    Netlist Resource(s)
  -------------------------------------------------------------------    -------------------
                         (clock mmcm_clkout5 rise edge)
                                                      0.000     0.000 r  
    G13                                               0.000     0.000 r  c0_sys_clk_p (IN)
                         net (fo=0)                   0.079     0.079    core_inst/ddr_inst/u_ddr4/inst/u_ddr4_mem_intfc/u_mig_ddr4_phy/inst/u_ddr4_phy_pll/diff_input_clk.u_ibufg_sys_clk/I
    HPIOBDIFFINBUF_X0Y108
                         DIFFINBUF (Prop_DIFFINBUF_HPIOBDIFFINBUF_DIFF_IN_P_O)
                                                      0.308     0.387 r  core_inst/ddr_inst/u_ddr4/inst/u_ddr4_mem_intfc/u_mig_ddr4_phy/inst/u_ddr4_phy_pll/diff_input_clk.u_ibufg_sys_clk/DIFFINBUF_INST/O
                         net (fo=1, routed)           0.040     0.427    core_inst/ddr_inst/u_ddr4/inst/u_ddr4_mem_intfc/u_mig_ddr4_phy/inst/u_ddr4_phy_pll/diff_input_clk.u_ibufg_sys_clk/OUT
    G13                  IBUFCTRL (Prop_IBUFCTRL_HPIOB_M_I_O)
                                                      0.000     0.427 r  core_inst/ddr_inst/u_ddr4/inst/u_ddr4_mem_intfc/u_mig_ddr4_phy/inst/u_ddr4_phy_pll/diff_input_clk.u_ibufg_sys_clk/IBUFCTRL_INST/O
                         net (fo=2, routed)           0.196     0.623    core_inst/ddr_inst/u_ddr4/inst/u_ddr4_infrastructure/mmcm_clk_in
    MMCM_X0Y4            MMCME4_ADV (Prop_MMCM_CLKIN1_CLKOUT5)
                                                      0.230     0.853 r  core_inst/ddr_inst/u_ddr4/inst/u_ddr4_infrastructure/gen_mmcme4.u_mmcme_adv_inst/CLKOUT5
                         net (fo=1, routed)           0.140     0.993    core_inst/ddr_inst/u_ddr4/inst/u_ddr4_infrastructure/mmcm_clkout5
    BUFGCE_X0Y119        BUFGCE (Prop_BUFCE_BUFGCE_I_O)
                                                      0.017     1.010 r  core_inst/ddr_inst/u_ddr4/inst/u_ddr4_infrastructure/u_bufg_dbg_clk/O
    X2Y2 (CLOCK_ROOT)    net (fo=1820, routed)        1.227     2.236    core_inst/vio_inst/inst/U_XSDB_SLAVE/sl_iport_i[1]
    SLICE_X78Y194        FDRE                                         r  core_inst/vio_inst/inst/U_XSDB_SLAVE/uuid_stamp_reg[68]/C
  -------------------------------------------------------------------    -------------------
    SLICE_X78Y194        FDRE (Prop_HFF_SLICEM_C_Q)
                                                      0.039     2.275 r  core_inst/vio_inst/inst/U_XSDB_SLAVE/uuid_stamp_reg[68]/Q
                         net (fo=2, routed)           0.042     2.317    core_inst/vio_inst/inst/U_XSDB_SLAVE/uuid_stamp[68]
    SLICE_X78Y194        FDRE                                         r  core_inst/vio_inst/inst/U_XSDB_SLAVE/uuid_stamp_reg[68]/D
  -------------------------------------------------------------------    -------------------

                         (clock mmcm_clkout5 rise edge)
                                                      0.000     0.000 r  
    G13                                               0.000     0.000 r  c0_sys_clk_p (IN)
                         net (fo=0)                   0.100     0.100    core_inst/ddr_inst/u_ddr4/inst/u_ddr4_mem_intfc/u_mig_ddr4_phy/inst/u_ddr4_phy_pll/diff_input_clk.u_ibufg_sys_clk/I
    HPIOBDIFFINBUF_X0Y108
                         DIFFINBUF (Prop_DIFFINBUF_HPIOBDIFFINBUF_DIFF_IN_P_O)
                                                      0.406     0.506 r  core_inst/ddr_inst/u_ddr4/inst/u_ddr4_mem_intfc/u_mig_ddr4_phy/inst/u_ddr4_phy_pll/diff_input_clk.u_ibufg_sys_clk/DIFFINBUF_INST/O
                         net (fo=1, routed)           0.050     0.556    core_inst/ddr_inst/u_ddr4/inst/u_ddr4_mem_intfc/u_mig_ddr4_phy/inst/u_ddr4_phy_pll/diff_input_clk.u_ibufg_sys_clk/OUT
    G13                  IBUFCTRL (Prop_IBUFCTRL_HPIOB_M_I_O)
                                                      0.000     0.556 r  core_inst/ddr_inst/u_ddr4/inst/u_ddr4_mem_intfc/u_mig_ddr4_phy/inst/u_ddr4_phy_pll/diff_input_clk.u_ibufg_sys_clk/IBUFCTRL_INST/O
                         net (fo=2, routed)           0.222     0.778    core_inst/ddr_inst/u_ddr4/inst/u_ddr4_infrastructure/mmcm_clk_in
    MMCM_X0Y4            MMCME4_ADV (Prop_MMCM_CLKIN1_CLKOUT5)
                                                     -0.295     0.483 r  core_inst/ddr_inst/u_ddr4/inst/u_ddr4_infrastructure/gen_mmcme4.u_mmcme_adv_inst/CLKOUT5
                         net (fo=1, routed)           0.160     0.643    core_inst/ddr_inst/u_ddr4/inst/u_ddr4_infrastructure/mmcm_clkout5
    BUFGCE_X0Y119        BUFGCE (Prop_BUFCE_BUFGCE_I_O)
                                                      0.019     0.662 r  core_inst/ddr_inst/u_ddr4/inst/u_ddr4_infrastructure/u_bufg_dbg_clk/O
    X2Y2 (CLOCK_ROOT)    net (fo=1820, routed)        1.384     2.046    core_inst/vio_inst/inst/U_XSDB_SLAVE/sl_iport_i[1]
    SLICE_X78Y194        FDRE                                         r  core_inst/vio_inst/inst/U_XSDB_SLAVE/uuid_stamp_reg[68]/C
                         clock pessimism              0.196     2.242    
    SLICE_X78Y194        FDRE (Hold_HFF_SLICEM_C_D)
                                                      0.046     2.288    core_inst/vio_inst/inst/U_XSDB_SLAVE/uuid_stamp_reg[68]
  -------------------------------------------------------------------
                         required time                         -2.288    
                         arrival time                           2.317    
  -------------------------------------------------------------------
                         slack                                  0.029    





Pulse Width Checks
--------------------------------------------------------------------------------------
Clock Name:         mmcm_clkout5
Waveform(ns):       { 0.000 6.664 }
Period(ns):         13.328
Sources:            { core_inst/ddr_inst/u_ddr4/inst/u_ddr4_infrastructure/gen_mmcme4.u_mmcme_adv_inst/CLKOUT5 }

Check Type        Corner  Lib Pin     Reference Pin  Required(ns)  Actual(ns)  Slack(ns)  Location       Pin
Min Period        n/a     BUFGCE/I    n/a            1.290         13.328      12.038     BUFGCE_X0Y119  core_inst/ddr_inst/u_ddr4/inst/u_ddr4_infrastructure/u_bufg_dbg_clk/I
Low Pulse Width   Slow    RAMD32/CLK  n/a            0.532         6.664       6.132      SLICE_X76Y188  dbg_hub/inst/BSCANID.u_xsdbm_id/CORE_XSDB.UUT_MASTER/U_ICON_INTERFACE/U_CMD6_RD/U_RD_FIFO/SUBCORE_FIFO.xsdbm_v3_0_0_rdfifo_inst/inst_fifo_gen/gconvfifo.rf/grf.rf/gntv_or_sync_fifo.mem/gdm.dm_gen.dm/RAM_reg_0_15_0_13/RAMA/CLK
High Pulse Width  Slow    RAMD32/CLK  n/a            0.532         6.664       6.132      SLICE_X76Y188  dbg_hub/inst/BSCANID.u_xsdbm_id/CORE_XSDB.UUT_MASTER/U_ICON_INTERFACE/U_CMD6_RD/U_RD_FIFO/SUBCORE_FIFO.xsdbm_v3_0_0_rdfifo_inst/inst_fifo_gen/gconvfifo.rf/grf.rf/gntv_or_sync_fifo.mem/gdm.dm_gen.dm/RAM_reg_0_15_0_13/RAMA/CLK



---------------------------------------------------------------------------------------------------
From Clock:  mmcm_clkout6
  To Clock:  mmcm_clkout6

Setup :            0  Failing Endpoints,  Worst Slack        1.932ns,  Total Violation        0.000ns
Hold  :            0  Failing Endpoints,  Worst Slack        0.018ns,  Total Violation        0.000ns
PW    :            0  Failing Endpoints,  Worst Slack        1.108ns,  Total Violation        0.000ns
---------------------------------------------------------------------------------------------------


Max Delay Paths
--------------------------------------------------------------------------------------
Slack (MET) :             1.932ns  (required time - arrival time)
  Source:                 core_inst/ddr_inst/u_ddr4/inst/u_ddr4_mem_intfc/u_ddr_cal_riu/io_address_riuclk_reg[7]/C
                            (rising edge-triggered cell FDRE clocked by mmcm_clkout6  {rise@0.000ns fall@3.332ns period=6.664ns})
  Destination:            core_inst/ddr_inst/u_ddr4/inst/u_ddr4_mem_intfc/u_mig_ddr4_phy/inst/riu2clb_vld_read_data_reg[9]/D
                            (rising edge-triggered cell FDRE clocked by mmcm_clkout6  {rise@0.000ns fall@3.332ns period=6.664ns})
  Path Group:             mmcm_clkout6
  Path Type:              Setup (Max at Slow Process Corner)
  Requirement:            6.664ns  (mmcm_clkout6 rise@6.664ns - mmcm_clkout6 rise@0.000ns)
  Data Path Delay:        4.504ns  (logic 0.732ns (16.251%)  route 3.772ns (83.749%))
  Logic Levels:           5  (LUT2=1 LUT5=1 LUT6=3)
  Clock Path Skew:        -0.196ns (DCD - SCD + CPR)
    Destination Clock Delay (DCD):    2.799ns = ( 9.463 - 6.664 ) 
    Source Clock Delay      (SCD):    2.471ns
    Clock Pessimism Removal (CPR):    -0.523ns
  Clock Uncertainty:      0.056ns  ((TSJ^2 + DJ^2)^1/2) / 2 + PE
    Total System Jitter     (TSJ):    0.071ns
    Discrete Jitter          (DJ):    0.088ns
    Phase Error              (PE):    0.000ns
  Clock Net Delay (Source):      1.226ns (routing 0.171ns, distribution 1.055ns)
  Clock Net Delay (Destination): 1.014ns (routing 0.155ns, distribution 0.859ns)

    Location             Delay type                Incr(ns)  Path(ns)    Netlist Resource(s)
  -------------------------------------------------------------------    -------------------
                         (clock mmcm_clkout6 rise edge)
                                                      0.000     0.000 r  
    G13                                               0.000     0.000 r  c0_sys_clk_p (IN)
                         net (fo=0)                   0.100     0.100    core_inst/ddr_inst/u_ddr4/inst/u_ddr4_mem_intfc/u_mig_ddr4_phy/inst/u_ddr4_phy_pll/diff_input_clk.u_ibufg_sys_clk/I
    HPIOBDIFFINBUF_X0Y108
                         DIFFINBUF (Prop_DIFFINBUF_HPIOBDIFFINBUF_DIFF_IN_P_O)
                                                      0.549     0.649 r  core_inst/ddr_inst/u_ddr4/inst/u_ddr4_mem_intfc/u_mig_ddr4_phy/inst/u_ddr4_phy_pll/diff_input_clk.u_ibufg_sys_clk/DIFFINBUF_INST/O
                         net (fo=1, routed)           0.050     0.699    core_inst/ddr_inst/u_ddr4/inst/u_ddr4_mem_intfc/u_mig_ddr4_phy/inst/u_ddr4_phy_pll/diff_input_clk.u_ibufg_sys_clk/OUT
    G13                  IBUFCTRL (Prop_IBUFCTRL_HPIOB_M_I_O)
                                                      0.000     0.699 r  core_inst/ddr_inst/u_ddr4/inst/u_ddr4_mem_intfc/u_mig_ddr4_phy/inst/u_ddr4_phy_pll/diff_input_clk.u_ibufg_sys_clk/IBUFCTRL_INST/O
                         net (fo=2, routed)           0.384     1.083    core_inst/ddr_inst/u_ddr4/inst/u_ddr4_infrastructure/mmcm_clk_in
    MMCM_X0Y4            MMCME4_ADV (Prop_MMCM_CLKIN1_CLKOUT6)
                                                     -0.127     0.956 r  core_inst/ddr_inst/u_ddr4/inst/u_ddr4_infrastructure/gen_mmcme4.u_mmcme_adv_inst/CLKOUT6
                         net (fo=1, routed)           0.261     1.217    core_inst/ddr_inst/u_ddr4/inst/u_ddr4_infrastructure/mmcm_clkout6
    BUFGCE_X0Y116        BUFGCE (Prop_BUFCE_BUFGCE_I_O)
                                                      0.028     1.245 r  core_inst/ddr_inst/u_ddr4/inst/u_ddr4_infrastructure/u_bufg_riuClk/O
    X4Y4 (CLOCK_ROOT)    net (fo=1761, routed)        1.226     2.471    core_inst/ddr_inst/u_ddr4/inst/u_ddr4_mem_intfc/u_ddr_cal_riu/CLK
    SLICE_X90Y239        FDRE                                         r  core_inst/ddr_inst/u_ddr4/inst/u_ddr4_mem_intfc/u_ddr_cal_riu/io_address_riuclk_reg[7]/C
  -------------------------------------------------------------------    -------------------
    SLICE_X90Y239        FDRE (Prop_BFF_SLICEM_C_Q)
                                                      0.078     2.549 f  core_inst/ddr_inst/u_ddr4/inst/u_ddr4_mem_intfc/u_ddr_cal_riu/io_address_riuclk_reg[7]/Q
                         net (fo=42, routed)          0.780     3.329    core_inst/ddr_inst/u_ddr4/inst/u_ddr4_mem_intfc/u_mig_ddr4_phy/inst/io_address_riuclk[7]
    SLICE_X85Y236        LUT2 (Prop_C6LUT_SLICEL_I1_O)
                                                      0.146     3.475 f  core_inst/ddr_inst/u_ddr4/inst/u_ddr4_mem_intfc/u_mig_ddr4_phy/inst/riu_addr_cal[5]_INST_0_i_8/O
                         net (fo=11, routed)          0.279     3.754    core_inst/ddr_inst/u_ddr4/inst/u_ddr4_mem_intfc/u_mig_ddr4_phy/inst/riu_addr_cal[5]_INST_0_i_8_n_0
    SLICE_X84Y237        LUT6 (Prop_B6LUT_SLICEL_I1_O)
                                                      0.148     3.902 r  core_inst/ddr_inst/u_ddr4/inst/u_ddr4_mem_intfc/u_mig_ddr4_phy/inst/riu_nibble_8[2]_INST_0_i_4/O
                         net (fo=1, routed)           0.091     3.993    core_inst/ddr_inst/u_ddr4/inst/u_ddr4_mem_intfc/u_mig_ddr4_phy/inst/riu_nibble_8[2]_INST_0_i_4_n_0
    SLICE_X84Y237        LUT6 (Prop_C6LUT_SLICEL_I4_O)
                                                      0.088     4.081 r  core_inst/ddr_inst/u_ddr4/inst/u_ddr4_mem_intfc/u_mig_ddr4_phy/inst/riu_nibble_8[2]_INST_0_i_1/O
                         net (fo=85, routed)          1.847     5.928    core_inst/ddr_inst/u_ddr4/inst/u_ddr4_mem_intfc/u_mig_ddr4_phy/inst/io_address_riuclk_8_sn_1
    SLICE_X81Y321        LUT6 (Prop_A6LUT_SLICEL_I2_O)
                                                      0.149     6.077 f  core_inst/ddr_inst/u_ddr4/inst/u_ddr4_mem_intfc/u_mig_ddr4_phy/inst/riu2clb_vld_read_data[9]_i_4/O
                         net (fo=1, routed)           0.717     6.794    core_inst/ddr_inst/u_ddr4/inst/u_ddr4_mem_intfc/u_mig_ddr4_phy/inst/riu2clb_vld_read_data[9]_i_4_n_0
    SLICE_X82Y253        LUT5 (Prop_G6LUT_SLICEM_I4_O)
                                                      0.123     6.917 r  core_inst/ddr_inst/u_ddr4/inst/u_ddr4_mem_intfc/u_mig_ddr4_phy/inst/riu2clb_vld_read_data[9]_i_1/O
                         net (fo=1, routed)           0.059     6.976    core_inst/ddr_inst/u_ddr4/inst/u_ddr4_mem_intfc/u_mig_ddr4_phy/inst/riu2clb_vld_read_data[9]_i_1_n_0
    SLICE_X82Y253        FDRE                                         r  core_inst/ddr_inst/u_ddr4/inst/u_ddr4_mem_intfc/u_mig_ddr4_phy/inst/riu2clb_vld_read_data_reg[9]/D
  -------------------------------------------------------------------    -------------------

                         (clock mmcm_clkout6 rise edge)
                                                      6.664     6.664 r  
    G13                                               0.000     6.664 r  c0_sys_clk_p (IN)
                         net (fo=0)                   0.079     6.743    core_inst/ddr_inst/u_ddr4/inst/u_ddr4_mem_intfc/u_mig_ddr4_phy/inst/u_ddr4_phy_pll/diff_input_clk.u_ibufg_sys_clk/I
    HPIOBDIFFINBUF_X0Y108
                         DIFFINBUF (Prop_DIFFINBUF_HPIOBDIFFINBUF_DIFF_IN_P_O)
                                                      0.453     7.196 r  core_inst/ddr_inst/u_ddr4/inst/u_ddr4_mem_intfc/u_mig_ddr4_phy/inst/u_ddr4_phy_pll/diff_input_clk.u_ibufg_sys_clk/DIFFINBUF_INST/O
                         net (fo=1, routed)           0.040     7.236    core_inst/ddr_inst/u_ddr4/inst/u_ddr4_mem_intfc/u_mig_ddr4_phy/inst/u_ddr4_phy_pll/diff_input_clk.u_ibufg_sys_clk/OUT
    G13                  IBUFCTRL (Prop_IBUFCTRL_HPIOB_M_I_O)
                                                      0.000     7.236 r  core_inst/ddr_inst/u_ddr4/inst/u_ddr4_mem_intfc/u_mig_ddr4_phy/inst/u_ddr4_phy_pll/diff_input_clk.u_ibufg_sys_clk/IBUFCTRL_INST/O
                         net (fo=2, routed)           0.333     7.569    core_inst/ddr_inst/u_ddr4/inst/u_ddr4_infrastructure/mmcm_clk_in
    MMCM_X0Y4            MMCME4_ADV (Prop_MMCM_CLKIN1_CLKOUT6)
                                                      0.630     8.199 r  core_inst/ddr_inst/u_ddr4/inst/u_ddr4_infrastructure/gen_mmcme4.u_mmcme_adv_inst/CLKOUT6
                         net (fo=1, routed)           0.226     8.425    core_inst/ddr_inst/u_ddr4/inst/u_ddr4_infrastructure/mmcm_clkout6
    BUFGCE_X0Y116        BUFGCE (Prop_BUFCE_BUFGCE_I_O)
                                                      0.024     8.449 r  core_inst/ddr_inst/u_ddr4/inst/u_ddr4_infrastructure/u_bufg_riuClk/O
    X4Y4 (CLOCK_ROOT)    net (fo=1761, routed)        1.014     9.463    core_inst/ddr_inst/u_ddr4/inst/u_ddr4_mem_intfc/u_mig_ddr4_phy/inst/riu_clk
    SLICE_X82Y253        FDRE                                         r  core_inst/ddr_inst/u_ddr4/inst/u_ddr4_mem_intfc/u_mig_ddr4_phy/inst/riu2clb_vld_read_data_reg[9]/C
                         clock pessimism             -0.523     8.939    
                         clock uncertainty           -0.056     8.883    
    SLICE_X82Y253        FDRE (Setup_GFF_SLICEM_C_D)
                                                      0.025     8.908    core_inst/ddr_inst/u_ddr4/inst/u_ddr4_mem_intfc/u_mig_ddr4_phy/inst/riu2clb_vld_read_data_reg[9]
  -------------------------------------------------------------------
                         required time                          8.908    
                         arrival time                          -6.976    
  -------------------------------------------------------------------
                         slack                                  1.932    





Min Delay Paths
--------------------------------------------------------------------------------------
Slack (MET) :             0.018ns  (arrival time - required time)
  Source:                 core_inst/ddr_inst/u_ddr4/inst/u_ddr4_mem_intfc/u_ddr_cal_riu/mcs0/inst/rst_0/U0/SEQ/pr_dec_reg[2]/C
                            (rising edge-triggered cell FDRE clocked by mmcm_clkout6  {rise@0.000ns fall@3.332ns period=6.664ns})
  Destination:            core_inst/ddr_inst/u_ddr4/inst/u_ddr4_mem_intfc/u_ddr_cal_riu/mcs0/inst/rst_0/U0/SEQ/pr_reg/D
                            (rising edge-triggered cell FDSE clocked by mmcm_clkout6  {rise@0.000ns fall@3.332ns period=6.664ns})
  Path Group:             mmcm_clkout6
  Path Type:              Hold (Min at Slow Process Corner)
  Requirement:            0.000ns  (mmcm_clkout6 rise@0.000ns - mmcm_clkout6 rise@0.000ns)
  Data Path Delay:        0.179ns  (logic 0.093ns (51.955%)  route 0.086ns (48.045%))
  Logic Levels:           1  (LUT2=1)
  Clock Path Skew:        0.101ns (DCD - SCD - CPR)
    Destination Clock Delay (DCD):    2.468ns
    Source Clock Delay      (SCD):    2.837ns
    Clock Pessimism Removal (CPR):    -0.471ns
  Clock Net Delay (Source):      1.053ns (routing 0.155ns, distribution 0.898ns)
  Clock Net Delay (Destination): 1.223ns (routing 0.171ns, distribution 1.052ns)

    Location             Delay type                Incr(ns)  Path(ns)    Netlist Resource(s)
  -------------------------------------------------------------------    -------------------
                         (clock mmcm_clkout6 rise edge)
                                                      0.000     0.000 r  
    G13                                               0.000     0.000 r  c0_sys_clk_p (IN)
                         net (fo=0)                   0.079     0.079    core_inst/ddr_inst/u_ddr4/inst/u_ddr4_mem_intfc/u_mig_ddr4_phy/inst/u_ddr4_phy_pll/diff_input_clk.u_ibufg_sys_clk/I
    HPIOBDIFFINBUF_X0Y108
                         DIFFINBUF (Prop_DIFFINBUF_HPIOBDIFFINBUF_DIFF_IN_P_O)
                                                      0.453     0.532 r  core_inst/ddr_inst/u_ddr4/inst/u_ddr4_mem_intfc/u_mig_ddr4_phy/inst/u_ddr4_phy_pll/diff_input_clk.u_ibufg_sys_clk/DIFFINBUF_INST/O
                         net (fo=1, routed)           0.040     0.572    core_inst/ddr_inst/u_ddr4/inst/u_ddr4_mem_intfc/u_mig_ddr4_phy/inst/u_ddr4_phy_pll/diff_input_clk.u_ibufg_sys_clk/OUT
    G13                  IBUFCTRL (Prop_IBUFCTRL_HPIOB_M_I_O)
                                                      0.000     0.572 r  core_inst/ddr_inst/u_ddr4/inst/u_ddr4_mem_intfc/u_mig_ddr4_phy/inst/u_ddr4_phy_pll/diff_input_clk.u_ibufg_sys_clk/IBUFCTRL_INST/O
                         net (fo=2, routed)           0.333     0.905    core_inst/ddr_inst/u_ddr4/inst/u_ddr4_infrastructure/mmcm_clk_in
    MMCM_X0Y4            MMCME4_ADV (Prop_MMCM_CLKIN1_CLKOUT6)
                                                      0.630     1.535 r  core_inst/ddr_inst/u_ddr4/inst/u_ddr4_infrastructure/gen_mmcme4.u_mmcme_adv_inst/CLKOUT6
                         net (fo=1, routed)           0.226     1.761    core_inst/ddr_inst/u_ddr4/inst/u_ddr4_infrastructure/mmcm_clkout6
    BUFGCE_X0Y116        BUFGCE (Prop_BUFCE_BUFGCE_I_O)
                                                      0.024     1.785 r  core_inst/ddr_inst/u_ddr4/inst/u_ddr4_infrastructure/u_bufg_riuClk/O
    X4Y4 (CLOCK_ROOT)    net (fo=1761, routed)        1.053     2.837    core_inst/ddr_inst/u_ddr4/inst/u_ddr4_mem_intfc/u_ddr_cal_riu/mcs0/inst/rst_0/U0/SEQ/slowest_sync_clk
    SLICE_X96Y256        FDRE                                         r  core_inst/ddr_inst/u_ddr4/inst/u_ddr4_mem_intfc/u_ddr_cal_riu/mcs0/inst/rst_0/U0/SEQ/pr_dec_reg[2]/C
  -------------------------------------------------------------------    -------------------
    SLICE_X96Y256        FDRE (Prop_GFF_SLICEM_C_Q)
                                                      0.058     2.895 f  core_inst/ddr_inst/u_ddr4/inst/u_ddr4_mem_intfc/u_ddr_cal_riu/mcs0/inst/rst_0/U0/SEQ/pr_dec_reg[2]/Q
                         net (fo=1, routed)           0.064     2.959    core_inst/ddr_inst/u_ddr4/inst/u_ddr4_mem_intfc/u_ddr_cal_riu/mcs0/inst/rst_0/U0/SEQ/pr_dec_reg_n_0_[2]
    SLICE_X95Y256        LUT2 (Prop_D6LUT_SLICEL_I1_O)
                                                      0.035     2.994 r  core_inst/ddr_inst/u_ddr4/inst/u_ddr4_mem_intfc/u_ddr_cal_riu/mcs0/inst/rst_0/U0/SEQ/pr_i_1/O
                         net (fo=1, routed)           0.022     3.016    core_inst/ddr_inst/u_ddr4/inst/u_ddr4_mem_intfc/u_ddr_cal_riu/mcs0/inst/rst_0/U0/SEQ/pr_i_1_n_0
    SLICE_X95Y256        FDSE                                         r  core_inst/ddr_inst/u_ddr4/inst/u_ddr4_mem_intfc/u_ddr_cal_riu/mcs0/inst/rst_0/U0/SEQ/pr_reg/D
  -------------------------------------------------------------------    -------------------

                         (clock mmcm_clkout6 rise edge)
                                                      0.000     0.000 r  
    G13                                               0.000     0.000 r  c0_sys_clk_p (IN)
                         net (fo=0)                   0.100     0.100    core_inst/ddr_inst/u_ddr4/inst/u_ddr4_mem_intfc/u_mig_ddr4_phy/inst/u_ddr4_phy_pll/diff_input_clk.u_ibufg_sys_clk/I
    HPIOBDIFFINBUF_X0Y108
                         DIFFINBUF (Prop_DIFFINBUF_HPIOBDIFFINBUF_DIFF_IN_P_O)
                                                      0.549     0.649 r  core_inst/ddr_inst/u_ddr4/inst/u_ddr4_mem_intfc/u_mig_ddr4_phy/inst/u_ddr4_phy_pll/diff_input_clk.u_ibufg_sys_clk/DIFFINBUF_INST/O
                         net (fo=1, routed)           0.050     0.699    core_inst/ddr_inst/u_ddr4/inst/u_ddr4_mem_intfc/u_mig_ddr4_phy/inst/u_ddr4_phy_pll/diff_input_clk.u_ibufg_sys_clk/OUT
    G13                  IBUFCTRL (Prop_IBUFCTRL_HPIOB_M_I_O)
                                                      0.000     0.699 r  core_inst/ddr_inst/u_ddr4/inst/u_ddr4_mem_intfc/u_mig_ddr4_phy/inst/u_ddr4_phy_pll/diff_input_clk.u_ibufg_sys_clk/IBUFCTRL_INST/O
                         net (fo=2, routed)           0.384     1.083    core_inst/ddr_inst/u_ddr4/inst/u_ddr4_infrastructure/mmcm_clk_in
    MMCM_X0Y4            MMCME4_ADV (Prop_MMCM_CLKIN1_CLKOUT6)
                                                     -0.127     0.956 r  core_inst/ddr_inst/u_ddr4/inst/u_ddr4_infrastructure/gen_mmcme4.u_mmcme_adv_inst/CLKOUT6
                         net (fo=1, routed)           0.261     1.217    core_inst/ddr_inst/u_ddr4/inst/u_ddr4_infrastructure/mmcm_clkout6
    BUFGCE_X0Y116        BUFGCE (Prop_BUFCE_BUFGCE_I_O)
                                                      0.028     1.245 r  core_inst/ddr_inst/u_ddr4/inst/u_ddr4_infrastructure/u_bufg_riuClk/O
    X4Y4 (CLOCK_ROOT)    net (fo=1761, routed)        1.223     2.468    core_inst/ddr_inst/u_ddr4/inst/u_ddr4_mem_intfc/u_ddr_cal_riu/mcs0/inst/rst_0/U0/SEQ/slowest_sync_clk
    SLICE_X95Y256        FDSE                                         r  core_inst/ddr_inst/u_ddr4/inst/u_ddr4_mem_intfc/u_ddr_cal_riu/mcs0/inst/rst_0/U0/SEQ/pr_reg/C
                         clock pessimism              0.471     2.939    
    SLICE_X95Y256        FDSE (Hold_DFF_SLICEL_C_D)
                                                      0.060     2.999    core_inst/ddr_inst/u_ddr4/inst/u_ddr4_mem_intfc/u_ddr_cal_riu/mcs0/inst/rst_0/U0/SEQ/pr_reg
  -------------------------------------------------------------------
                         required time                         -2.999    
                         arrival time                           3.016    
  -------------------------------------------------------------------
                         slack                                  0.018    





Pulse Width Checks
--------------------------------------------------------------------------------------
Clock Name:         mmcm_clkout6
Waveform(ns):       { 0.000 3.332 }
Period(ns):         6.664
Sources:            { core_inst/ddr_inst/u_ddr4/inst/u_ddr4_infrastructure/gen_mmcme4.u_mmcme_adv_inst/CLKOUT6 }

Check Type        Corner  Lib Pin                   Reference Pin             Required(ns)  Actual(ns)  Slack(ns)  Location                Pin
Min Period        n/a     BITSLICE_CONTROL/RIU_CLK  n/a                       3.846         6.664       2.818      BITSLICE_CONTROL_X0Y24  core_inst/ddr_inst/u_ddr4/inst/u_ddr4_mem_intfc/u_mig_ddr4_phy/inst/generate_block1.u_ddr_xiphy/byte_num[0].xiphy_byte_wrapper.u_xiphy_byte_wrapper/I_CONTROL[0].GEN_I_CONTROL.u_xiphy_control/xiphy_control/RIU_CLK
Low Pulse Width   Slow    BITSLICE_CONTROL/RIU_CLK  n/a                       1.731         3.332       1.601      BITSLICE_CONTROL_X0Y24  core_inst/ddr_inst/u_ddr4/inst/u_ddr4_mem_intfc/u_mig_ddr4_phy/inst/generate_block1.u_ddr_xiphy/byte_num[0].xiphy_byte_wrapper.u_xiphy_byte_wrapper/I_CONTROL[0].GEN_I_CONTROL.u_xiphy_control/xiphy_control/RIU_CLK
High Pulse Width  Slow    BITSLICE_CONTROL/RIU_CLK  n/a                       1.731         3.332       1.601      BITSLICE_CONTROL_X0Y24  core_inst/ddr_inst/u_ddr4/inst/u_ddr4_mem_intfc/u_mig_ddr4_phy/inst/generate_block1.u_ddr_xiphy/byte_num[0].xiphy_byte_wrapper.u_xiphy_byte_wrapper/I_CONTROL[0].GEN_I_CONTROL.u_xiphy_control/xiphy_control/RIU_CLK
Max Skew          Fast    BITSLICE_CONTROL/RIU_CLK  BITSLICE_CONTROL/PLL_CLK  1.984         0.876       1.108      BITSLICE_CONTROL_X0Y41  core_inst/ddr_inst/u_ddr4/inst/u_ddr4_mem_intfc/u_mig_ddr4_phy/inst/generate_block1.u_ddr_xiphy/byte_num[8].xiphy_byte_wrapper.u_xiphy_byte_wrapper/I_CONTROL[1].GEN_I_CONTROL.u_xiphy_control/xiphy_control/RIU_CLK



---------------------------------------------------------------------------------------------------
From Clock:  clk_100
  To Clock:  clk_100

Setup :           NA  Failing Endpoints,  Worst Slack           NA  ,  Total Violation           NA
Hold  :           NA  Failing Endpoints,  Worst Slack           NA  ,  Total Violation           NA
PW    :            0  Failing Endpoints,  Worst Slack        2.000ns,  Total Violation        0.000ns
---------------------------------------------------------------------------------------------------


Pulse Width Checks
--------------------------------------------------------------------------------------
Clock Name:         clk_100
Waveform(ns):       { 0.000 5.000 }
Period(ns):         10.000
Sources:            { clk_p }

Check Type        Corner  Lib Pin            Reference Pin  Required(ns)  Actual(ns)  Slack(ns)  Location   Pin
Min Period        n/a     MMCME4_ADV/CLKIN1  n/a            1.071         10.000      8.929      MMCM_X0Y0  clk_mmcm/CLKIN1
Max Period        n/a     MMCME4_ADV/CLKIN1  n/a            100.000       10.000      90.000     MMCM_X0Y0  clk_mmcm/CLKIN1
Low Pulse Width   Slow    MMCME4_ADV/CLKIN1  n/a            3.000         5.000       2.000      MMCM_X0Y0  clk_mmcm/CLKIN1
High Pulse Width  Slow    MMCME4_ADV/CLKIN1  n/a            3.000         5.000       2.000      MMCM_X0Y0  clk_mmcm/CLKIN1



---------------------------------------------------------------------------------------------------
From Clock:  clk_125_mmcm
  To Clock:  clk_125_mmcm

Setup :            0  Failing Endpoints,  Worst Slack        5.367ns,  Total Violation        0.000ns
Hold  :            0  Failing Endpoints,  Worst Slack        0.023ns,  Total Violation        0.000ns
PW    :            0  Failing Endpoints,  Worst Slack        3.458ns,  Total Violation        0.000ns
---------------------------------------------------------------------------------------------------


Max Delay Paths
--------------------------------------------------------------------------------------
Slack (MET) :             5.367ns  (required time - arrival time)
  Source:                 core_inst/ddr_inst/u_wfifo/fifo_inst/wr_ptr_gray_reg_reg[6]/C
                            (rising edge-triggered cell FDRE clocked by clk_125_mmcm  {rise@0.000ns fall@4.000ns period=8.000ns})
  Destination:            core_inst/ddr_inst/u_wfifo/adapter_inst/temp_m_axis_tdata_reg_reg[145]/CE
                            (rising edge-triggered cell FDRE clocked by clk_125_mmcm  {rise@0.000ns fall@4.000ns period=8.000ns})
  Path Group:             clk_125_mmcm
  Path Type:              Setup (Max at Slow Process Corner)
  Requirement:            8.000ns  (clk_125_mmcm rise@8.000ns - clk_125_mmcm rise@0.000ns)
  Data Path Delay:        2.441ns  (logic 0.330ns (13.519%)  route 2.111ns (86.480%))
  Logic Levels:           2  (LUT6=2)
  Clock Path Skew:        -0.060ns (DCD - SCD + CPR)
    Destination Clock Delay (DCD):    4.132ns = ( 12.132 - 8.000 ) 
    Source Clock Delay      (SCD):    3.853ns
    Clock Pessimism Removal (CPR):    -0.339ns
  Clock Uncertainty:      0.071ns  ((TSJ^2 + DJ^2)^1/2) / 2 + PE
    Total System Jitter     (TSJ):    0.071ns
    Discrete Jitter          (DJ):    0.124ns
    Phase Error              (PE):    0.000ns
  Clock Net Delay (Source):      2.537ns (routing 1.597ns, distribution 0.940ns)
  Clock Net Delay (Destination): 2.289ns (routing 1.451ns, distribution 0.838ns)

    Location             Delay type                Incr(ns)  Path(ns)    Netlist Resource(s)
  -------------------------------------------------------------------    -------------------
                         (clock clk_125_mmcm rise edge)
                                                      0.000     0.000 r  
    AM15                                              0.000     0.000 r  clk_p (IN)
                         net (fo=0)                   0.100     0.100    clk_in_ibufds/I
    HPIOBDIFFINBUF_X0Y10 DIFFINBUF (Prop_DIFFINBUF_HPIOBDIFFINBUF_DIFF_IN_P_O)
                                                      0.617     0.717 r  clk_in_ibufds/DIFFINBUF_INST/O
                         net (fo=1, routed)           0.050     0.767    clk_in_ibufds/OUT
    AM15                 IBUFCTRL (Prop_IBUFCTRL_HPIOB_M_I_O)
                                                      0.000     0.767 r  clk_in_ibufds/IBUFCTRL_INST/O
                         net (fo=1, routed)           0.397     1.164    clk_in
    MMCM_X0Y0            MMCME4_ADV (Prop_MMCM_CLKIN1_CLKOUT1)
                                                     -0.127     1.037 r  clk_mmcm/CLKOUT1
                         net (fo=1, routed)           0.251     1.288    clk_125_mmcm
    BUFGCE_X0Y0          BUFGCE (Prop_BUFCE_BUFGCE_I_O)
                                                      0.028     1.316 r  clk_125_bufg/O
    X2Y4 (CLOCK_ROOT)    net (fo=1409, routed)        2.537     3.853    core_inst/ddr_inst/u_wfifo/fifo_inst/clk_wr
    SLICE_X74Y268        FDRE                                         r  core_inst/ddr_inst/u_wfifo/fifo_inst/wr_ptr_gray_reg_reg[6]/C
  -------------------------------------------------------------------    -------------------
    SLICE_X74Y268        FDRE (Prop_FFF2_SLICEL_C_Q)
                                                      0.081     3.934 r  core_inst/ddr_inst/u_wfifo/fifo_inst/wr_ptr_gray_reg_reg[6]/Q
                         net (fo=4, routed)           0.322     4.256    core_inst/ddr_inst/u_wfifo/fifo_inst/wr_ptr_gray_reg[6]
    SLICE_X72Y267        LUT6 (Prop_H6LUT_SLICEM_I0_O)
                                                      0.101     4.357 f  core_inst/ddr_inst/u_wfifo/fifo_inst/temp_m_axis_tdata_reg[499]_i_2/O
                         net (fo=7, routed)           0.220     4.577    core_inst/ddr_inst/u_wfifo/fifo_inst/temp_m_axis_tdata_reg[499]_i_2_n_0
    SLICE_X71Y270        LUT6 (Prop_F6LUT_SLICEL_I2_O)
                                                      0.148     4.725 r  core_inst/ddr_inst/u_wfifo/fifo_inst/temp_m_axis_tdata_reg[499]_i_1/O
                         net (fo=330, routed)         1.569     6.294    core_inst/ddr_inst/u_wfifo/adapter_inst/E[0]
    SLICE_X78Y299        FDRE                                         r  core_inst/ddr_inst/u_wfifo/adapter_inst/temp_m_axis_tdata_reg_reg[145]/CE
  -------------------------------------------------------------------    -------------------

                         (clock clk_125_mmcm rise edge)
                                                      8.000     8.000 r  
    AM15                                              0.000     8.000 r  clk_p (IN)
                         net (fo=0)                   0.079     8.079    clk_in_ibufds/I
    HPIOBDIFFINBUF_X0Y10 DIFFINBUF (Prop_DIFFINBUF_HPIOBDIFFINBUF_DIFF_IN_P_O)
                                                      0.507     8.586 r  clk_in_ibufds/DIFFINBUF_INST/O
                         net (fo=1, routed)           0.040     8.626    clk_in_ibufds/OUT
    AM15                 IBUFCTRL (Prop_IBUFCTRL_HPIOB_M_I_O)
                                                      0.000     8.626 r  clk_in_ibufds/IBUFCTRL_INST/O
                         net (fo=1, routed)           0.344     8.970    clk_in
    MMCM_X0Y0            MMCME4_ADV (Prop_MMCM_CLKIN1_CLKOUT1)
                                                      0.630     9.600 r  clk_mmcm/CLKOUT1
                         net (fo=1, routed)           0.220     9.820    clk_125_mmcm
    BUFGCE_X0Y0          BUFGCE (Prop_BUFCE_BUFGCE_I_O)
                                                      0.024     9.844 r  clk_125_bufg/O
    X2Y4 (CLOCK_ROOT)    net (fo=1409, routed)        2.289    12.132    core_inst/ddr_inst/u_wfifo/adapter_inst/clk_wr
    SLICE_X78Y299        FDRE                                         r  core_inst/ddr_inst/u_wfifo/adapter_inst/temp_m_axis_tdata_reg_reg[145]/C
                         clock pessimism             -0.339    11.793    
                         clock uncertainty           -0.071    11.722    
    SLICE_X78Y299        FDRE (Setup_EFF2_SLICEM_C_CE)
                                                     -0.061    11.661    core_inst/ddr_inst/u_wfifo/adapter_inst/temp_m_axis_tdata_reg_reg[145]
  -------------------------------------------------------------------
                         required time                         11.661    
                         arrival time                          -6.294    
  -------------------------------------------------------------------
                         slack                                  5.367    





Min Delay Paths
--------------------------------------------------------------------------------------
Slack (MET) :             0.023ns  (arrival time - required time)
  Source:                 core_inst/ddr_inst/samp_idx_reg[17]/C
                            (rising edge-triggered cell FDRE clocked by clk_125_mmcm  {rise@0.000ns fall@4.000ns period=8.000ns})
  Destination:            core_inst/ddr_inst/sample_lo_reg[17]/D
                            (rising edge-triggered cell FDRE clocked by clk_125_mmcm  {rise@0.000ns fall@4.000ns period=8.000ns})
  Path Group:             clk_125_mmcm
  Path Type:              Hold (Min at Slow Process Corner)
  Requirement:            0.000ns  (clk_125_mmcm rise@0.000ns - clk_125_mmcm rise@0.000ns)
  Data Path Delay:        0.171ns  (logic 0.059ns (34.517%)  route 0.112ns (65.483%))
  Logic Levels:           0  
  Clock Path Skew:        0.086ns (DCD - SCD - CPR)
    Destination Clock Delay (DCD):    3.851ns
    Source Clock Delay      (SCD):    4.104ns
    Clock Pessimism Removal (CPR):    -0.339ns
  Clock Net Delay (Source):      2.260ns (routing 1.451ns, distribution 0.809ns)
  Clock Net Delay (Destination): 2.535ns (routing 1.597ns, distribution 0.938ns)

    Location             Delay type                Incr(ns)  Path(ns)    Netlist Resource(s)
  -------------------------------------------------------------------    -------------------
                         (clock clk_125_mmcm rise edge)
                                                      0.000     0.000 r  
    AM15                                              0.000     0.000 r  clk_p (IN)
                         net (fo=0)                   0.079     0.079    clk_in_ibufds/I
    HPIOBDIFFINBUF_X0Y10 DIFFINBUF (Prop_DIFFINBUF_HPIOBDIFFINBUF_DIFF_IN_P_O)
                                                      0.507     0.586 r  clk_in_ibufds/DIFFINBUF_INST/O
                         net (fo=1, routed)           0.040     0.626    clk_in_ibufds/OUT
    AM15                 IBUFCTRL (Prop_IBUFCTRL_HPIOB_M_I_O)
                                                      0.000     0.626 r  clk_in_ibufds/IBUFCTRL_INST/O
                         net (fo=1, routed)           0.344     0.970    clk_in
    MMCM_X0Y0            MMCME4_ADV (Prop_MMCM_CLKIN1_CLKOUT1)
                                                      0.630     1.600 r  clk_mmcm/CLKOUT1
                         net (fo=1, routed)           0.220     1.820    clk_125_mmcm
    BUFGCE_X0Y0          BUFGCE (Prop_BUFCE_BUFGCE_I_O)
                                                      0.024     1.844 r  clk_125_bufg/O
    X2Y4 (CLOCK_ROOT)    net (fo=1409, routed)        2.260     4.104    core_inst/ddr_inst/clk_wr
    SLICE_X71Y281        FDRE                                         r  core_inst/ddr_inst/samp_idx_reg[17]/C
  -------------------------------------------------------------------    -------------------
    SLICE_X71Y281        FDRE (Prop_BFF_SLICEL_C_Q)
                                                      0.059     4.163 r  core_inst/ddr_inst/samp_idx_reg[17]/Q
                         net (fo=3, routed)           0.112     4.275    core_inst/ddr_inst/samp_idx_reg[17]
    SLICE_X72Y280        FDRE                                         r  core_inst/ddr_inst/sample_lo_reg[17]/D
  -------------------------------------------------------------------    -------------------

                         (clock clk_125_mmcm rise edge)
                                                      0.000     0.000 r  
    AM15                                              0.000     0.000 r  clk_p (IN)
                         net (fo=0)                   0.100     0.100    clk_in_ibufds/I
    HPIOBDIFFINBUF_X0Y10 DIFFINBUF (Prop_DIFFINBUF_HPIOBDIFFINBUF_DIFF_IN_P_O)
                                                      0.617     0.717 r  clk_in_ibufds/DIFFINBUF_INST/O
                         net (fo=1, routed)           0.050     0.767    clk_in_ibufds/OUT
    AM15                 IBUFCTRL (Prop_IBUFCTRL_HPIOB_M_I_O)
                                                      0.000     0.767 r  clk_in_ibufds/IBUFCTRL_INST/O
                         net (fo=1, routed)           0.397     1.164    clk_in
    MMCM_X0Y0            MMCME4_ADV (Prop_MMCM_CLKIN1_CLKOUT1)
                                                     -0.127     1.037 r  clk_mmcm/CLKOUT1
                         net (fo=1, routed)           0.251     1.288    clk_125_mmcm
    BUFGCE_X0Y0          BUFGCE (Prop_BUFCE_BUFGCE_I_O)
                                                      0.028     1.316 r  clk_125_bufg/O
    X2Y4 (CLOCK_ROOT)    net (fo=1409, routed)        2.535     3.851    core_inst/ddr_inst/clk_wr
    SLICE_X72Y280        FDRE                                         r  core_inst/ddr_inst/sample_lo_reg[17]/C
                         clock pessimism              0.339     4.190    
    SLICE_X72Y280        FDRE (Hold_GFF2_SLICEM_C_D)
                                                      0.062     4.252    core_inst/ddr_inst/sample_lo_reg[17]
  -------------------------------------------------------------------
                         required time                         -4.252    
                         arrival time                           4.275    
  -------------------------------------------------------------------
                         slack                                  0.023    





Pulse Width Checks
--------------------------------------------------------------------------------------
Clock Name:         clk_125_mmcm
Waveform(ns):       { 0.000 4.000 }
Period(ns):         8.000
Sources:            { clk_mmcm/CLKOUT1 }

Check Type        Corner  Lib Pin             Reference Pin  Required(ns)  Actual(ns)  Slack(ns)  Location      Pin
Min Period        n/a     RAMB36E2/CLKBWRCLK  n/a            1.355         8.000       6.645      RAMB36_X7Y59  core_inst/ddr_inst/u_wfifo/fifo_inst/mem_reg_0/CLKBWRCLK
Low Pulse Width   Slow    RAMB36E2/CLKBWRCLK  n/a            0.542         4.000       3.458      RAMB36_X7Y59  core_inst/ddr_inst/u_wfifo/fifo_inst/mem_reg_0/CLKBWRCLK
High Pulse Width  Slow    RAMB36E2/CLKBWRCLK  n/a            0.542         4.000       3.458      RAMB36_X7Y59  core_inst/ddr_inst/u_wfifo/fifo_inst/mem_reg_0/CLKBWRCLK



---------------------------------------------------------------------------------------------------
From Clock:  clk_core_mmcm
  To Clock:  clk_core_mmcm

Setup :            0  Failing Endpoints,  Worst Slack        0.179ns,  Total Violation        0.000ns
Hold  :            0  Failing Endpoints,  Worst Slack        0.014ns,  Total Violation        0.000ns
PW    :            0  Failing Endpoints,  Worst Slack        1.300ns,  Total Violation        0.000ns
---------------------------------------------------------------------------------------------------


Max Delay Paths
--------------------------------------------------------------------------------------
Slack (MET) :             0.179ns  (required time - arrival time)
  Source:                 core_inst/stack_inst/eth_rx_inst/m_eth_payload_axis_tdata_reg_reg[106]/C
                            (rising edge-triggered cell FDRE clocked by clk_core_mmcm  {rise@0.000ns fall@2.000ns period=4.000ns})
  Destination:            core_inst/stack_inst/udp_complete_inst/ip_complete_64_inst/ip_inst/ip_eth_rx_64_inst/in_reg/m_axis_tuser_reg_reg[1]/D
                            (rising edge-triggered cell FDRE clocked by clk_core_mmcm  {rise@0.000ns fall@2.000ns period=4.000ns})
  Path Group:             clk_core_mmcm
  Path Type:              Setup (Max at Slow Process Corner)
  Requirement:            4.000ns  (clk_core_mmcm rise@4.000ns - clk_core_mmcm rise@0.000ns)
  Data Path Delay:        3.659ns  (logic 1.741ns (47.578%)  route 1.918ns (52.422%))
  Logic Levels:           15  (CARRY8=7 LUT2=1 LUT3=1 LUT5=2 LUT6=4)
  Clock Path Skew:        -0.122ns (DCD - SCD + CPR)
    Destination Clock Delay (DCD):    4.517ns = ( 8.517 - 4.000 ) 
    Source Clock Delay      (SCD):    4.333ns
    Clock Pessimism Removal (CPR):    -0.305ns
  Clock Uncertainty:      0.065ns  ((TSJ^2 + DJ^2)^1/2) / 2 + PE
    Total System Jitter     (TSJ):    0.071ns
    Discrete Jitter          (DJ):    0.108ns
    Phase Error              (PE):    0.000ns
  Clock Net Delay (Source):      3.024ns (routing 1.867ns, distribution 1.157ns)
  Clock Net Delay (Destination): 2.678ns (routing 1.697ns, distribution 0.981ns)

    Location             Delay type                Incr(ns)  Path(ns)    Netlist Resource(s)
  -------------------------------------------------------------------    -------------------
                         (clock clk_core_mmcm rise edge)
                                                      0.000     0.000 r  
    AM15                                              0.000     0.000 r  clk_p (IN)
                         net (fo=0)                   0.100     0.100    clk_in_ibufds/I
    HPIOBDIFFINBUF_X0Y10 DIFFINBUF (Prop_DIFFINBUF_HPIOBDIFFINBUF_DIFF_IN_P_O)
                                                      0.617     0.717 r  clk_in_ibufds/DIFFINBUF_INST/O
                         net (fo=1, routed)           0.050     0.767    clk_in_ibufds/OUT
    AM15                 IBUFCTRL (Prop_IBUFCTRL_HPIOB_M_I_O)
                                                      0.000     0.767 r  clk_in_ibufds/IBUFCTRL_INST/O
                         net (fo=1, routed)           0.397     1.164    clk_in
    MMCM_X0Y0            MMCME4_ADV (Prop_MMCM_CLKIN1_CLKOUT0)
                                                     -0.127     1.037 r  clk_mmcm/CLKOUT0
                         net (fo=1, routed)           0.245     1.282    clk_core_mmcm
    BUFGCE_X0Y3          BUFGCE (Prop_BUFCE_BUFGCE_I_O)
                                                      0.028     1.310 r  clk_core_bufg/O
    X1Y4 (CLOCK_ROOT)    net (fo=17547, routed)       3.024     4.333    core_inst/stack_inst/eth_rx_inst/clk_core
    SLICE_X9Y246         FDRE                                         r  core_inst/stack_inst/eth_rx_inst/m_eth_payload_axis_tdata_reg_reg[106]/C
  -------------------------------------------------------------------    -------------------
    SLICE_X9Y246         FDRE (Prop_DFF_SLICEL_C_Q)
                                                      0.079     4.412 r  core_inst/stack_inst/eth_rx_inst/m_eth_payload_axis_tdata_reg_reg[106]/Q
                         net (fo=6, routed)           0.408     4.821    core_inst/stack_inst/eth_rx_inst/m_eth_payload_axis_tdata_reg_reg[511]_0[106]
    SLICE_X9Y247         LUT6 (Prop_D6LUT_SLICEL_I0_O)
                                                      0.146     4.967 r  core_inst/stack_inst/eth_rx_inst/temp_m_axis_tuser_reg[1]_i_85/O
                         net (fo=1, routed)           0.009     4.976    core_inst/stack_inst/eth_rx_inst/temp_m_axis_tuser_reg[1]_i_85_n_0
    SLICE_X9Y247         CARRY8 (Prop_CARRY8_SLICEL_S[3]_O[5])
                                                      0.180     5.156 r  core_inst/stack_inst/eth_rx_inst/temp_m_axis_tuser_reg_reg[1]_i_48/O[5]
                         net (fo=3, routed)           0.232     5.388    core_inst/stack_inst/eth_rx_inst/temp_m_axis_tuser_reg_reg[1]_i_48_n_10
    SLICE_X8Y249         LUT3 (Prop_E6LUT_SLICEM_I2_O)
                                                      0.100     5.488 r  core_inst/stack_inst/eth_rx_inst/temp_m_axis_tuser_reg[1]_i_52/O
                         net (fo=2, routed)           0.110     5.598    core_inst/stack_inst/eth_rx_inst/temp_m_axis_tuser_reg[1]_i_52_n_0
    SLICE_X9Y249         LUT5 (Prop_H6LUT_SLICEL_I3_O)
                                                      0.150     5.748 r  core_inst/stack_inst/eth_rx_inst/temp_m_axis_tuser_reg[1]_i_17/O
                         net (fo=2, routed)           0.140     5.888    core_inst/stack_inst/eth_rx_inst/temp_m_axis_tuser_reg[1]_i_17_n_0
    SLICE_X9Y250         LUT6 (Prop_G6LUT_SLICEL_I0_O)
                                                      0.050     5.938 r  core_inst/stack_inst/eth_rx_inst/temp_m_axis_tuser_reg[1]_i_24/O
                         net (fo=1, routed)           0.008     5.946    core_inst/stack_inst/eth_rx_inst/temp_m_axis_tuser_reg[1]_i_24_n_0
    SLICE_X9Y250         CARRY8 (Prop_CARRY8_SLICEL_S[6]_CO[7])
                                                      0.115     6.061 r  core_inst/stack_inst/eth_rx_inst/temp_m_axis_tuser_reg_reg[1]_i_9/CO[7]
                         net (fo=1, routed)           0.026     6.087    core_inst/stack_inst/eth_rx_inst/temp_m_axis_tuser_reg_reg[1]_i_9_n_0
    SLICE_X9Y251         CARRY8 (Prop_CARRY8_SLICEL_CI_O[3])
                                                      0.082     6.169 r  core_inst/stack_inst/eth_rx_inst/temp_m_axis_tuser_reg_reg[1]_i_15/O[3]
                         net (fo=1, routed)           0.437     6.606    core_inst/stack_inst/eth_rx_inst/temp_m_axis_tuser_reg_reg[1]_i_15_n_12
    SLICE_X9Y254         CARRY8 (Prop_CARRY8_SLICEL_S[3]_CO[7])
                                                      0.154     6.760 r  core_inst/stack_inst/eth_rx_inst/temp_m_axis_tuser_reg_reg[1]_i_8/CO[7]
                         net (fo=1, routed)           0.026     6.786    core_inst/stack_inst/eth_rx_inst/temp_m_axis_tuser_reg_reg[1]_i_8_n_0
    SLICE_X9Y255         CARRY8 (Prop_CARRY8_SLICEL_CI_CO[0])
                                                      0.052     6.838 r  core_inst/stack_inst/eth_rx_inst/temp_m_axis_tuser_reg_reg[1]_i_14/CO[0]
                         net (fo=1, routed)           0.134     6.972    core_inst/stack_inst/eth_rx_inst/temp_m_axis_tuser_reg_reg[1]_i_14_n_7
    SLICE_X9Y257         LUT2 (Prop_A6LUT_SLICEL_I1_O)
                                                      0.124     7.096 r  core_inst/stack_inst/eth_rx_inst/temp_m_axis_tuser_reg[1]_i_7/O
                         net (fo=1, routed)           0.009     7.105    core_inst/stack_inst/eth_rx_inst/temp_m_axis_tuser_reg[1]_i_7_n_0
    SLICE_X9Y257         CARRY8 (Prop_CARRY8_SLICEL_S[0]_CO[7])
                                                      0.190     7.295 r  core_inst/stack_inst/eth_rx_inst/temp_m_axis_tuser_reg_reg[1]_i_3/CO[7]
                         net (fo=1, routed)           0.026     7.321    core_inst/stack_inst/eth_rx_inst/temp_m_axis_tuser_reg_reg[1]_i_3_n_0
    SLICE_X9Y258         CARRY8 (Prop_CARRY8_SLICEL_CI_O[4])
                                                      0.086     7.407 r  core_inst/stack_inst/eth_rx_inst/temp_m_axis_tuser_reg_reg[1]_i_5/O[4]
                         net (fo=1, routed)           0.184     7.591    core_inst/stack_inst/eth_rx_inst/udp_complete_inst/ip_complete_64_inst/ip_inst/ip_eth_rx_64_inst/hdr_sum_f2[12]
    SLICE_X10Y258        LUT6 (Prop_B6LUT_SLICEL_I0_O)
                                                      0.148     7.739 r  core_inst/stack_inst/eth_rx_inst/temp_m_axis_tuser_reg[1]_i_2/O
                         net (fo=1, routed)           0.083     7.822    core_inst/stack_inst/eth_rx_inst/temp_m_axis_tuser_reg[1]_i_2_n_0
    SLICE_X10Y257        LUT6 (Prop_D6LUT_SLICEL_I0_O)
                                                      0.050     7.872 r  core_inst/stack_inst/eth_rx_inst/temp_m_axis_tuser_reg[1]_i_1/O
                         net (fo=2, routed)           0.040     7.912    core_inst/stack_inst/udp_complete_inst/ip_complete_64_inst/ip_inst/ip_eth_rx_64_inst/in_reg/temp_m_axis_tuser_reg_reg[1]_0[1]
    SLICE_X10Y257        LUT5 (Prop_E6LUT_SLICEL_I3_O)
                                                      0.035     7.947 r  core_inst/stack_inst/udp_complete_inst/ip_complete_64_inst/ip_inst/ip_eth_rx_64_inst/in_reg/m_axis_tuser_reg[1]_i_1/O
                         net (fo=1, routed)           0.046     7.993    core_inst/stack_inst/udp_complete_inst/ip_complete_64_inst/ip_inst/ip_eth_rx_64_inst/in_reg/m_axis_tuser_reg[1]_i_1_n_0
    SLICE_X10Y257        FDRE                                         r  core_inst/stack_inst/udp_complete_inst/ip_complete_64_inst/ip_inst/ip_eth_rx_64_inst/in_reg/m_axis_tuser_reg_reg[1]/D
  -------------------------------------------------------------------    -------------------

                         (clock clk_core_mmcm rise edge)
                                                      4.000     4.000 r  
    AM15                                              0.000     4.000 r  clk_p (IN)
                         net (fo=0)                   0.079     4.079    clk_in_ibufds/I
    HPIOBDIFFINBUF_X0Y10 DIFFINBUF (Prop_DIFFINBUF_HPIOBDIFFINBUF_DIFF_IN_P_O)
                                                      0.507     4.586 r  clk_in_ibufds/DIFFINBUF_INST/O
                         net (fo=1, routed)           0.040     4.626    clk_in_ibufds/OUT
    AM15                 IBUFCTRL (Prop_IBUFCTRL_HPIOB_M_I_O)
                                                      0.000     4.626 r  clk_in_ibufds/IBUFCTRL_INST/O
                         net (fo=1, routed)           0.344     4.970    clk_in
    MMCM_X0Y0            MMCME4_ADV (Prop_MMCM_CLKIN1_CLKOUT0)
                                                      0.630     5.600 r  clk_mmcm/CLKOUT0
                         net (fo=1, routed)           0.215     5.815    clk_core_mmcm
    BUFGCE_X0Y3          BUFGCE (Prop_BUFCE_BUFGCE_I_O)
                                                      0.024     5.839 r  clk_core_bufg/O
    X1Y4 (CLOCK_ROOT)    net (fo=17547, routed)       2.678     8.517    core_inst/stack_inst/udp_complete_inst/ip_complete_64_inst/ip_inst/ip_eth_rx_64_inst/in_reg/clk_core
    SLICE_X10Y257        FDRE                                         r  core_inst/stack_inst/udp_complete_inst/ip_complete_64_inst/ip_inst/ip_eth_rx_64_inst/in_reg/m_axis_tuser_reg_reg[1]/C
                         clock pessimism             -0.305     8.212    
                         clock uncertainty           -0.065     8.147    
    SLICE_X10Y257        FDRE (Setup_EFF_SLICEL_C_D)
                                                      0.025     8.172    core_inst/stack_inst/udp_complete_inst/ip_complete_64_inst/ip_inst/ip_eth_rx_64_inst/in_reg/m_axis_tuser_reg_reg[1]
  -------------------------------------------------------------------
                         required time                          8.172    
                         arrival time                          -7.993    
  -------------------------------------------------------------------
                         slack                                  0.179    





Min Delay Paths
--------------------------------------------------------------------------------------
Slack (MET) :             0.014ns  (arrival time - required time)
  Source:                 core_inst/stack_inst/udp_echo_inst/frame_fifo/wr_ptr_cur_reg_reg[8]/C
                            (rising edge-triggered cell FDRE clocked by clk_core_mmcm  {rise@0.000ns fall@2.000ns period=4.000ns})
  Destination:            core_inst/stack_inst/udp_echo_inst/frame_fifo/mem_reg_uram_8/ADDR_B[8]
                            (rising edge-triggered cell URAM288 clocked by clk_core_mmcm  {rise@0.000ns fall@2.000ns period=4.000ns})
  Path Group:             clk_core_mmcm
  Path Type:              Hold (Min at Slow Process Corner)
  Requirement:            0.000ns  (clk_core_mmcm rise@0.000ns - clk_core_mmcm rise@0.000ns)
  Data Path Delay:        0.229ns  (logic 0.058ns (25.369%)  route 0.171ns (74.631%))
  Logic Levels:           0  
  Clock Path Skew:        0.245ns (DCD - SCD - CPR)
    Destination Clock Delay (DCD):    4.333ns
    Source Clock Delay      (SCD):    4.396ns
    Clock Pessimism Removal (CPR):    -0.307ns
  Clock Net Delay (Source):      2.557ns (routing 1.697ns, distribution 0.860ns)
  Clock Net Delay (Destination): 3.024ns (routing 1.867ns, distribution 1.157ns)

    Location             Delay type                Incr(ns)  Path(ns)    Netlist Resource(s)
  -------------------------------------------------------------------    -------------------
                         (clock clk_core_mmcm rise edge)
                                                      0.000     0.000 r  
    AM15                                              0.000     0.000 r  clk_p (IN)
                         net (fo=0)                   0.079     0.079    clk_in_ibufds/I
    HPIOBDIFFINBUF_X0Y10 DIFFINBUF (Prop_DIFFINBUF_HPIOBDIFFINBUF_DIFF_IN_P_O)
                                                      0.507     0.586 r  clk_in_ibufds/DIFFINBUF_INST/O
                         net (fo=1, routed)           0.040     0.626    clk_in_ibufds/OUT
    AM15                 IBUFCTRL (Prop_IBUFCTRL_HPIOB_M_I_O)
                                                      0.000     0.626 r  clk_in_ibufds/IBUFCTRL_INST/O
                         net (fo=1, routed)           0.344     0.970    clk_in
    MMCM_X0Y0            MMCME4_ADV (Prop_MMCM_CLKIN1_CLKOUT0)
                                                      0.630     1.600 r  clk_mmcm/CLKOUT0
                         net (fo=1, routed)           0.215     1.815    clk_core_mmcm
    BUFGCE_X0Y3          BUFGCE (Prop_BUFCE_BUFGCE_I_O)
                                                      0.024     1.839 r  clk_core_bufg/O
    X1Y4 (CLOCK_ROOT)    net (fo=17547, routed)       2.557     4.396    core_inst/stack_inst/udp_echo_inst/frame_fifo/clk_core
    SLICE_X23Y246        FDRE                                         r  core_inst/stack_inst/udp_echo_inst/frame_fifo/wr_ptr_cur_reg_reg[8]/C
  -------------------------------------------------------------------    -------------------
    SLICE_X23Y246        FDRE (Prop_DFF_SLICEM_C_Q)
                                                      0.058     4.454 r  core_inst/stack_inst/udp_echo_inst/frame_fifo/wr_ptr_cur_reg_reg[8]/Q
                         net (fo=18, routed)          0.171     4.624    core_inst/stack_inst/udp_echo_inst/frame_fifo/wr_ptr_cur_reg[8]
    URAM288_X0Y18        URAM288                                      r  core_inst/stack_inst/udp_echo_inst/frame_fifo/mem_reg_uram_8/ADDR_B[8]
  -------------------------------------------------------------------    -------------------

                         (clock clk_core_mmcm rise edge)
                                                      0.000     0.000 r  
    AM15                                              0.000     0.000 r  clk_p (IN)
                         net (fo=0)                   0.100     0.100    clk_in_ibufds/I
    HPIOBDIFFINBUF_X0Y10 DIFFINBUF (Prop_DIFFINBUF_HPIOBDIFFINBUF_DIFF_IN_P_O)
                                                      0.617     0.717 r  clk_in_ibufds/DIFFINBUF_INST/O
                         net (fo=1, routed)           0.050     0.767    clk_in_ibufds/OUT
    AM15                 IBUFCTRL (Prop_IBUFCTRL_HPIOB_M_I_O)
                                                      0.000     0.767 r  clk_in_ibufds/IBUFCTRL_INST/O
                         net (fo=1, routed)           0.397     1.164    clk_in
    MMCM_X0Y0            MMCME4_ADV (Prop_MMCM_CLKIN1_CLKOUT0)
                                                     -0.127     1.037 r  clk_mmcm/CLKOUT0
                         net (fo=1, routed)           0.245     1.282    clk_core_mmcm
    BUFGCE_X0Y3          BUFGCE (Prop_BUFCE_BUFGCE_I_O)
                                                      0.028     1.310 r  clk_core_bufg/O
    X1Y4 (CLOCK_ROOT)    net (fo=17547, routed)       3.024     4.333    core_inst/stack_inst/udp_echo_inst/frame_fifo/clk_core
    URAM288_X0Y18        URAM288                                      r  core_inst/stack_inst/udp_echo_inst/frame_fifo/mem_reg_uram_8/CLK
                         clock pessimism              0.307     4.640    
    URAM288_X0Y18        URAM288 (Hold_URAM_288K_INST_URAM288_CLK_ADDR_B[8])
                                                     -0.030     4.610    core_inst/stack_inst/udp_echo_inst/frame_fifo/mem_reg_uram_8
  -------------------------------------------------------------------
                         required time                         -4.610    
                         arrival time                           4.624    
  -------------------------------------------------------------------
                         slack                                  0.014    





Pulse Width Checks
--------------------------------------------------------------------------------------
Clock Name:         clk_core_mmcm
Waveform(ns):       { 0.000 2.000 }
Period(ns):         4.000
Sources:            { clk_mmcm/CLKOUT0 }

Check Type        Corner  Lib Pin      Reference Pin  Required(ns)  Actual(ns)  Slack(ns)  Location       Pin
Min Period        n/a     URAM288/CLK  n/a            1.666         4.000       2.334      URAM288_X0Y20  core_inst/stack_inst/udp_echo_inst/frame_fifo/mem_reg_uram_0/CLK
Low Pulse Width   Slow    URAM288/CLK  n/a            0.700         2.000       1.300      URAM288_X0Y20  core_inst/stack_inst/udp_echo_inst/frame_fifo/mem_reg_uram_0/CLK
High Pulse Width  Slow    URAM288/CLK  n/a            0.700         2.000       1.300      URAM288_X0Y20  core_inst/stack_inst/udp_echo_inst/frame_fifo/mem_reg_uram_0/CLK



---------------------------------------------------------------------------------------------------
From Clock:  dbg_hub/inst/BSCANID.u_xsdbm_id/SWITCH_N_EXT_BSCAN.bscan_inst/SERIES7_BSCAN.bscan_inst/INTERNAL_TCK
  To Clock:  dbg_hub/inst/BSCANID.u_xsdbm_id/SWITCH_N_EXT_BSCAN.bscan_inst/SERIES7_BSCAN.bscan_inst/INTERNAL_TCK

Setup :            0  Failing Endpoints,  Worst Slack       15.450ns,  Total Violation        0.000ns
Hold  :            0  Failing Endpoints,  Worst Slack        0.019ns,  Total Violation        0.000ns
PW    :            0  Failing Endpoints,  Worst Slack       24.468ns,  Total Violation        0.000ns
---------------------------------------------------------------------------------------------------


Max Delay Paths
--------------------------------------------------------------------------------------
Slack (MET) :             15.450ns  (required time - arrival time)
  Source:                 dbg_hub/inst/BSCANID.u_xsdbm_id/CORE_XSDB.U_ICON/iTDO_reg/C
                            (rising edge-triggered cell FDRE clocked by dbg_hub/inst/BSCANID.u_xsdbm_id/SWITCH_N_EXT_BSCAN.bscan_inst/SERIES7_BSCAN.bscan_inst/INTERNAL_TCK  {rise@0.000ns fall@25.000ns period=50.000ns})
  Destination:            dbg_hub/inst/BSCANID.u_xsdbm_id/SWITCH_N_EXT_BSCAN.bscan_inst/SERIES7_BSCAN.bscan_inst/TDO
                            (falling edge-triggered cell BSCANE2 clocked by dbg_hub/inst/BSCANID.u_xsdbm_id/SWITCH_N_EXT_BSCAN.bscan_inst/SERIES7_BSCAN.bscan_inst/INTERNAL_TCK  {rise@0.000ns fall@25.000ns period=50.000ns})
  Path Group:             dbg_hub/inst/BSCANID.u_xsdbm_id/SWITCH_N_EXT_BSCAN.bscan_inst/SERIES7_BSCAN.bscan_inst/INTERNAL_TCK
  Path Type:              Setup (Max at Slow Process Corner)
  Requirement:            25.000ns  (dbg_hub/inst/BSCANID.u_xsdbm_id/SWITCH_N_EXT_BSCAN.bscan_inst/SERIES7_BSCAN.bscan_inst/INTERNAL_TCK fall@25.000ns - dbg_hub/inst/BSCANID.u_xsdbm_id/SWITCH_N_EXT_BSCAN.bscan_inst/SERIES7_BSCAN.bscan_inst/INTERNAL_TCK rise@0.000ns)
  Data Path Delay:        2.260ns  (logic 0.216ns (9.557%)  route 2.044ns (90.443%))
  Logic Levels:           2  (LUT3=1 LUT6=1)
  Clock Path Skew:        -7.055ns (DCD - SCD + CPR)
    Destination Clock Delay (DCD):    0.000ns = ( 25.000 - 25.000 ) 
    Source Clock Delay      (SCD):    7.055ns
    Clock Pessimism Removal (CPR):    0.000ns
  Clock Uncertainty:      0.235ns  ((TSJ^2 + TIJ^2)^1/2 + DJ) / 2 + PE + DCD
    Total System Jitter     (TSJ):    0.071ns
    Total Input Jitter      (TIJ):    0.000ns
    Discrete Jitter          (DJ):    0.000ns
    Phase Error              (PE):    0.000ns
    Duty Cycle Distortion   (DCD):    0.200ns
  Clock Net Delay (Source):      1.609ns (routing 0.768ns, distribution 0.841ns)

    Location             Delay type                Incr(ns)  Path(ns)    Netlist Resource(s)
  -------------------------------------------------------------------    -------------------
                         (clock dbg_hub/inst/BSCANID.u_xsdbm_id/SWITCH_N_EXT_BSCAN.bscan_inst/SERIES7_BSCAN.bscan_inst/INTERNAL_TCK rise edge)
                                                      0.000     0.000 r  
    CONFIG_SITE_X0Y0     BSCANE2                      0.000     0.000 r  dbg_hub/inst/BSCANID.u_xsdbm_id/SWITCH_N_EXT_BSCAN.bscan_inst/SERIES7_BSCAN.bscan_inst/INTERNAL_TCK
    CONFIG_SITE_X0Y0     BSCANE2 (Prop_BSCAN1_CONFIG_SITE_INTERNAL_TCK_TCK)
                                                      4.300     4.300 r  dbg_hub/inst/BSCANID.u_xsdbm_id/SWITCH_N_EXT_BSCAN.bscan_inst/SERIES7_BSCAN.bscan_inst/TCK
                         net (fo=1, routed)           1.118     5.418    dbg_hub/inst/BSCANID.u_xsdbm_id/tck_bs
    BUFGCE_X0Y29         BUFGCE (Prop_BUFCE_BUFGCE_I_O)
                                                      0.028     5.446 r  dbg_hub/inst/BSCANID.u_xsdbm_id/SWITCH_N_EXT_BSCAN.u_bufg_icon_tck/O
    X3Y2 (CLOCK_ROOT)    net (fo=482, routed)         1.609     7.055    dbg_hub/inst/BSCANID.u_xsdbm_id/CORE_XSDB.U_ICON/m_bscan_tck[0]
    SLICE_X78Y177        FDRE                                         r  dbg_hub/inst/BSCANID.u_xsdbm_id/CORE_XSDB.U_ICON/iTDO_reg/C
  -------------------------------------------------------------------    -------------------
    SLICE_X78Y177        FDRE (Prop_HFF2_SLICEM_C_Q)
                                                      0.078     7.133 r  dbg_hub/inst/BSCANID.u_xsdbm_id/CORE_XSDB.U_ICON/iTDO_reg/Q
                         net (fo=1, routed)           0.678     7.811    dbg_hub/inst/BSCANID.u_xsdbm_id/TDO
    SLICE_X81Y174        LUT3 (Prop_H6LUT_SLICEL_I2_O)
                                                      0.099     7.910 r  dbg_hub/inst/BSCANID.u_xsdbm_id/SWITCH_N_EXT_BSCAN.bscan_switch_i_1/O
                         net (fo=2, routed)           0.157     8.067    dbg_hub/inst/BSCANID.u_xsdbm_id/SWITCH_N_EXT_BSCAN.bscan_switch/m_bscan_tdo[0]
    SLICE_X83Y174        LUT6 (Prop_H6LUT_SLICEM_I5_O)
                                                      0.039     8.106 r  dbg_hub/inst/BSCANID.u_xsdbm_id/SWITCH_N_EXT_BSCAN.bscan_switch/s_bscan_tdo_INST_0/O
                         net (fo=1, routed)           1.209     9.315    dbg_hub/inst/BSCANID.u_xsdbm_id/SWITCH_N_EXT_BSCAN.bscan_inst/TDO
    CONFIG_SITE_X0Y0     BSCANE2                                      r  dbg_hub/inst/BSCANID.u_xsdbm_id/SWITCH_N_EXT_BSCAN.bscan_inst/SERIES7_BSCAN.bscan_inst/TDO
  -------------------------------------------------------------------    -------------------

                         (clock dbg_hub/inst/BSCANID.u_xsdbm_id/SWITCH_N_EXT_BSCAN.bscan_inst/SERIES7_BSCAN.bscan_inst/INTERNAL_TCK fall edge)
                                                     25.000    25.000 f  
    CONFIG_SITE_X0Y0     BSCANE2                      0.000    25.000 f  dbg_hub/inst/BSCANID.u_xsdbm_id/SWITCH_N_EXT_BSCAN.bscan_inst/SERIES7_BSCAN.bscan_inst/INTERNAL_TCK
                         clock pessimism              0.000    25.000    
                         clock uncertainty           -0.235    24.765    
    CONFIG_SITE_X0Y0     BSCANE2 (Setup_BSCAN1_CONFIG_SITE_INTERNAL_TCK_TDO)
                                                      0.000    24.765    dbg_hub/inst/BSCANID.u_xsdbm_id/SWITCH_N_EXT_BSCAN.bscan_inst/SERIES7_BSCAN.bscan_inst
  -------------------------------------------------------------------
                         required time                         24.765    
                         arrival time                          -9.315    
  -------------------------------------------------------------------
                         slack                                 15.450    





Min Delay Paths
--------------------------------------------------------------------------------------
Slack (MET) :             0.019ns  (arrival time - required time)
  Source:                 dbg_hub/inst/BSCANID.u_xsdbm_id/CORE_XSDB.UUT_MASTER/U_ICON_INTERFACE/U_CMD7_STAT/icn_cmd_en_temp_reg/C
                            (rising edge-triggered cell FDRE clocked by dbg_hub/inst/BSCANID.u_xsdbm_id/SWITCH_N_EXT_BSCAN.bscan_inst/SERIES7_BSCAN.bscan_inst/INTERNAL_TCK  {rise@0.000ns fall@25.000ns period=50.000ns})
  Destination:            dbg_hub/inst/BSCANID.u_xsdbm_id/CORE_XSDB.UUT_MASTER/U_ICON_INTERFACE/U_CMD7_STAT/shift_reg_in_reg[2]/CE
                            (rising edge-triggered cell FDRE clocked by dbg_hub/inst/BSCANID.u_xsdbm_id/SWITCH_N_EXT_BSCAN.bscan_inst/SERIES7_BSCAN.bscan_inst/INTERNAL_TCK  {rise@0.000ns fall@25.000ns period=50.000ns})
  Path Group:             dbg_hub/inst/BSCANID.u_xsdbm_id/SWITCH_N_EXT_BSCAN.bscan_inst/SERIES7_BSCAN.bscan_inst/INTERNAL_TCK
  Path Type:              Hold (Min at Slow Process Corner)
  Requirement:            0.000ns  (dbg_hub/inst/BSCANID.u_xsdbm_id/SWITCH_N_EXT_BSCAN.bscan_inst/SERIES7_BSCAN.bscan_inst/INTERNAL_TCK rise@0.000ns - dbg_hub/inst/BSCANID.u_xsdbm_id/SWITCH_N_EXT_BSCAN.bscan_inst/SERIES7_BSCAN.bscan_inst/INTERNAL_TCK rise@0.000ns)
  Data Path Delay:        0.182ns  (logic 0.057ns (31.264%)  route 0.125ns (68.736%))
  Logic Levels:           0  
  Clock Path Skew:        0.178ns (DCD - SCD - CPR)
    Destination Clock Delay (DCD):    7.122ns
    Source Clock Delay      (SCD):    2.704ns
    Clock Pessimism Removal (CPR):    4.241ns
  Clock Net Delay (Source):      1.429ns (routing 0.698ns, distribution 0.731ns)
  Clock Net Delay (Destination): 1.676ns (routing 0.768ns, distribution 0.908ns)

    Location             Delay type                Incr(ns)  Path(ns)    Netlist Resource(s)
  -------------------------------------------------------------------    -------------------
                         (clock dbg_hub/inst/BSCANID.u_xsdbm_id/SWITCH_N_EXT_BSCAN.bscan_inst/SERIES7_BSCAN.bscan_inst/INTERNAL_TCK rise edge)
                                                      0.000     0.000 r  
    CONFIG_SITE_X0Y0     BSCANE2                      0.000     0.000 r  dbg_hub/inst/BSCANID.u_xsdbm_id/SWITCH_N_EXT_BSCAN.bscan_inst/SERIES7_BSCAN.bscan_inst/INTERNAL_TCK
    CONFIG_SITE_X0Y0     BSCANE2 (Prop_BSCAN1_CONFIG_SITE_INTERNAL_TCK_TCK)
                                                      0.465     0.465 r  dbg_hub/inst/BSCANID.u_xsdbm_id/SWITCH_N_EXT_BSCAN.bscan_inst/SERIES7_BSCAN.bscan_inst/TCK
                         net (fo=1, routed)           0.786     1.251    dbg_hub/inst/BSCANID.u_xsdbm_id/tck_bs
    BUFGCE_X0Y29         BUFGCE (Prop_BUFCE_BUFGCE_I_O)
                                                      0.024     1.275 r  dbg_hub/inst/BSCANID.u_xsdbm_id/SWITCH_N_EXT_BSCAN.u_bufg_icon_tck/O
    X3Y2 (CLOCK_ROOT)    net (fo=482, routed)         1.429     2.704    dbg_hub/inst/BSCANID.u_xsdbm_id/CORE_XSDB.UUT_MASTER/U_ICON_INTERFACE/U_CMD7_STAT/m_bscan_tck[0]
    SLICE_X78Y178        FDRE                                         r  dbg_hub/inst/BSCANID.u_xsdbm_id/CORE_XSDB.UUT_MASTER/U_ICON_INTERFACE/U_CMD7_STAT/icn_cmd_en_temp_reg/C
  -------------------------------------------------------------------    -------------------
    SLICE_X78Y178        FDRE (Prop_FFF_SLICEM_C_Q)
                                                      0.057     2.761 r  dbg_hub/inst/BSCANID.u_xsdbm_id/CORE_XSDB.UUT_MASTER/U_ICON_INTERFACE/U_CMD7_STAT/icn_cmd_en_temp_reg/Q
                         net (fo=5, routed)           0.125     2.886    dbg_hub/inst/BSCANID.u_xsdbm_id/CORE_XSDB.UUT_MASTER/U_ICON_INTERFACE/U_CMD7_STAT/icn_cmd_en_temp
    SLICE_X78Y182        FDRE                                         r  dbg_hub/inst/BSCANID.u_xsdbm_id/CORE_XSDB.UUT_MASTER/U_ICON_INTERFACE/U_CMD7_STAT/shift_reg_in_reg[2]/CE
  -------------------------------------------------------------------    -------------------

                         (clock dbg_hub/inst/BSCANID.u_xsdbm_id/SWITCH_N_EXT_BSCAN.bscan_inst/SERIES7_BSCAN.bscan_inst/INTERNAL_TCK rise edge)
                                                      0.000     0.000 r  
    CONFIG_SITE_X0Y0     BSCANE2                      0.000     0.000 r  dbg_hub/inst/BSCANID.u_xsdbm_id/SWITCH_N_EXT_BSCAN.bscan_inst/SERIES7_BSCAN.bscan_inst/INTERNAL_TCK
    CONFIG_SITE_X0Y0     BSCANE2 (Prop_BSCAN1_CONFIG_SITE_INTERNAL_TCK_TCK)
                                                      4.300     4.300 r  dbg_hub/inst/BSCANID.u_xsdbm_id/SWITCH_N_EXT_BSCAN.bscan_inst/SERIES7_BSCAN.bscan_inst/TCK
                         net (fo=1, routed)           1.118     5.418    dbg_hub/inst/BSCANID.u_xsdbm_id/tck_bs
    BUFGCE_X0Y29         BUFGCE (Prop_BUFCE_BUFGCE_I_O)
                                                      0.028     5.446 r  dbg_hub/inst/BSCANID.u_xsdbm_id/SWITCH_N_EXT_BSCAN.u_bufg_icon_tck/O
    X3Y2 (CLOCK_ROOT)    net (fo=482, routed)         1.676     7.122    dbg_hub/inst/BSCANID.u_xsdbm_id/CORE_XSDB.UUT_MASTER/U_ICON_INTERFACE/U_CMD7_STAT/m_bscan_tck[0]
    SLICE_X78Y182        FDRE                                         r  dbg_hub/inst/BSCANID.u_xsdbm_id/CORE_XSDB.UUT_MASTER/U_ICON_INTERFACE/U_CMD7_STAT/shift_reg_in_reg[2]/C
                         clock pessimism             -4.241     2.881    
    SLICE_X78Y182        FDRE (Hold_HFF2_SLICEM_C_CE)
                                                     -0.014     2.867    dbg_hub/inst/BSCANID.u_xsdbm_id/CORE_XSDB.UUT_MASTER/U_ICON_INTERFACE/U_CMD7_STAT/shift_reg_in_reg[2]
  -------------------------------------------------------------------
                         required time                         -2.867    
                         arrival time                           2.886    
  -------------------------------------------------------------------
                         slack                                  0.019    





Pulse Width Checks
--------------------------------------------------------------------------------------
Clock Name:         dbg_hub/inst/BSCANID.u_xsdbm_id/SWITCH_N_EXT_BSCAN.bscan_inst/SERIES7_BSCAN.bscan_inst/INTERNAL_TCK
Waveform(ns):       { 0.000 25.000 }
Period(ns):         50.000
Sources:            { dbg_hub/inst/BSCANID.u_xsdbm_id/SWITCH_N_EXT_BSCAN.bscan_inst/SERIES7_BSCAN.bscan_inst/INTERNAL_TCK }

Check Type        Corner  Lib Pin     Reference Pin  Required(ns)  Actual(ns)  Slack(ns)  Location       Pin
Min Period        n/a     BUFGCE/I    n/a            1.290         50.000      48.710     BUFGCE_X0Y29   dbg_hub/inst/BSCANID.u_xsdbm_id/SWITCH_N_EXT_BSCAN.u_bufg_icon_tck/I
Low Pulse Width   Slow    RAMD32/CLK  n/a            0.532         25.000      24.468     SLICE_X72Y199  dbg_hub/inst/BSCANID.u_xsdbm_id/CORE_XSDB.UUT_MASTER/U_ICON_INTERFACE/U_CMD6_WR/U_WR_FIFO/SUBCORE_FIFO.xsdbm_v3_0_0_wrfifo_inst/inst_fifo_gen/gconvfifo.rf/grf.rf/gntv_or_sync_fifo.mem/gdm.dm_gen.dm/RAM_reg_0_15_0_13/RAMA/CLK
High Pulse Width  Slow    RAMD32/CLK  n/a            0.532         25.000      24.468     SLICE_X72Y199  dbg_hub/inst/BSCANID.u_xsdbm_id/CORE_XSDB.UUT_MASTER/U_ICON_INTERFACE/U_CMD6_WR/U_WR_FIFO/SUBCORE_FIFO.xsdbm_v3_0_0_wrfifo_inst/inst_fifo_gen/gconvfifo.rf/grf.rf/gntv_or_sync_fifo.mem/gdm.dm_gen.dm/RAM_reg_0_15_0_13/RAMA/CLK



---------------------------------------------------------------------------------------------------
From Clock:  GTYE4_CHANNEL_TXOUTCLKPCS[0]
  To Clock:  GTYE4_CHANNEL_TXOUTCLKPCS[0]

Setup :            0  Failing Endpoints,  Worst Slack        2.178ns,  Total Violation        0.000ns
Hold  :            0  Failing Endpoints,  Worst Slack        0.179ns,  Total Violation        0.000ns
PW    :            0  Failing Endpoints,  Worst Slack        1.277ns,  Total Violation        0.000ns
---------------------------------------------------------------------------------------------------


Max Delay Paths
--------------------------------------------------------------------------------------
Slack (MET) :             2.178ns  (required time - arrival time)
  Source:                 core_inst/cmac_inst/inst/cmac_usplus_0_gt_i/inst/gen_gtwizard_gtye4_top.cmac_usplus_0_gt_gtwizard_gtye4_inst/gen_gtwizard_gtye4.gen_pwrgood_delay_inst[0].delay_powergood_inst/gen_powergood_delay.int_pwr_on_fsm_reg/C
                            (rising edge-triggered cell FDCE clocked by GTYE4_CHANNEL_TXOUTCLKPCS[0]  {rise@0.000ns fall@1.552ns period=3.103ns})
  Destination:            core_inst/cmac_inst/inst/cmac_usplus_0_gt_i/inst/gen_gtwizard_gtye4_top.cmac_usplus_0_gt_gtwizard_gtye4_inst/gen_gtwizard_gtye4.gen_pwrgood_delay_inst[0].delay_powergood_inst/gen_powergood_delay.wait_cnt_reg[5]/CE
                            (rising edge-triggered cell FDRE clocked by GTYE4_CHANNEL_TXOUTCLKPCS[0]  {rise@0.000ns fall@1.552ns period=3.103ns})
  Path Group:             GTYE4_CHANNEL_TXOUTCLKPCS[0]
  Path Type:              Setup (Max at Slow Process Corner)
  Requirement:            3.103ns  (GTYE4_CHANNEL_TXOUTCLKPCS[0] rise@3.103ns - GTYE4_CHANNEL_TXOUTCLKPCS[0] rise@0.000ns)
  Data Path Delay:        0.815ns  (logic 0.182ns (22.341%)  route 0.633ns (77.659%))
  Logic Levels:           1  (LUT1=1)
  Clock Path Skew:        -0.003ns (DCD - SCD + CPR)
    Destination Clock Delay (DCD):    0.444ns = ( 3.547 - 3.103 ) 
    Source Clock Delay      (SCD):    0.680ns
    Clock Pessimism Removal (CPR):    0.232ns
  Clock Uncertainty:      0.046ns  ((TSJ^2 + DJ^2)^1/2) / 2 + PE
    Total System Jitter     (TSJ):    0.071ns
    Discrete Jitter          (DJ):    0.060ns
    Phase Error              (PE):    0.000ns

    Location             Delay type                Incr(ns)  Path(ns)    Netlist Resource(s)
  -------------------------------------------------------------------    -------------------
                         (clock GTYE4_CHANNEL_TXOUTCLKPCS[0] rise edge)
                                                      0.000     0.000 r  
    GTYE4_CHANNEL_X0Y4   GTYE4_CHANNEL                0.000     0.000 r  core_inst/cmac_inst/inst/cmac_usplus_0_gt_i/inst/gen_gtwizard_gtye4_top.cmac_usplus_0_gt_gtwizard_gtye4_inst/gen_gtwizard_gtye4.gen_channel_container[1].gen_enabled_channel.gtye4_channel_wrapper_inst/channel_inst/gtye4_channel_gen.gen_gtye4_channel_inst[0].GTYE4_CHANNEL_PRIM_INST/TXOUTCLKPCS
                         net (fo=15, routed)          0.680     0.680    core_inst/cmac_inst/inst/cmac_usplus_0_gt_i/inst/gen_gtwizard_gtye4_top.cmac_usplus_0_gt_gtwizard_gtye4_inst/gen_gtwizard_gtye4.gen_pwrgood_delay_inst[0].delay_powergood_inst/GTYE4_CHANNEL_TXOUTCLKPCS[0]
    SLICE_X2Y250         FDCE                                         r  core_inst/cmac_inst/inst/cmac_usplus_0_gt_i/inst/gen_gtwizard_gtye4_top.cmac_usplus_0_gt_gtwizard_gtye4_inst/gen_gtwizard_gtye4.gen_pwrgood_delay_inst[0].delay_powergood_inst/gen_powergood_delay.int_pwr_on_fsm_reg/C
  -------------------------------------------------------------------    -------------------
    SLICE_X2Y250         FDCE (Prop_AFF2_SLICEL_C_Q)
                                                      0.081     0.761 f  core_inst/cmac_inst/inst/cmac_usplus_0_gt_i/inst/gen_gtwizard_gtye4_top.cmac_usplus_0_gt_gtwizard_gtye4_inst/gen_gtwizard_gtye4.gen_pwrgood_delay_inst[0].delay_powergood_inst/gen_powergood_delay.int_pwr_on_fsm_reg/Q
                         net (fo=4, routed)           0.220     0.981    core_inst/cmac_inst/inst/cmac_usplus_0_gt_i/inst/gen_gtwizard_gtye4_top.cmac_usplus_0_gt_gtwizard_gtye4_inst/gen_gtwizard_gtye4.gen_pwrgood_delay_inst[0].delay_powergood_inst/gen_powergood_delay.int_pwr_on_fsm
    SLICE_X1Y250         LUT1 (Prop_H6LUT_SLICEM_I0_O)
                                                      0.101     1.082 r  core_inst/cmac_inst/inst/cmac_usplus_0_gt_i/inst/gen_gtwizard_gtye4_top.cmac_usplus_0_gt_gtwizard_gtye4_inst/gen_gtwizard_gtye4.gen_pwrgood_delay_inst[0].delay_powergood_inst/gen_powergood_delay.intclk_rrst_n_r[4]_i_1/O
                         net (fo=12, routed)          0.413     1.494    core_inst/cmac_inst/inst/cmac_usplus_0_gt_i/inst/gen_gtwizard_gtye4_top.cmac_usplus_0_gt_gtwizard_gtye4_inst/gen_gtwizard_gtye4.gen_pwrgood_delay_inst[0].delay_powergood_inst/gen_powergood_delay.intclk_rrst_n_r[4]_i_1_n_0
    SLICE_X1Y252         FDRE                                         r  core_inst/cmac_inst/inst/cmac_usplus_0_gt_i/inst/gen_gtwizard_gtye4_top.cmac_usplus_0_gt_gtwizard_gtye4_inst/gen_gtwizard_gtye4.gen_pwrgood_delay_inst[0].delay_powergood_inst/gen_powergood_delay.wait_cnt_reg[5]/CE
  -------------------------------------------------------------------    -------------------

                         (clock GTYE4_CHANNEL_TXOUTCLKPCS[0] rise edge)
                                                      3.103     3.103 r  
    GTYE4_CHANNEL_X0Y4   GTYE4_CHANNEL                0.000     3.103 r  core_inst/cmac_inst/inst/cmac_usplus_0_gt_i/inst/gen_gtwizard_gtye4_top.cmac_usplus_0_gt_gtwizard_gtye4_inst/gen_gtwizard_gtye4.gen_channel_container[1].gen_enabled_channel.gtye4_channel_wrapper_inst/channel_inst/gtye4_channel_gen.gen_gtye4_channel_inst[0].GTYE4_CHANNEL_PRIM_INST/TXOUTCLKPCS
                         net (fo=15, routed)          0.444     3.547    core_inst/cmac_inst/inst/cmac_usplus_0_gt_i/inst/gen_gtwizard_gtye4_top.cmac_usplus_0_gt_gtwizard_gtye4_inst/gen_gtwizard_gtye4.gen_pwrgood_delay_inst[0].delay_powergood_inst/GTYE4_CHANNEL_TXOUTCLKPCS[0]
    SLICE_X1Y252         FDRE                                         r  core_inst/cmac_inst/inst/cmac_usplus_0_gt_i/inst/gen_gtwizard_gtye4_top.cmac_usplus_0_gt_gtwizard_gtye4_inst/gen_gtwizard_gtye4.gen_pwrgood_delay_inst[0].delay_powergood_inst/gen_powergood_delay.wait_cnt_reg[5]/C
                         clock pessimism              0.232     3.780    
                         clock uncertainty           -0.046     3.733    
    SLICE_X1Y252         FDRE (Setup_EFF2_SLICEM_C_CE)
                                                     -0.061     3.672    core_inst/cmac_inst/inst/cmac_usplus_0_gt_i/inst/gen_gtwizard_gtye4_top.cmac_usplus_0_gt_gtwizard_gtye4_inst/gen_gtwizard_gtye4.gen_pwrgood_delay_inst[0].delay_powergood_inst/gen_powergood_delay.wait_cnt_reg[5]
  -------------------------------------------------------------------
                         required time                          3.672    
                         arrival time                          -1.494    
  -------------------------------------------------------------------
                         slack                                  2.178    





Min Delay Paths
--------------------------------------------------------------------------------------
Slack (MET) :             0.179ns  (arrival time - required time)
  Source:                 core_inst/cmac_inst/inst/cmac_usplus_0_gt_i/inst/gen_gtwizard_gtye4_top.cmac_usplus_0_gt_gtwizard_gtye4_inst/gen_gtwizard_gtye4.gen_pwrgood_delay_inst[0].delay_powergood_inst/gen_powergood_delay.wait_cnt_reg[6]/C
                            (rising edge-triggered cell FDRE clocked by GTYE4_CHANNEL_TXOUTCLKPCS[0]  {rise@0.000ns fall@1.552ns period=3.103ns})
  Destination:            core_inst/cmac_inst/inst/cmac_usplus_0_gt_i/inst/gen_gtwizard_gtye4_top.cmac_usplus_0_gt_gtwizard_gtye4_inst/gen_gtwizard_gtye4.gen_pwrgood_delay_inst[0].delay_powergood_inst/gen_powergood_delay.wait_cnt_reg[7]/D
                            (rising edge-triggered cell FDRE clocked by GTYE4_CHANNEL_TXOUTCLKPCS[0]  {rise@0.000ns fall@1.552ns period=3.103ns})
  Path Group:             GTYE4_CHANNEL_TXOUTCLKPCS[0]
  Path Type:              Hold (Min at Fast Process Corner)
  Requirement:            0.000ns  (GTYE4_CHANNEL_TXOUTCLKPCS[0] rise@0.000ns - GTYE4_CHANNEL_TXOUTCLKPCS[0] rise@0.000ns)
  Data Path Delay:        0.232ns  (logic 0.040ns (17.241%)  route 0.192ns (82.759%))
  Logic Levels:           0  
  Clock Path Skew:        0.006ns (DCD - SCD - CPR)
    Destination Clock Delay (DCD):    0.464ns
    Source Clock Delay      (SCD):    0.362ns
    Clock Pessimism Removal (CPR):    0.096ns

    Location             Delay type                Incr(ns)  Path(ns)    Netlist Resource(s)
  -------------------------------------------------------------------    -------------------
                         (clock GTYE4_CHANNEL_TXOUTCLKPCS[0] rise edge)
                                                      0.000     0.000 r  
    GTYE4_CHANNEL_X0Y4   GTYE4_CHANNEL                0.000     0.000 r  core_inst/cmac_inst/inst/cmac_usplus_0_gt_i/inst/gen_gtwizard_gtye4_top.cmac_usplus_0_gt_gtwizard_gtye4_inst/gen_gtwizard_gtye4.gen_channel_container[1].gen_enabled_channel.gtye4_channel_wrapper_inst/channel_inst/gtye4_channel_gen.gen_gtye4_channel_inst[0].GTYE4_CHANNEL_PRIM_INST/TXOUTCLKPCS
                         net (fo=15, routed)          0.362     0.362    core_inst/cmac_inst/inst/cmac_usplus_0_gt_i/inst/gen_gtwizard_gtye4_top.cmac_usplus_0_gt_gtwizard_gtye4_inst/gen_gtwizard_gtye4.gen_pwrgood_delay_inst[0].delay_powergood_inst/GTYE4_CHANNEL_TXOUTCLKPCS[0]
    SLICE_X1Y252         FDRE                                         r  core_inst/cmac_inst/inst/cmac_usplus_0_gt_i/inst/gen_gtwizard_gtye4_top.cmac_usplus_0_gt_gtwizard_gtye4_inst/gen_gtwizard_gtye4.gen_pwrgood_delay_inst[0].delay_powergood_inst/gen_powergood_delay.wait_cnt_reg[6]/C
  -------------------------------------------------------------------    -------------------
    SLICE_X1Y252         FDRE (Prop_FFF2_SLICEM_C_Q)
                                                      0.040     0.402 r  core_inst/cmac_inst/inst/cmac_usplus_0_gt_i/inst/gen_gtwizard_gtye4_top.cmac_usplus_0_gt_gtwizard_gtye4_inst/gen_gtwizard_gtye4.gen_pwrgood_delay_inst[0].delay_powergood_inst/gen_powergood_delay.wait_cnt_reg[6]/Q
                         net (fo=1, routed)           0.192     0.594    core_inst/cmac_inst/inst/cmac_usplus_0_gt_i/inst/gen_gtwizard_gtye4_top.cmac_usplus_0_gt_gtwizard_gtye4_inst/gen_gtwizard_gtye4.gen_pwrgood_delay_inst[0].delay_powergood_inst/gen_powergood_delay.wait_cnt[6]
    SLICE_X1Y252         FDRE                                         r  core_inst/cmac_inst/inst/cmac_usplus_0_gt_i/inst/gen_gtwizard_gtye4_top.cmac_usplus_0_gt_gtwizard_gtye4_inst/gen_gtwizard_gtye4.gen_pwrgood_delay_inst[0].delay_powergood_inst/gen_powergood_delay.wait_cnt_reg[7]/D
  -------------------------------------------------------------------    -------------------

                         (clock GTYE4_CHANNEL_TXOUTCLKPCS[0] rise edge)
                                                      0.000     0.000 r  
    GTYE4_CHANNEL_X0Y4   GTYE4_CHANNEL                0.000     0.000 r  core_inst/cmac_inst/inst/cmac_usplus_0_gt_i/inst/gen_gtwizard_gtye4_top.cmac_usplus_0_gt_gtwizard_gtye4_inst/gen_gtwizard_gtye4.gen_channel_container[1].gen_enabled_channel.gtye4_channel_wrapper_inst/channel_inst/gtye4_channel_gen.gen_gtye4_channel_inst[0].GTYE4_CHANNEL_PRIM_INST/TXOUTCLKPCS
                         net (fo=15, routed)          0.464     0.464    core_inst/cmac_inst/inst/cmac_usplus_0_gt_i/inst/gen_gtwizard_gtye4_top.cmac_usplus_0_gt_gtwizard_gtye4_inst/gen_gtwizard_gtye4.gen_pwrgood_delay_inst[0].delay_powergood_inst/GTYE4_CHANNEL_TXOUTCLKPCS[0]
    SLICE_X1Y252         FDRE                                         r  core_inst/cmac_inst/inst/cmac_usplus_0_gt_i/inst/gen_gtwizard_gtye4_top.cmac_usplus_0_gt_gtwizard_gtye4_inst/gen_gtwizard_gtye4.gen_pwrgood_delay_inst[0].delay_powergood_inst/gen_powergood_delay.wait_cnt_reg[7]/C
                         clock pessimism             -0.096     0.368    
    SLICE_X1Y252         FDRE (Hold_GFF2_SLICEM_C_D)
                                                      0.047     0.415    core_inst/cmac_inst/inst/cmac_usplus_0_gt_i/inst/gen_gtwizard_gtye4_top.cmac_usplus_0_gt_gtwizard_gtye4_inst/gen_gtwizard_gtye4.gen_pwrgood_delay_inst[0].delay_powergood_inst/gen_powergood_delay.wait_cnt_reg[7]
  -------------------------------------------------------------------
                         required time                         -0.415    
                         arrival time                           0.594    
  -------------------------------------------------------------------
                         slack                                  0.179    





Pulse Width Checks
--------------------------------------------------------------------------------------
Clock Name:         GTYE4_CHANNEL_TXOUTCLKPCS[0]
Waveform(ns):       { 0.000 1.552 }
Period(ns):         3.103
Sources:            { core_inst/cmac_inst/inst/cmac_usplus_0_gt_i/inst/gen_gtwizard_gtye4_top.cmac_usplus_0_gt_gtwizard_gtye4_inst/gen_gtwizard_gtye4.gen_channel_container[1].gen_enabled_channel.gtye4_channel_wrapper_inst/channel_inst/gtye4_channel_gen.gen_gtye4_channel_inst[0].GTYE4_CHANNEL_PRIM_INST/TXOUTCLKPCS }

Check Type        Corner  Lib Pin  Reference Pin  Required(ns)  Actual(ns)  Slack(ns)  Location      Pin
Min Period        n/a     FDCE/C   n/a            0.550         3.103       2.553      SLICE_X2Y250  core_inst/cmac_inst/inst/cmac_usplus_0_gt_i/inst/gen_gtwizard_gtye4_top.cmac_usplus_0_gt_gtwizard_gtye4_inst/gen_gtwizard_gtye4.gen_pwrgood_delay_inst[0].delay_powergood_inst/gen_powergood_delay.int_pwr_on_fsm_reg/C
Low Pulse Width   Slow    FDCE/C   n/a            0.275         1.552       1.277      SLICE_X2Y250  core_inst/cmac_inst/inst/cmac_usplus_0_gt_i/inst/gen_gtwizard_gtye4_top.cmac_usplus_0_gt_gtwizard_gtye4_inst/gen_gtwizard_gtye4.gen_pwrgood_delay_inst[0].delay_powergood_inst/gen_powergood_delay.int_pwr_on_fsm_reg/C
High Pulse Width  Slow    FDCE/C   n/a            0.275         1.552       1.277      SLICE_X2Y250  core_inst/cmac_inst/inst/cmac_usplus_0_gt_i/inst/gen_gtwizard_gtye4_top.cmac_usplus_0_gt_gtwizard_gtye4_inst/gen_gtwizard_gtye4.gen_pwrgood_delay_inst[0].delay_powergood_inst/gen_powergood_delay.int_pwr_on_fsm_reg/C



---------------------------------------------------------------------------------------------------
From Clock:  GTYE4_CHANNEL_TXOUTCLKPCS[1]
  To Clock:  GTYE4_CHANNEL_TXOUTCLKPCS[1]

Setup :            0  Failing Endpoints,  Worst Slack        2.039ns,  Total Violation        0.000ns
Hold  :            0  Failing Endpoints,  Worst Slack        0.128ns,  Total Violation        0.000ns
PW    :            0  Failing Endpoints,  Worst Slack        1.277ns,  Total Violation        0.000ns
---------------------------------------------------------------------------------------------------


Max Delay Paths
--------------------------------------------------------------------------------------
Slack (MET) :             2.039ns  (required time - arrival time)
  Source:                 core_inst/cmac_inst/inst/cmac_usplus_0_gt_i/inst/gen_gtwizard_gtye4_top.cmac_usplus_0_gt_gtwizard_gtye4_inst/gen_gtwizard_gtye4.gen_pwrgood_delay_inst[1].delay_powergood_inst/gen_powergood_delay.int_pwr_on_fsm_reg/C
                            (rising edge-triggered cell FDCE clocked by GTYE4_CHANNEL_TXOUTCLKPCS[1]  {rise@0.000ns fall@1.552ns period=3.103ns})
  Destination:            core_inst/cmac_inst/inst/cmac_usplus_0_gt_i/inst/gen_gtwizard_gtye4_top.cmac_usplus_0_gt_gtwizard_gtye4_inst/gen_gtwizard_gtye4.gen_pwrgood_delay_inst[1].delay_powergood_inst/gen_powergood_delay.wait_cnt_reg[1]/CE
                            (rising edge-triggered cell FDRE clocked by GTYE4_CHANNEL_TXOUTCLKPCS[1]  {rise@0.000ns fall@1.552ns period=3.103ns})
  Path Group:             GTYE4_CHANNEL_TXOUTCLKPCS[1]
  Path Type:              Setup (Max at Slow Process Corner)
  Requirement:            3.103ns  (GTYE4_CHANNEL_TXOUTCLKPCS[1] rise@3.103ns - GTYE4_CHANNEL_TXOUTCLKPCS[1] rise@0.000ns)
  Data Path Delay:        0.818ns  (logic 0.117ns (14.296%)  route 0.701ns (85.704%))
  Logic Levels:           1  (LUT1=1)
  Clock Path Skew:        -0.139ns (DCD - SCD + CPR)
    Destination Clock Delay (DCD):    0.310ns = ( 3.413 - 3.103 ) 
    Source Clock Delay      (SCD):    0.505ns
    Clock Pessimism Removal (CPR):    0.056ns
  Clock Uncertainty:      0.046ns  ((TSJ^2 + DJ^2)^1/2) / 2 + PE
    Total System Jitter     (TSJ):    0.071ns
    Discrete Jitter          (DJ):    0.060ns
    Phase Error              (PE):    0.000ns

    Location             Delay type                Incr(ns)  Path(ns)    Netlist Resource(s)
  -------------------------------------------------------------------    -------------------
                         (clock GTYE4_CHANNEL_TXOUTCLKPCS[1] rise edge)
                                                      0.000     0.000 r  
    GTYE4_CHANNEL_X0Y5   GTYE4_CHANNEL                0.000     0.000 r  core_inst/cmac_inst/inst/cmac_usplus_0_gt_i/inst/gen_gtwizard_gtye4_top.cmac_usplus_0_gt_gtwizard_gtye4_inst/gen_gtwizard_gtye4.gen_channel_container[1].gen_enabled_channel.gtye4_channel_wrapper_inst/channel_inst/gtye4_channel_gen.gen_gtye4_channel_inst[1].GTYE4_CHANNEL_PRIM_INST/TXOUTCLKPCS
                         net (fo=15, routed)          0.505     0.505    core_inst/cmac_inst/inst/cmac_usplus_0_gt_i/inst/gen_gtwizard_gtye4_top.cmac_usplus_0_gt_gtwizard_gtye4_inst/gen_gtwizard_gtye4.gen_pwrgood_delay_inst[1].delay_powergood_inst/GTYE4_CHANNEL_TXOUTCLKPCS[0]
    SLICE_X0Y266         FDCE                                         r  core_inst/cmac_inst/inst/cmac_usplus_0_gt_i/inst/gen_gtwizard_gtye4_top.cmac_usplus_0_gt_gtwizard_gtye4_inst/gen_gtwizard_gtye4.gen_pwrgood_delay_inst[1].delay_powergood_inst/gen_powergood_delay.int_pwr_on_fsm_reg/C
  -------------------------------------------------------------------    -------------------
    SLICE_X0Y266         FDCE (Prop_AFF2_SLICEL_C_Q)
                                                      0.081     0.586 f  core_inst/cmac_inst/inst/cmac_usplus_0_gt_i/inst/gen_gtwizard_gtye4_top.cmac_usplus_0_gt_gtwizard_gtye4_inst/gen_gtwizard_gtye4.gen_pwrgood_delay_inst[1].delay_powergood_inst/gen_powergood_delay.int_pwr_on_fsm_reg/Q
                         net (fo=4, routed)           0.407     0.993    core_inst/cmac_inst/inst/cmac_usplus_0_gt_i/inst/gen_gtwizard_gtye4_top.cmac_usplus_0_gt_gtwizard_gtye4_inst/gen_gtwizard_gtye4.gen_pwrgood_delay_inst[1].delay_powergood_inst/gen_powergood_delay.int_pwr_on_fsm
    SLICE_X0Y266         LUT1 (Prop_H6LUT_SLICEL_I0_O)
                                                      0.036     1.029 r  core_inst/cmac_inst/inst/cmac_usplus_0_gt_i/inst/gen_gtwizard_gtye4_top.cmac_usplus_0_gt_gtwizard_gtye4_inst/gen_gtwizard_gtye4.gen_pwrgood_delay_inst[1].delay_powergood_inst/gen_powergood_delay.intclk_rrst_n_r[4]_i_1__0/O
                         net (fo=12, routed)          0.294     1.323    core_inst/cmac_inst/inst/cmac_usplus_0_gt_i/inst/gen_gtwizard_gtye4_top.cmac_usplus_0_gt_gtwizard_gtye4_inst/gen_gtwizard_gtye4.gen_pwrgood_delay_inst[1].delay_powergood_inst/gen_powergood_delay.intclk_rrst_n_r[4]_i_1__0_n_0
    SLICE_X1Y267         FDRE                                         r  core_inst/cmac_inst/inst/cmac_usplus_0_gt_i/inst/gen_gtwizard_gtye4_top.cmac_usplus_0_gt_gtwizard_gtye4_inst/gen_gtwizard_gtye4.gen_pwrgood_delay_inst[1].delay_powergood_inst/gen_powergood_delay.wait_cnt_reg[1]/CE
  -------------------------------------------------------------------    -------------------

                         (clock GTYE4_CHANNEL_TXOUTCLKPCS[1] rise edge)
                                                      3.103     3.103 r  
    GTYE4_CHANNEL_X0Y5   GTYE4_CHANNEL                0.000     3.103 r  core_inst/cmac_inst/inst/cmac_usplus_0_gt_i/inst/gen_gtwizard_gtye4_top.cmac_usplus_0_gt_gtwizard_gtye4_inst/gen_gtwizard_gtye4.gen_channel_container[1].gen_enabled_channel.gtye4_channel_wrapper_inst/channel_inst/gtye4_channel_gen.gen_gtye4_channel_inst[1].GTYE4_CHANNEL_PRIM_INST/TXOUTCLKPCS
                         net (fo=15, routed)          0.310     3.413    core_inst/cmac_inst/inst/cmac_usplus_0_gt_i/inst/gen_gtwizard_gtye4_top.cmac_usplus_0_gt_gtwizard_gtye4_inst/gen_gtwizard_gtye4.gen_pwrgood_delay_inst[1].delay_powergood_inst/GTYE4_CHANNEL_TXOUTCLKPCS[0]
    SLICE_X1Y267         FDRE                                         r  core_inst/cmac_inst/inst/cmac_usplus_0_gt_i/inst/gen_gtwizard_gtye4_top.cmac_usplus_0_gt_gtwizard_gtye4_inst/gen_gtwizard_gtye4.gen_pwrgood_delay_inst[1].delay_powergood_inst/gen_powergood_delay.wait_cnt_reg[1]/C
                         clock pessimism              0.056     3.469    
                         clock uncertainty           -0.046     3.423    
    SLICE_X1Y267         FDRE (Setup_AFF2_SLICEM_C_CE)
                                                     -0.060     3.363    core_inst/cmac_inst/inst/cmac_usplus_0_gt_i/inst/gen_gtwizard_gtye4_top.cmac_usplus_0_gt_gtwizard_gtye4_inst/gen_gtwizard_gtye4.gen_pwrgood_delay_inst[1].delay_powergood_inst/gen_powergood_delay.wait_cnt_reg[1]
  -------------------------------------------------------------------
                         required time                          3.363    
                         arrival time                          -1.323    
  -------------------------------------------------------------------
                         slack                                  2.039    





Min Delay Paths
--------------------------------------------------------------------------------------
Slack (MET) :             0.128ns  (arrival time - required time)
  Source:                 core_inst/cmac_inst/inst/cmac_usplus_0_gt_i/inst/gen_gtwizard_gtye4_top.cmac_usplus_0_gt_gtwizard_gtye4_inst/gen_gtwizard_gtye4.gen_pwrgood_delay_inst[1].delay_powergood_inst/gen_powergood_delay.wait_cnt_reg[1]/C
                            (rising edge-triggered cell FDRE clocked by GTYE4_CHANNEL_TXOUTCLKPCS[1]  {rise@0.000ns fall@1.552ns period=3.103ns})
  Destination:            core_inst/cmac_inst/inst/cmac_usplus_0_gt_i/inst/gen_gtwizard_gtye4_top.cmac_usplus_0_gt_gtwizard_gtye4_inst/gen_gtwizard_gtye4.gen_pwrgood_delay_inst[1].delay_powergood_inst/gen_powergood_delay.wait_cnt_reg[2]/D
                            (rising edge-triggered cell FDRE clocked by GTYE4_CHANNEL_TXOUTCLKPCS[1]  {rise@0.000ns fall@1.552ns period=3.103ns})
  Path Group:             GTYE4_CHANNEL_TXOUTCLKPCS[1]
  Path Type:              Hold (Min at Fast Process Corner)
  Requirement:            0.000ns  (GTYE4_CHANNEL_TXOUTCLKPCS[1] rise@0.000ns - GTYE4_CHANNEL_TXOUTCLKPCS[1] rise@0.000ns)
  Data Path Delay:        0.181ns  (logic 0.039ns (21.547%)  route 0.142ns (78.453%))
  Logic Levels:           0  
  Clock Path Skew:        0.006ns (DCD - SCD - CPR)
    Destination Clock Delay (DCD):    0.330ns
    Source Clock Delay      (SCD):    0.259ns
    Clock Pessimism Removal (CPR):    0.066ns

    Location             Delay type                Incr(ns)  Path(ns)    Netlist Resource(s)
  -------------------------------------------------------------------    -------------------
                         (clock GTYE4_CHANNEL_TXOUTCLKPCS[1] rise edge)
                                                      0.000     0.000 r  
    GTYE4_CHANNEL_X0Y5   GTYE4_CHANNEL                0.000     0.000 r  core_inst/cmac_inst/inst/cmac_usplus_0_gt_i/inst/gen_gtwizard_gtye4_top.cmac_usplus_0_gt_gtwizard_gtye4_inst/gen_gtwizard_gtye4.gen_channel_container[1].gen_enabled_channel.gtye4_channel_wrapper_inst/channel_inst/gtye4_channel_gen.gen_gtye4_channel_inst[1].GTYE4_CHANNEL_PRIM_INST/TXOUTCLKPCS
                         net (fo=15, routed)          0.259     0.259    core_inst/cmac_inst/inst/cmac_usplus_0_gt_i/inst/gen_gtwizard_gtye4_top.cmac_usplus_0_gt_gtwizard_gtye4_inst/gen_gtwizard_gtye4.gen_pwrgood_delay_inst[1].delay_powergood_inst/GTYE4_CHANNEL_TXOUTCLKPCS[0]
    SLICE_X1Y267         FDRE                                         r  core_inst/cmac_inst/inst/cmac_usplus_0_gt_i/inst/gen_gtwizard_gtye4_top.cmac_usplus_0_gt_gtwizard_gtye4_inst/gen_gtwizard_gtye4.gen_pwrgood_delay_inst[1].delay_powergood_inst/gen_powergood_delay.wait_cnt_reg[1]/C
  -------------------------------------------------------------------    -------------------
    SLICE_X1Y267         FDRE (Prop_AFF2_SLICEM_C_Q)
                                                      0.039     0.298 r  core_inst/cmac_inst/inst/cmac_usplus_0_gt_i/inst/gen_gtwizard_gtye4_top.cmac_usplus_0_gt_gtwizard_gtye4_inst/gen_gtwizard_gtye4.gen_pwrgood_delay_inst[1].delay_powergood_inst/gen_powergood_delay.wait_cnt_reg[1]/Q
                         net (fo=1, routed)           0.142     0.440    core_inst/cmac_inst/inst/cmac_usplus_0_gt_i/inst/gen_gtwizard_gtye4_top.cmac_usplus_0_gt_gtwizard_gtye4_inst/gen_gtwizard_gtye4.gen_pwrgood_delay_inst[1].delay_powergood_inst/gen_powergood_delay.wait_cnt[1]
    SLICE_X1Y267         FDRE                                         r  core_inst/cmac_inst/inst/cmac_usplus_0_gt_i/inst/gen_gtwizard_gtye4_top.cmac_usplus_0_gt_gtwizard_gtye4_inst/gen_gtwizard_gtye4.gen_pwrgood_delay_inst[1].delay_powergood_inst/gen_powergood_delay.wait_cnt_reg[2]/D
  -------------------------------------------------------------------    -------------------

                         (clock GTYE4_CHANNEL_TXOUTCLKPCS[1] rise edge)
                                                      0.000     0.000 r  
    GTYE4_CHANNEL_X0Y5   GTYE4_CHANNEL                0.000     0.000 r  core_inst/cmac_inst/inst/cmac_usplus_0_gt_i/inst/gen_gtwizard_gtye4_top.cmac_usplus_0_gt_gtwizard_gtye4_inst/gen_gtwizard_gtye4.gen_channel_container[1].gen_enabled_channel.gtye4_channel_wrapper_inst/channel_inst/gtye4_channel_gen.gen_gtye4_channel_inst[1].GTYE4_CHANNEL_PRIM_INST/TXOUTCLKPCS
                         net (fo=15, routed)          0.330     0.330    core_inst/cmac_inst/inst/cmac_usplus_0_gt_i/inst/gen_gtwizard_gtye4_top.cmac_usplus_0_gt_gtwizard_gtye4_inst/gen_gtwizard_gtye4.gen_pwrgood_delay_inst[1].delay_powergood_inst/GTYE4_CHANNEL_TXOUTCLKPCS[0]
    SLICE_X1Y267         FDRE                                         r  core_inst/cmac_inst/inst/cmac_usplus_0_gt_i/inst/gen_gtwizard_gtye4_top.cmac_usplus_0_gt_gtwizard_gtye4_inst/gen_gtwizard_gtye4.gen_pwrgood_delay_inst[1].delay_powergood_inst/gen_powergood_delay.wait_cnt_reg[2]/C
                         clock pessimism             -0.066     0.265    
    SLICE_X1Y267         FDRE (Hold_BFF2_SLICEM_C_D)
                                                      0.047     0.312    core_inst/cmac_inst/inst/cmac_usplus_0_gt_i/inst/gen_gtwizard_gtye4_top.cmac_usplus_0_gt_gtwizard_gtye4_inst/gen_gtwizard_gtye4.gen_pwrgood_delay_inst[1].delay_powergood_inst/gen_powergood_delay.wait_cnt_reg[2]
  -------------------------------------------------------------------
                         required time                         -0.312    
                         arrival time                           0.440    
  -------------------------------------------------------------------
                         slack                                  0.128    





Pulse Width Checks
--------------------------------------------------------------------------------------
Clock Name:         GTYE4_CHANNEL_TXOUTCLKPCS[1]
Waveform(ns):       { 0.000 1.552 }
Period(ns):         3.103
Sources:            { core_inst/cmac_inst/inst/cmac_usplus_0_gt_i/inst/gen_gtwizard_gtye4_top.cmac_usplus_0_gt_gtwizard_gtye4_inst/gen_gtwizard_gtye4.gen_channel_container[1].gen_enabled_channel.gtye4_channel_wrapper_inst/channel_inst/gtye4_channel_gen.gen_gtye4_channel_inst[1].GTYE4_CHANNEL_PRIM_INST/TXOUTCLKPCS }

Check Type        Corner  Lib Pin  Reference Pin  Required(ns)  Actual(ns)  Slack(ns)  Location      Pin
Min Period        n/a     FDCE/C   n/a            0.550         3.103       2.553      SLICE_X0Y266  core_inst/cmac_inst/inst/cmac_usplus_0_gt_i/inst/gen_gtwizard_gtye4_top.cmac_usplus_0_gt_gtwizard_gtye4_inst/gen_gtwizard_gtye4.gen_pwrgood_delay_inst[1].delay_powergood_inst/gen_powergood_delay.int_pwr_on_fsm_reg/C
Low Pulse Width   Slow    FDCE/C   n/a            0.275         1.552       1.277      SLICE_X0Y266  core_inst/cmac_inst/inst/cmac_usplus_0_gt_i/inst/gen_gtwizard_gtye4_top.cmac_usplus_0_gt_gtwizard_gtye4_inst/gen_gtwizard_gtye4.gen_pwrgood_delay_inst[1].delay_powergood_inst/gen_powergood_delay.int_pwr_on_fsm_reg/C
High Pulse Width  Slow    FDCE/C   n/a            0.275         1.552       1.277      SLICE_X0Y266  core_inst/cmac_inst/inst/cmac_usplus_0_gt_i/inst/gen_gtwizard_gtye4_top.cmac_usplus_0_gt_gtwizard_gtye4_inst/gen_gtwizard_gtye4.gen_pwrgood_delay_inst[1].delay_powergood_inst/gen_powergood_delay.int_pwr_on_fsm_reg/C



---------------------------------------------------------------------------------------------------
From Clock:  GTYE4_CHANNEL_TXOUTCLKPCS[2]
  To Clock:  GTYE4_CHANNEL_TXOUTCLKPCS[2]

Setup :            0  Failing Endpoints,  Worst Slack        2.104ns,  Total Violation        0.000ns
Hold  :            0  Failing Endpoints,  Worst Slack        0.098ns,  Total Violation        0.000ns
PW    :            0  Failing Endpoints,  Worst Slack        1.277ns,  Total Violation        0.000ns
---------------------------------------------------------------------------------------------------


Max Delay Paths
--------------------------------------------------------------------------------------
Slack (MET) :             2.104ns  (required time - arrival time)
  Source:                 core_inst/cmac_inst/inst/cmac_usplus_0_gt_i/inst/gen_gtwizard_gtye4_top.cmac_usplus_0_gt_gtwizard_gtye4_inst/gen_gtwizard_gtye4.gen_pwrgood_delay_inst[2].delay_powergood_inst/gen_powergood_delay.intclk_rrst_n_r_reg[4]/C
                            (rising edge-triggered cell FDCE clocked by GTYE4_CHANNEL_TXOUTCLKPCS[2]  {rise@0.000ns fall@1.552ns period=3.103ns})
  Destination:            core_inst/cmac_inst/inst/cmac_usplus_0_gt_i/inst/gen_gtwizard_gtye4_top.cmac_usplus_0_gt_gtwizard_gtye4_inst/gen_gtwizard_gtye4.gen_pwrgood_delay_inst[2].delay_powergood_inst/gen_powergood_delay.wait_cnt_reg[0]/CE
                            (rising edge-triggered cell FDRE clocked by GTYE4_CHANNEL_TXOUTCLKPCS[2]  {rise@0.000ns fall@1.552ns period=3.103ns})
  Path Group:             GTYE4_CHANNEL_TXOUTCLKPCS[2]
  Path Type:              Setup (Max at Slow Process Corner)
  Requirement:            3.103ns  (GTYE4_CHANNEL_TXOUTCLKPCS[2] rise@3.103ns - GTYE4_CHANNEL_TXOUTCLKPCS[2] rise@0.000ns)
  Data Path Delay:        0.727ns  (logic 0.175ns (24.059%)  route 0.552ns (75.941%))
  Logic Levels:           1  (LUT2=1)
  Clock Path Skew:        -0.165ns (DCD - SCD + CPR)
    Destination Clock Delay (DCD):    0.377ns = ( 3.480 - 3.103 ) 
    Source Clock Delay      (SCD):    0.601ns
    Clock Pessimism Removal (CPR):    0.059ns
  Clock Uncertainty:      0.046ns  ((TSJ^2 + DJ^2)^1/2) / 2 + PE
    Total System Jitter     (TSJ):    0.071ns
    Discrete Jitter          (DJ):    0.060ns
    Phase Error              (PE):    0.000ns

    Location             Delay type                Incr(ns)  Path(ns)    Netlist Resource(s)
  -------------------------------------------------------------------    -------------------
                         (clock GTYE4_CHANNEL_TXOUTCLKPCS[2] rise edge)
                                                      0.000     0.000 r  
    GTYE4_CHANNEL_X0Y6   GTYE4_CHANNEL                0.000     0.000 r  core_inst/cmac_inst/inst/cmac_usplus_0_gt_i/inst/gen_gtwizard_gtye4_top.cmac_usplus_0_gt_gtwizard_gtye4_inst/gen_gtwizard_gtye4.gen_channel_container[1].gen_enabled_channel.gtye4_channel_wrapper_inst/channel_inst/gtye4_channel_gen.gen_gtye4_channel_inst[2].GTYE4_CHANNEL_PRIM_INST/TXOUTCLKPCS
                         net (fo=15, routed)          0.601     0.601    core_inst/cmac_inst/inst/cmac_usplus_0_gt_i/inst/gen_gtwizard_gtye4_top.cmac_usplus_0_gt_gtwizard_gtye4_inst/gen_gtwizard_gtye4.gen_pwrgood_delay_inst[2].delay_powergood_inst/GTYE4_CHANNEL_TXOUTCLKPCS[0]
    SLICE_X1Y275         FDCE                                         r  core_inst/cmac_inst/inst/cmac_usplus_0_gt_i/inst/gen_gtwizard_gtye4_top.cmac_usplus_0_gt_gtwizard_gtye4_inst/gen_gtwizard_gtye4.gen_pwrgood_delay_inst[2].delay_powergood_inst/gen_powergood_delay.intclk_rrst_n_r_reg[4]/C
  -------------------------------------------------------------------    -------------------
    SLICE_X1Y275         FDCE (Prop_EFF2_SLICEM_C_Q)
                                                      0.079     0.680 f  core_inst/cmac_inst/inst/cmac_usplus_0_gt_i/inst/gen_gtwizard_gtye4_top.cmac_usplus_0_gt_gtwizard_gtye4_inst/gen_gtwizard_gtye4.gen_pwrgood_delay_inst[2].delay_powergood_inst/gen_powergood_delay.intclk_rrst_n_r_reg[4]/Q
                         net (fo=9, routed)           0.287     0.967    core_inst/cmac_inst/inst/cmac_usplus_0_gt_i/inst/gen_gtwizard_gtye4_top.cmac_usplus_0_gt_gtwizard_gtye4_inst/gen_gtwizard_gtye4.gen_pwrgood_delay_inst[2].delay_powergood_inst/gen_powergood_delay.intclk_rrst_n_r[4]
    SLICE_X0Y275         LUT2 (Prop_D5LUT_SLICEL_I0_O)
                                                      0.096     1.063 r  core_inst/cmac_inst/inst/cmac_usplus_0_gt_i/inst/gen_gtwizard_gtye4_top.cmac_usplus_0_gt_gtwizard_gtye4_inst/gen_gtwizard_gtye4.gen_pwrgood_delay_inst[2].delay_powergood_inst/gen_powergood_delay.wait_cnt[0]_i_1__1/O
                         net (fo=1, routed)           0.265     1.328    core_inst/cmac_inst/inst/cmac_usplus_0_gt_i/inst/gen_gtwizard_gtye4_top.cmac_usplus_0_gt_gtwizard_gtye4_inst/gen_gtwizard_gtye4.gen_pwrgood_delay_inst[2].delay_powergood_inst/gen_powergood_delay.wait_cnt[0]_i_1__1_n_0
    SLICE_X1Y276         FDRE                                         r  core_inst/cmac_inst/inst/cmac_usplus_0_gt_i/inst/gen_gtwizard_gtye4_top.cmac_usplus_0_gt_gtwizard_gtye4_inst/gen_gtwizard_gtye4.gen_pwrgood_delay_inst[2].delay_powergood_inst/gen_powergood_delay.wait_cnt_reg[0]/CE
  -------------------------------------------------------------------    -------------------

                         (clock GTYE4_CHANNEL_TXOUTCLKPCS[2] rise edge)
                                                      3.103     3.103 r  
    GTYE4_CHANNEL_X0Y6   GTYE4_CHANNEL                0.000     3.103 r  core_inst/cmac_inst/inst/cmac_usplus_0_gt_i/inst/gen_gtwizard_gtye4_top.cmac_usplus_0_gt_gtwizard_gtye4_inst/gen_gtwizard_gtye4.gen_channel_container[1].gen_enabled_channel.gtye4_channel_wrapper_inst/channel_inst/gtye4_channel_gen.gen_gtye4_channel_inst[2].GTYE4_CHANNEL_PRIM_INST/TXOUTCLKPCS
                         net (fo=15, routed)          0.377     3.480    core_inst/cmac_inst/inst/cmac_usplus_0_gt_i/inst/gen_gtwizard_gtye4_top.cmac_usplus_0_gt_gtwizard_gtye4_inst/gen_gtwizard_gtye4.gen_pwrgood_delay_inst[2].delay_powergood_inst/GTYE4_CHANNEL_TXOUTCLKPCS[0]
    SLICE_X1Y276         FDRE                                         r  core_inst/cmac_inst/inst/cmac_usplus_0_gt_i/inst/gen_gtwizard_gtye4_top.cmac_usplus_0_gt_gtwizard_gtye4_inst/gen_gtwizard_gtye4.gen_pwrgood_delay_inst[2].delay_powergood_inst/gen_powergood_delay.wait_cnt_reg[0]/C
                         clock pessimism              0.059     3.539    
                         clock uncertainty           -0.046     3.492    
    SLICE_X1Y276         FDRE (Setup_AFF2_SLICEM_C_CE)
                                                     -0.060     3.432    core_inst/cmac_inst/inst/cmac_usplus_0_gt_i/inst/gen_gtwizard_gtye4_top.cmac_usplus_0_gt_gtwizard_gtye4_inst/gen_gtwizard_gtye4.gen_pwrgood_delay_inst[2].delay_powergood_inst/gen_powergood_delay.wait_cnt_reg[0]
  -------------------------------------------------------------------
                         required time                          3.432    
                         arrival time                          -1.328    
  -------------------------------------------------------------------
                         slack                                  2.104    





Min Delay Paths
--------------------------------------------------------------------------------------
Slack (MET) :             0.098ns  (arrival time - required time)
  Source:                 core_inst/cmac_inst/inst/cmac_usplus_0_gt_i/inst/gen_gtwizard_gtye4_top.cmac_usplus_0_gt_gtwizard_gtye4_inst/gen_gtwizard_gtye4.gen_pwrgood_delay_inst[2].delay_powergood_inst/gen_powergood_delay.int_pwr_on_fsm_reg/C
                            (rising edge-triggered cell FDCE clocked by GTYE4_CHANNEL_TXOUTCLKPCS[2]  {rise@0.000ns fall@1.552ns period=3.103ns})
  Destination:            core_inst/cmac_inst/inst/cmac_usplus_0_gt_i/inst/gen_gtwizard_gtye4_top.cmac_usplus_0_gt_gtwizard_gtye4_inst/gen_gtwizard_gtye4.gen_pwrgood_delay_inst[2].delay_powergood_inst/gen_powergood_delay.pwr_on_fsm_reg/D
                            (rising edge-triggered cell FDRE clocked by GTYE4_CHANNEL_TXOUTCLKPCS[2]  {rise@0.000ns fall@1.552ns period=3.103ns})
  Path Group:             GTYE4_CHANNEL_TXOUTCLKPCS[2]
  Path Type:              Hold (Min at Slow Process Corner)
  Requirement:            0.000ns  (GTYE4_CHANNEL_TXOUTCLKPCS[2] rise@0.000ns - GTYE4_CHANNEL_TXOUTCLKPCS[2] rise@0.000ns)
  Data Path Delay:        0.259ns  (logic 0.060ns (23.168%)  route 0.199ns (76.832%))
  Logic Levels:           0  
  Clock Path Skew:        0.099ns (DCD - SCD - CPR)
    Destination Clock Delay (DCD):    0.527ns
    Source Clock Delay      (SCD):    0.369ns
    Clock Pessimism Removal (CPR):    0.059ns

    Location             Delay type                Incr(ns)  Path(ns)    Netlist Resource(s)
  -------------------------------------------------------------------    -------------------
                         (clock GTYE4_CHANNEL_TXOUTCLKPCS[2] rise edge)
                                                      0.000     0.000 r  
    GTYE4_CHANNEL_X0Y6   GTYE4_CHANNEL                0.000     0.000 r  core_inst/cmac_inst/inst/cmac_usplus_0_gt_i/inst/gen_gtwizard_gtye4_top.cmac_usplus_0_gt_gtwizard_gtye4_inst/gen_gtwizard_gtye4.gen_channel_container[1].gen_enabled_channel.gtye4_channel_wrapper_inst/channel_inst/gtye4_channel_gen.gen_gtye4_channel_inst[2].GTYE4_CHANNEL_PRIM_INST/TXOUTCLKPCS
                         net (fo=15, routed)          0.369     0.369    core_inst/cmac_inst/inst/cmac_usplus_0_gt_i/inst/gen_gtwizard_gtye4_top.cmac_usplus_0_gt_gtwizard_gtye4_inst/gen_gtwizard_gtye4.gen_pwrgood_delay_inst[2].delay_powergood_inst/GTYE4_CHANNEL_TXOUTCLKPCS[0]
    SLICE_X0Y275         FDCE                                         r  core_inst/cmac_inst/inst/cmac_usplus_0_gt_i/inst/gen_gtwizard_gtye4_top.cmac_usplus_0_gt_gtwizard_gtye4_inst/gen_gtwizard_gtye4.gen_pwrgood_delay_inst[2].delay_powergood_inst/gen_powergood_delay.int_pwr_on_fsm_reg/C
  -------------------------------------------------------------------    -------------------
    SLICE_X0Y275         FDCE (Prop_AFF2_SLICEL_C_Q)
                                                      0.060     0.429 r  core_inst/cmac_inst/inst/cmac_usplus_0_gt_i/inst/gen_gtwizard_gtye4_top.cmac_usplus_0_gt_gtwizard_gtye4_inst/gen_gtwizard_gtye4.gen_pwrgood_delay_inst[2].delay_powergood_inst/gen_powergood_delay.int_pwr_on_fsm_reg/Q
                         net (fo=4, routed)           0.199     0.628    core_inst/cmac_inst/inst/cmac_usplus_0_gt_i/inst/gen_gtwizard_gtye4_top.cmac_usplus_0_gt_gtwizard_gtye4_inst/gen_gtwizard_gtye4.gen_pwrgood_delay_inst[2].delay_powergood_inst/gen_powergood_delay.int_pwr_on_fsm
    SLICE_X0Y276         FDRE                                         r  core_inst/cmac_inst/inst/cmac_usplus_0_gt_i/inst/gen_gtwizard_gtye4_top.cmac_usplus_0_gt_gtwizard_gtye4_inst/gen_gtwizard_gtye4.gen_pwrgood_delay_inst[2].delay_powergood_inst/gen_powergood_delay.pwr_on_fsm_reg/D
  -------------------------------------------------------------------    -------------------

                         (clock GTYE4_CHANNEL_TXOUTCLKPCS[2] rise edge)
                                                      0.000     0.000 r  
    GTYE4_CHANNEL_X0Y6   GTYE4_CHANNEL                0.000     0.000 r  core_inst/cmac_inst/inst/cmac_usplus_0_gt_i/inst/gen_gtwizard_gtye4_top.cmac_usplus_0_gt_gtwizard_gtye4_inst/gen_gtwizard_gtye4.gen_channel_container[1].gen_enabled_channel.gtye4_channel_wrapper_inst/channel_inst/gtye4_channel_gen.gen_gtye4_channel_inst[2].GTYE4_CHANNEL_PRIM_INST/TXOUTCLKPCS
                         net (fo=15, routed)          0.527     0.527    core_inst/cmac_inst/inst/cmac_usplus_0_gt_i/inst/gen_gtwizard_gtye4_top.cmac_usplus_0_gt_gtwizard_gtye4_inst/gen_gtwizard_gtye4.gen_pwrgood_delay_inst[2].delay_powergood_inst/GTYE4_CHANNEL_TXOUTCLKPCS[0]
    SLICE_X0Y276         FDRE                                         r  core_inst/cmac_inst/inst/cmac_usplus_0_gt_i/inst/gen_gtwizard_gtye4_top.cmac_usplus_0_gt_gtwizard_gtye4_inst/gen_gtwizard_gtye4.gen_pwrgood_delay_inst[2].delay_powergood_inst/gen_powergood_delay.pwr_on_fsm_reg/C
                         clock pessimism             -0.059     0.468    
    SLICE_X0Y276         FDRE (Hold_AFF2_SLICEL_C_D)
                                                      0.062     0.530    core_inst/cmac_inst/inst/cmac_usplus_0_gt_i/inst/gen_gtwizard_gtye4_top.cmac_usplus_0_gt_gtwizard_gtye4_inst/gen_gtwizard_gtye4.gen_pwrgood_delay_inst[2].delay_powergood_inst/gen_powergood_delay.pwr_on_fsm_reg
  -------------------------------------------------------------------
                         required time                         -0.530    
                         arrival time                           0.628    
  -------------------------------------------------------------------
                         slack                                  0.098    





Pulse Width Checks
--------------------------------------------------------------------------------------
Clock Name:         GTYE4_CHANNEL_TXOUTCLKPCS[2]
Waveform(ns):       { 0.000 1.552 }
Period(ns):         3.103
Sources:            { core_inst/cmac_inst/inst/cmac_usplus_0_gt_i/inst/gen_gtwizard_gtye4_top.cmac_usplus_0_gt_gtwizard_gtye4_inst/gen_gtwizard_gtye4.gen_channel_container[1].gen_enabled_channel.gtye4_channel_wrapper_inst/channel_inst/gtye4_channel_gen.gen_gtye4_channel_inst[2].GTYE4_CHANNEL_PRIM_INST/TXOUTCLKPCS }

Check Type        Corner  Lib Pin  Reference Pin  Required(ns)  Actual(ns)  Slack(ns)  Location      Pin
Min Period        n/a     FDCE/C   n/a            0.550         3.103       2.553      SLICE_X0Y275  core_inst/cmac_inst/inst/cmac_usplus_0_gt_i/inst/gen_gtwizard_gtye4_top.cmac_usplus_0_gt_gtwizard_gtye4_inst/gen_gtwizard_gtye4.gen_pwrgood_delay_inst[2].delay_powergood_inst/gen_powergood_delay.int_pwr_on_fsm_reg/C
Low Pulse Width   Slow    FDCE/C   n/a            0.275         1.552       1.277      SLICE_X0Y275  core_inst/cmac_inst/inst/cmac_usplus_0_gt_i/inst/gen_gtwizard_gtye4_top.cmac_usplus_0_gt_gtwizard_gtye4_inst/gen_gtwizard_gtye4.gen_pwrgood_delay_inst[2].delay_powergood_inst/gen_powergood_delay.int_pwr_on_fsm_reg/C
High Pulse Width  Slow    FDCE/C   n/a            0.275         1.552       1.277      SLICE_X0Y275  core_inst/cmac_inst/inst/cmac_usplus_0_gt_i/inst/gen_gtwizard_gtye4_top.cmac_usplus_0_gt_gtwizard_gtye4_inst/gen_gtwizard_gtye4.gen_pwrgood_delay_inst[2].delay_powergood_inst/gen_powergood_delay.int_pwr_on_fsm_reg/C



---------------------------------------------------------------------------------------------------
From Clock:  GTYE4_CHANNEL_TXOUTCLKPCS[3]
  To Clock:  GTYE4_CHANNEL_TXOUTCLKPCS[3]

Setup :            0  Failing Endpoints,  Worst Slack        2.124ns,  Total Violation        0.000ns
Hold  :            0  Failing Endpoints,  Worst Slack        0.092ns,  Total Violation        0.000ns
PW    :            0  Failing Endpoints,  Worst Slack        1.277ns,  Total Violation        0.000ns
---------------------------------------------------------------------------------------------------


Max Delay Paths
--------------------------------------------------------------------------------------
Slack (MET) :             2.124ns  (required time - arrival time)
  Source:                 core_inst/cmac_inst/inst/cmac_usplus_0_gt_i/inst/gen_gtwizard_gtye4_top.cmac_usplus_0_gt_gtwizard_gtye4_inst/gen_gtwizard_gtye4.gen_pwrgood_delay_inst[3].delay_powergood_inst/gen_powergood_delay.int_pwr_on_fsm_reg/C
                            (rising edge-triggered cell FDCE clocked by GTYE4_CHANNEL_TXOUTCLKPCS[3]  {rise@0.000ns fall@1.552ns period=3.103ns})
  Destination:            core_inst/cmac_inst/inst/cmac_usplus_0_gt_i/inst/gen_gtwizard_gtye4_top.cmac_usplus_0_gt_gtwizard_gtye4_inst/gen_gtwizard_gtye4.gen_pwrgood_delay_inst[3].delay_powergood_inst/gen_powergood_delay.wait_cnt_reg[5]/CE
                            (rising edge-triggered cell FDRE clocked by GTYE4_CHANNEL_TXOUTCLKPCS[3]  {rise@0.000ns fall@1.552ns period=3.103ns})
  Path Group:             GTYE4_CHANNEL_TXOUTCLKPCS[3]
  Path Type:              Setup (Max at Slow Process Corner)
  Requirement:            3.103ns  (GTYE4_CHANNEL_TXOUTCLKPCS[3] rise@3.103ns - GTYE4_CHANNEL_TXOUTCLKPCS[3] rise@0.000ns)
  Data Path Delay:        0.723ns  (logic 0.120ns (16.587%)  route 0.603ns (83.413%))
  Logic Levels:           1  (LUT1=1)
  Clock Path Skew:        -0.148ns (DCD - SCD + CPR)
    Destination Clock Delay (DCD):    0.448ns = ( 3.551 - 3.103 ) 
    Source Clock Delay      (SCD):    0.729ns
    Clock Pessimism Removal (CPR):    0.133ns
  Clock Uncertainty:      0.046ns  ((TSJ^2 + DJ^2)^1/2) / 2 + PE
    Total System Jitter     (TSJ):    0.071ns
    Discrete Jitter          (DJ):    0.060ns
    Phase Error              (PE):    0.000ns

    Location             Delay type                Incr(ns)  Path(ns)    Netlist Resource(s)
  -------------------------------------------------------------------    -------------------
                         (clock GTYE4_CHANNEL_TXOUTCLKPCS[3] rise edge)
                                                      0.000     0.000 r  
    GTYE4_CHANNEL_X0Y7   GTYE4_CHANNEL                0.000     0.000 r  core_inst/cmac_inst/inst/cmac_usplus_0_gt_i/inst/gen_gtwizard_gtye4_top.cmac_usplus_0_gt_gtwizard_gtye4_inst/gen_gtwizard_gtye4.gen_channel_container[1].gen_enabled_channel.gtye4_channel_wrapper_inst/channel_inst/gtye4_channel_gen.gen_gtye4_channel_inst[3].GTYE4_CHANNEL_PRIM_INST/TXOUTCLKPCS
                         net (fo=15, routed)          0.729     0.729    core_inst/cmac_inst/inst/cmac_usplus_0_gt_i/inst/gen_gtwizard_gtye4_top.cmac_usplus_0_gt_gtwizard_gtye4_inst/gen_gtwizard_gtye4.gen_pwrgood_delay_inst[3].delay_powergood_inst/GTYE4_CHANNEL_TXOUTCLKPCS[0]
    SLICE_X2Y272         FDCE                                         r  core_inst/cmac_inst/inst/cmac_usplus_0_gt_i/inst/gen_gtwizard_gtye4_top.cmac_usplus_0_gt_gtwizard_gtye4_inst/gen_gtwizard_gtye4.gen_pwrgood_delay_inst[3].delay_powergood_inst/gen_powergood_delay.int_pwr_on_fsm_reg/C
  -------------------------------------------------------------------    -------------------
    SLICE_X2Y272         FDCE (Prop_AFF2_SLICEL_C_Q)
                                                      0.081     0.810 f  core_inst/cmac_inst/inst/cmac_usplus_0_gt_i/inst/gen_gtwizard_gtye4_top.cmac_usplus_0_gt_gtwizard_gtye4_inst/gen_gtwizard_gtye4.gen_pwrgood_delay_inst[3].delay_powergood_inst/gen_powergood_delay.int_pwr_on_fsm_reg/Q
                         net (fo=4, routed)           0.190     1.000    core_inst/cmac_inst/inst/cmac_usplus_0_gt_i/inst/gen_gtwizard_gtye4_top.cmac_usplus_0_gt_gtwizard_gtye4_inst/gen_gtwizard_gtye4.gen_pwrgood_delay_inst[3].delay_powergood_inst/gen_powergood_delay.int_pwr_on_fsm
    SLICE_X1Y272         LUT1 (Prop_H6LUT_SLICEM_I0_O)
                                                      0.039     1.039 r  core_inst/cmac_inst/inst/cmac_usplus_0_gt_i/inst/gen_gtwizard_gtye4_top.cmac_usplus_0_gt_gtwizard_gtye4_inst/gen_gtwizard_gtye4.gen_pwrgood_delay_inst[3].delay_powergood_inst/gen_powergood_delay.intclk_rrst_n_r[4]_i_1__2/O
                         net (fo=12, routed)          0.413     1.453    core_inst/cmac_inst/inst/cmac_usplus_0_gt_i/inst/gen_gtwizard_gtye4_top.cmac_usplus_0_gt_gtwizard_gtye4_inst/gen_gtwizard_gtye4.gen_pwrgood_delay_inst[3].delay_powergood_inst/gen_powergood_delay.intclk_rrst_n_r[4]_i_1__2_n_0
    SLICE_X1Y274         FDRE                                         r  core_inst/cmac_inst/inst/cmac_usplus_0_gt_i/inst/gen_gtwizard_gtye4_top.cmac_usplus_0_gt_gtwizard_gtye4_inst/gen_gtwizard_gtye4.gen_pwrgood_delay_inst[3].delay_powergood_inst/gen_powergood_delay.wait_cnt_reg[5]/CE
  -------------------------------------------------------------------    -------------------

                         (clock GTYE4_CHANNEL_TXOUTCLKPCS[3] rise edge)
                                                      3.103     3.103 r  
    GTYE4_CHANNEL_X0Y7   GTYE4_CHANNEL                0.000     3.103 r  core_inst/cmac_inst/inst/cmac_usplus_0_gt_i/inst/gen_gtwizard_gtye4_top.cmac_usplus_0_gt_gtwizard_gtye4_inst/gen_gtwizard_gtye4.gen_channel_container[1].gen_enabled_channel.gtye4_channel_wrapper_inst/channel_inst/gtye4_channel_gen.gen_gtye4_channel_inst[3].GTYE4_CHANNEL_PRIM_INST/TXOUTCLKPCS
                         net (fo=15, routed)          0.448     3.551    core_inst/cmac_inst/inst/cmac_usplus_0_gt_i/inst/gen_gtwizard_gtye4_top.cmac_usplus_0_gt_gtwizard_gtye4_inst/gen_gtwizard_gtye4.gen_pwrgood_delay_inst[3].delay_powergood_inst/GTYE4_CHANNEL_TXOUTCLKPCS[0]
    SLICE_X1Y274         FDRE                                         r  core_inst/cmac_inst/inst/cmac_usplus_0_gt_i/inst/gen_gtwizard_gtye4_top.cmac_usplus_0_gt_gtwizard_gtye4_inst/gen_gtwizard_gtye4.gen_pwrgood_delay_inst[3].delay_powergood_inst/gen_powergood_delay.wait_cnt_reg[5]/C
                         clock pessimism              0.133     3.685    
                         clock uncertainty           -0.046     3.638    
    SLICE_X1Y274         FDRE (Setup_EFF2_SLICEM_C_CE)
                                                     -0.061     3.577    core_inst/cmac_inst/inst/cmac_usplus_0_gt_i/inst/gen_gtwizard_gtye4_top.cmac_usplus_0_gt_gtwizard_gtye4_inst/gen_gtwizard_gtye4.gen_pwrgood_delay_inst[3].delay_powergood_inst/gen_powergood_delay.wait_cnt_reg[5]
  -------------------------------------------------------------------
                         required time                          3.577    
                         arrival time                          -1.453    
  -------------------------------------------------------------------
                         slack                                  2.124    





Min Delay Paths
--------------------------------------------------------------------------------------
Slack (MET) :             0.092ns  (arrival time - required time)
  Source:                 core_inst/cmac_inst/inst/cmac_usplus_0_gt_i/inst/gen_gtwizard_gtye4_top.cmac_usplus_0_gt_gtwizard_gtye4_inst/gen_gtwizard_gtye4.gen_pwrgood_delay_inst[3].delay_powergood_inst/gen_powergood_delay.intclk_rrst_n_r_reg[4]/C
                            (rising edge-triggered cell FDCE clocked by GTYE4_CHANNEL_TXOUTCLKPCS[3]  {rise@0.000ns fall@1.552ns period=3.103ns})
  Destination:            core_inst/cmac_inst/inst/cmac_usplus_0_gt_i/inst/gen_gtwizard_gtye4_top.cmac_usplus_0_gt_gtwizard_gtye4_inst/gen_gtwizard_gtye4.gen_pwrgood_delay_inst[3].delay_powergood_inst/gen_powergood_delay.wait_cnt_reg[1]/R
                            (rising edge-triggered cell FDRE clocked by GTYE4_CHANNEL_TXOUTCLKPCS[3]  {rise@0.000ns fall@1.552ns period=3.103ns})
  Path Group:             GTYE4_CHANNEL_TXOUTCLKPCS[3]
  Path Type:              Hold (Min at Slow Process Corner)
  Requirement:            0.000ns  (GTYE4_CHANNEL_TXOUTCLKPCS[3] rise@0.000ns - GTYE4_CHANNEL_TXOUTCLKPCS[3] rise@0.000ns)
  Data Path Delay:        0.206ns  (logic 0.060ns (29.186%)  route 0.146ns (70.814%))
  Logic Levels:           0  
  Clock Path Skew:        0.129ns (DCD - SCD - CPR)
    Destination Clock Delay (DCD):    0.714ns
    Source Clock Delay      (SCD):    0.452ns
    Clock Pessimism Removal (CPR):    0.133ns

    Location             Delay type                Incr(ns)  Path(ns)    Netlist Resource(s)
  -------------------------------------------------------------------    -------------------
                         (clock GTYE4_CHANNEL_TXOUTCLKPCS[3] rise edge)
                                                      0.000     0.000 r  
    GTYE4_CHANNEL_X0Y7   GTYE4_CHANNEL                0.000     0.000 r  core_inst/cmac_inst/inst/cmac_usplus_0_gt_i/inst/gen_gtwizard_gtye4_top.cmac_usplus_0_gt_gtwizard_gtye4_inst/gen_gtwizard_gtye4.gen_channel_container[1].gen_enabled_channel.gtye4_channel_wrapper_inst/channel_inst/gtye4_channel_gen.gen_gtye4_channel_inst[3].GTYE4_CHANNEL_PRIM_INST/TXOUTCLKPCS
                         net (fo=15, routed)          0.452     0.452    core_inst/cmac_inst/inst/cmac_usplus_0_gt_i/inst/gen_gtwizard_gtye4_top.cmac_usplus_0_gt_gtwizard_gtye4_inst/gen_gtwizard_gtye4.gen_pwrgood_delay_inst[3].delay_powergood_inst/GTYE4_CHANNEL_TXOUTCLKPCS[0]
    SLICE_X1Y272         FDCE                                         r  core_inst/cmac_inst/inst/cmac_usplus_0_gt_i/inst/gen_gtwizard_gtye4_top.cmac_usplus_0_gt_gtwizard_gtye4_inst/gen_gtwizard_gtye4.gen_pwrgood_delay_inst[3].delay_powergood_inst/gen_powergood_delay.intclk_rrst_n_r_reg[4]/C
  -------------------------------------------------------------------    -------------------
    SLICE_X1Y272         FDCE (Prop_EFF2_SLICEM_C_Q)
                                                      0.060     0.512 f  core_inst/cmac_inst/inst/cmac_usplus_0_gt_i/inst/gen_gtwizard_gtye4_top.cmac_usplus_0_gt_gtwizard_gtye4_inst/gen_gtwizard_gtye4.gen_pwrgood_delay_inst[3].delay_powergood_inst/gen_powergood_delay.intclk_rrst_n_r_reg[4]/Q
                         net (fo=9, routed)           0.146     0.657    core_inst/cmac_inst/inst/cmac_usplus_0_gt_i/inst/gen_gtwizard_gtye4_top.cmac_usplus_0_gt_gtwizard_gtye4_inst/gen_gtwizard_gtye4.gen_pwrgood_delay_inst[3].delay_powergood_inst/gen_powergood_delay.intclk_rrst_n_r[4]
    SLICE_X1Y274         FDRE                                         r  core_inst/cmac_inst/inst/cmac_usplus_0_gt_i/inst/gen_gtwizard_gtye4_top.cmac_usplus_0_gt_gtwizard_gtye4_inst/gen_gtwizard_gtye4.gen_pwrgood_delay_inst[3].delay_powergood_inst/gen_powergood_delay.wait_cnt_reg[1]/R  (IS_INVERTED)
  -------------------------------------------------------------------    -------------------

                         (clock GTYE4_CHANNEL_TXOUTCLKPCS[3] rise edge)
                                                      0.000     0.000 r  
    GTYE4_CHANNEL_X0Y7   GTYE4_CHANNEL                0.000     0.000 r  core_inst/cmac_inst/inst/cmac_usplus_0_gt_i/inst/gen_gtwizard_gtye4_top.cmac_usplus_0_gt_gtwizard_gtye4_inst/gen_gtwizard_gtye4.gen_channel_container[1].gen_enabled_channel.gtye4_channel_wrapper_inst/channel_inst/gtye4_channel_gen.gen_gtye4_channel_inst[3].GTYE4_CHANNEL_PRIM_INST/TXOUTCLKPCS
                         net (fo=15, routed)          0.714     0.714    core_inst/cmac_inst/inst/cmac_usplus_0_gt_i/inst/gen_gtwizard_gtye4_top.cmac_usplus_0_gt_gtwizard_gtye4_inst/gen_gtwizard_gtye4.gen_pwrgood_delay_inst[3].delay_powergood_inst/GTYE4_CHANNEL_TXOUTCLKPCS[0]
    SLICE_X1Y274         FDRE                                         r  core_inst/cmac_inst/inst/cmac_usplus_0_gt_i/inst/gen_gtwizard_gtye4_top.cmac_usplus_0_gt_gtwizard_gtye4_inst/gen_gtwizard_gtye4.gen_pwrgood_delay_inst[3].delay_powergood_inst/gen_powergood_delay.wait_cnt_reg[1]/C
                         clock pessimism             -0.133     0.581    
    SLICE_X1Y274         FDRE (Hold_AFF2_SLICEM_C_R)
                                                     -0.015     0.566    core_inst/cmac_inst/inst/cmac_usplus_0_gt_i/inst/gen_gtwizard_gtye4_top.cmac_usplus_0_gt_gtwizard_gtye4_inst/gen_gtwizard_gtye4.gen_pwrgood_delay_inst[3].delay_powergood_inst/gen_powergood_delay.wait_cnt_reg[1]
  -------------------------------------------------------------------
                         required time                         -0.566    
                         arrival time                           0.657    
  -------------------------------------------------------------------
                         slack                                  0.092    





Pulse Width Checks
--------------------------------------------------------------------------------------
Clock Name:         GTYE4_CHANNEL_TXOUTCLKPCS[3]
Waveform(ns):       { 0.000 1.552 }
Period(ns):         3.103
Sources:            { core_inst/cmac_inst/inst/cmac_usplus_0_gt_i/inst/gen_gtwizard_gtye4_top.cmac_usplus_0_gt_gtwizard_gtye4_inst/gen_gtwizard_gtye4.gen_channel_container[1].gen_enabled_channel.gtye4_channel_wrapper_inst/channel_inst/gtye4_channel_gen.gen_gtye4_channel_inst[3].GTYE4_CHANNEL_PRIM_INST/TXOUTCLKPCS }

Check Type        Corner  Lib Pin  Reference Pin  Required(ns)  Actual(ns)  Slack(ns)  Location      Pin
Min Period        n/a     FDCE/C   n/a            0.550         3.103       2.553      SLICE_X2Y272  core_inst/cmac_inst/inst/cmac_usplus_0_gt_i/inst/gen_gtwizard_gtye4_top.cmac_usplus_0_gt_gtwizard_gtye4_inst/gen_gtwizard_gtye4.gen_pwrgood_delay_inst[3].delay_powergood_inst/gen_powergood_delay.int_pwr_on_fsm_reg/C
Low Pulse Width   Slow    FDCE/C   n/a            0.275         1.552       1.277      SLICE_X2Y272  core_inst/cmac_inst/inst/cmac_usplus_0_gt_i/inst/gen_gtwizard_gtye4_top.cmac_usplus_0_gt_gtwizard_gtye4_inst/gen_gtwizard_gtye4.gen_pwrgood_delay_inst[3].delay_powergood_inst/gen_powergood_delay.int_pwr_on_fsm_reg/C
High Pulse Width  Slow    FDCE/C   n/a            0.275         1.552       1.277      SLICE_X2Y272  core_inst/cmac_inst/inst/cmac_usplus_0_gt_i/inst/gen_gtwizard_gtye4_top.cmac_usplus_0_gt_gtwizard_gtye4_inst/gen_gtwizard_gtye4.gen_pwrgood_delay_inst[3].delay_powergood_inst/gen_powergood_delay.int_pwr_on_fsm_reg/C



---------------------------------------------------------------------------------------------------
From Clock:  rxoutclk_out[0]
  To Clock:  rxoutclk_out[0]

Setup :            0  Failing Endpoints,  Worst Slack        1.015ns,  Total Violation        0.000ns
Hold  :            0  Failing Endpoints,  Worst Slack        0.056ns,  Total Violation        0.000ns
PW    :            0  Failing Endpoints,  Worst Slack        0.454ns,  Total Violation        0.000ns
---------------------------------------------------------------------------------------------------


Max Delay Paths
--------------------------------------------------------------------------------------
Slack (MET) :             1.015ns  (required time - arrival time)
  Source:                 core_inst/cmac_inst/inst/cmac_usplus_0_gt_i/inst/gen_gtwizard_gtye4_top.cmac_usplus_0_gt_gtwizard_gtye4_inst/gen_gtwizard_gtye4.gen_channel_container[1].gen_enabled_channel.gtye4_channel_wrapper_inst/channel_inst/gtye4_channel_gen.gen_gtye4_channel_inst[1].GTYE4_CHANNEL_PRIM_INST/RXUSRCLK2
                            (rising edge-triggered cell GTYE4_CHANNEL clocked by rxoutclk_out[0]  {rise@0.000ns fall@1.552ns period=3.103ns})
  Destination:            core_inst/cmac_inst/inst/i_cmac_usplus_0_rx_16bit_sync_alt_data1/data_in_d1_reg[15]/D
                            (rising edge-triggered cell FDRE clocked by rxoutclk_out[0]  {rise@0.000ns fall@1.552ns period=3.103ns})
  Path Group:             rxoutclk_out[0]
  Path Type:              Setup (Max at Slow Process Corner)
  Requirement:            3.103ns  (rxoutclk_out[0] rise@3.103ns - rxoutclk_out[0] rise@0.000ns)
  Data Path Delay:        1.991ns  (logic 0.888ns (44.601%)  route 1.103ns (55.399%))
  Logic Levels:           0  
  Clock Path Skew:        -0.075ns (DCD - SCD + CPR)
    Destination Clock Delay (DCD):    1.612ns = ( 4.715 - 3.103 ) 
    Source Clock Delay      (SCD):    1.816ns
    Clock Pessimism Removal (CPR):    0.129ns
  Clock Uncertainty:      0.046ns  ((TSJ^2 + DJ^2)^1/2) / 2 + PE
    Total System Jitter     (TSJ):    0.071ns
    Discrete Jitter          (DJ):    0.060ns
    Phase Error              (PE):    0.000ns
  Clock Net Delay (Source):      1.600ns (routing 0.692ns, distribution 0.908ns)
  Clock Net Delay (Destination): 1.419ns (routing 0.625ns, distribution 0.794ns)

    Location             Delay type                Incr(ns)  Path(ns)    Netlist Resource(s)
  -------------------------------------------------------------------    -------------------
                         (clock rxoutclk_out[0] rise edge)
                                                      0.000     0.000 r  
    GTYE4_CHANNEL_X0Y4   GTYE4_CHANNEL                0.000     0.000 r  core_inst/cmac_inst/inst/cmac_usplus_0_gt_i/inst/gen_gtwizard_gtye4_top.cmac_usplus_0_gt_gtwizard_gtye4_inst/gen_gtwizard_gtye4.gen_channel_container[1].gen_enabled_channel.gtye4_channel_wrapper_inst/channel_inst/gtye4_channel_gen.gen_gtye4_channel_inst[0].GTYE4_CHANNEL_PRIM_INST/RXOUTCLK
                         net (fo=2, routed)           0.086     0.086    core_inst/cmac_inst/inst/cmac_gtwiz_userclk_rx_inst/rxoutclk_out[0]
    BUFG_GT_X0Y113       BUFG_GT (Prop_BUFG_GT_I_O)
                                                      0.130     0.216 r  core_inst/cmac_inst/inst/cmac_gtwiz_userclk_rx_inst/gen_gtwiz_userclk_rx_main.bufg_gt_usrclk_inst/O
    X0Y3 (CLOCK_ROOT)    net (fo=665, routed)         1.600     1.816    core_inst/cmac_inst/inst/cmac_usplus_0_gt_i/inst/gen_gtwizard_gtye4_top.cmac_usplus_0_gt_gtwizard_gtye4_inst/gen_gtwizard_gtye4.gen_channel_container[1].gen_enabled_channel.gtye4_channel_wrapper_inst/channel_inst/rxusrclk_in[0]
    GTYE4_CHANNEL_X0Y5   GTYE4_CHANNEL                                r  core_inst/cmac_inst/inst/cmac_usplus_0_gt_i/inst/gen_gtwizard_gtye4_top.cmac_usplus_0_gt_gtwizard_gtye4_inst/gen_gtwizard_gtye4.gen_channel_container[1].gen_enabled_channel.gtye4_channel_wrapper_inst/channel_inst/gtye4_channel_gen.gen_gtye4_channel_inst[1].GTYE4_CHANNEL_PRIM_INST/RXUSRCLK2
  -------------------------------------------------------------------    -------------------
    GTYE4_CHANNEL_X0Y5   GTYE4_CHANNEL (Prop_GTYE4_CHANNEL_RXUSRCLK2_RXCTRL1[7])
                                                      0.888     2.704 r  core_inst/cmac_inst/inst/cmac_usplus_0_gt_i/inst/gen_gtwizard_gtye4_top.cmac_usplus_0_gt_gtwizard_gtye4_inst/gen_gtwizard_gtye4.gen_channel_container[1].gen_enabled_channel.gtye4_channel_wrapper_inst/channel_inst/gtye4_channel_gen.gen_gtye4_channel_inst[1].GTYE4_CHANNEL_PRIM_INST/RXCTRL1[7]
                         net (fo=1, routed)           1.103     3.807    core_inst/cmac_inst/inst/i_cmac_usplus_0_rx_16bit_sync_alt_data1/D[15]
    SLICE_X6Y244         FDRE                                         r  core_inst/cmac_inst/inst/i_cmac_usplus_0_rx_16bit_sync_alt_data1/data_in_d1_reg[15]/D
  -------------------------------------------------------------------    -------------------

                         (clock rxoutclk_out[0] rise edge)
                                                      3.103     3.103 r  
    GTYE4_CHANNEL_X0Y4   GTYE4_CHANNEL                0.000     3.103 r  core_inst/cmac_inst/inst/cmac_usplus_0_gt_i/inst/gen_gtwizard_gtye4_top.cmac_usplus_0_gt_gtwizard_gtye4_inst/gen_gtwizard_gtye4.gen_channel_container[1].gen_enabled_channel.gtye4_channel_wrapper_inst/channel_inst/gtye4_channel_gen.gen_gtye4_channel_inst[0].GTYE4_CHANNEL_PRIM_INST/RXOUTCLK
                         net (fo=2, routed)           0.079     3.182    core_inst/cmac_inst/inst/cmac_gtwiz_userclk_rx_inst/rxoutclk_out[0]
    BUFG_GT_X0Y113       BUFG_GT (Prop_BUFG_GT_I_O)
                                                      0.114     3.296 r  core_inst/cmac_inst/inst/cmac_gtwiz_userclk_rx_inst/gen_gtwiz_userclk_rx_main.bufg_gt_usrclk_inst/O
    X0Y3 (CLOCK_ROOT)    net (fo=665, routed)         1.419     4.715    core_inst/cmac_inst/inst/i_cmac_usplus_0_rx_16bit_sync_alt_data1/CLK
    SLICE_X6Y244         FDRE                                         r  core_inst/cmac_inst/inst/i_cmac_usplus_0_rx_16bit_sync_alt_data1/data_in_d1_reg[15]/C
                         clock pessimism              0.129     4.844    
                         clock uncertainty           -0.046     4.797    
    SLICE_X6Y244         FDRE (Setup_EFF_SLICEM_C_D)
                                                      0.025     4.822    core_inst/cmac_inst/inst/i_cmac_usplus_0_rx_16bit_sync_alt_data1/data_in_d1_reg[15]
  -------------------------------------------------------------------
                         required time                          4.822    
                         arrival time                          -3.807    
  -------------------------------------------------------------------
                         slack                                  1.015    





Min Delay Paths
--------------------------------------------------------------------------------------
Slack (MET) :             0.056ns  (arrival time - required time)
  Source:                 core_inst/cmac_inst/inst/i_cmac_usplus_0_cmac_cdc_sync_gt_rxresetdone_reg_rxusrclk2/s_out_d3_reg/C
                            (rising edge-triggered cell FDRE clocked by rxoutclk_out[0]  {rise@0.000ns fall@1.552ns period=3.103ns})
  Destination:            core_inst/cmac_inst/inst/i_cmac_usplus_0_cmac_cdc_sync_gt_rxresetdone_reg_rxusrclk2/s_out_d4_reg/D
                            (rising edge-triggered cell FDRE clocked by rxoutclk_out[0]  {rise@0.000ns fall@1.552ns period=3.103ns})
  Path Group:             rxoutclk_out[0]
  Path Type:              Hold (Min at Fast Process Corner)
  Requirement:            0.000ns  (rxoutclk_out[0] rise@0.000ns - rxoutclk_out[0] rise@0.000ns)
  Data Path Delay:        0.153ns  (logic 0.040ns (26.144%)  route 0.113ns (73.856%))
  Logic Levels:           0  
  Clock Path Skew:        0.050ns (DCD - SCD - CPR)
    Destination Clock Delay (DCD):    1.082ns
    Source Clock Delay      (SCD):    0.952ns
    Clock Pessimism Removal (CPR):    0.080ns
  Clock Net Delay (Source):      0.826ns (routing 0.380ns, distribution 0.446ns)
  Clock Net Delay (Destination): 0.942ns (routing 0.423ns, distribution 0.519ns)

    Location             Delay type                Incr(ns)  Path(ns)    Netlist Resource(s)
  -------------------------------------------------------------------    -------------------
                         (clock rxoutclk_out[0] rise edge)
                                                      0.000     0.000 r  
    GTYE4_CHANNEL_X0Y4   GTYE4_CHANNEL                0.000     0.000 r  core_inst/cmac_inst/inst/cmac_usplus_0_gt_i/inst/gen_gtwizard_gtye4_top.cmac_usplus_0_gt_gtwizard_gtye4_inst/gen_gtwizard_gtye4.gen_channel_container[1].gen_enabled_channel.gtye4_channel_wrapper_inst/channel_inst/gtye4_channel_gen.gen_gtye4_channel_inst[0].GTYE4_CHANNEL_PRIM_INST/RXOUTCLK
                         net (fo=2, routed)           0.053     0.053    core_inst/cmac_inst/inst/cmac_gtwiz_userclk_rx_inst/rxoutclk_out[0]
    BUFG_GT_X0Y113       BUFG_GT (Prop_BUFG_GT_I_O)
                                                      0.073     0.126 r  core_inst/cmac_inst/inst/cmac_gtwiz_userclk_rx_inst/gen_gtwiz_userclk_rx_main.bufg_gt_usrclk_inst/O
    X0Y3 (CLOCK_ROOT)    net (fo=665, routed)         0.826     0.952    core_inst/cmac_inst/inst/i_cmac_usplus_0_cmac_cdc_sync_gt_rxresetdone_reg_rxusrclk2/CLK
    SLICE_X17Y202        FDRE                                         r  core_inst/cmac_inst/inst/i_cmac_usplus_0_cmac_cdc_sync_gt_rxresetdone_reg_rxusrclk2/s_out_d3_reg/C
  -------------------------------------------------------------------    -------------------
    SLICE_X17Y202        FDRE (Prop_AFF2_SLICEL_C_Q)
                                                      0.040     0.992 r  core_inst/cmac_inst/inst/i_cmac_usplus_0_cmac_cdc_sync_gt_rxresetdone_reg_rxusrclk2/s_out_d3_reg/Q
                         net (fo=1, routed)           0.113     1.105    core_inst/cmac_inst/inst/i_cmac_usplus_0_cmac_cdc_sync_gt_rxresetdone_reg_rxusrclk2/s_out_d3
    SLICE_X18Y204        FDRE                                         r  core_inst/cmac_inst/inst/i_cmac_usplus_0_cmac_cdc_sync_gt_rxresetdone_reg_rxusrclk2/s_out_d4_reg/D
  -------------------------------------------------------------------    -------------------

                         (clock rxoutclk_out[0] rise edge)
                                                      0.000     0.000 r  
    GTYE4_CHANNEL_X0Y4   GTYE4_CHANNEL                0.000     0.000 r  core_inst/cmac_inst/inst/cmac_usplus_0_gt_i/inst/gen_gtwizard_gtye4_top.cmac_usplus_0_gt_gtwizard_gtye4_inst/gen_gtwizard_gtye4.gen_channel_container[1].gen_enabled_channel.gtye4_channel_wrapper_inst/channel_inst/gtye4_channel_gen.gen_gtye4_channel_inst[0].GTYE4_CHANNEL_PRIM_INST/RXOUTCLK
                         net (fo=2, routed)           0.058     0.058    core_inst/cmac_inst/inst/cmac_gtwiz_userclk_rx_inst/rxoutclk_out[0]
    BUFG_GT_X0Y113       BUFG_GT (Prop_BUFG_GT_I_O)
                                                      0.082     0.140 r  core_inst/cmac_inst/inst/cmac_gtwiz_userclk_rx_inst/gen_gtwiz_userclk_rx_main.bufg_gt_usrclk_inst/O
    X0Y3 (CLOCK_ROOT)    net (fo=665, routed)         0.942     1.082    core_inst/cmac_inst/inst/i_cmac_usplus_0_cmac_cdc_sync_gt_rxresetdone_reg_rxusrclk2/CLK
    SLICE_X18Y204        FDRE                                         r  core_inst/cmac_inst/inst/i_cmac_usplus_0_cmac_cdc_sync_gt_rxresetdone_reg_rxusrclk2/s_out_d4_reg/C
                         clock pessimism             -0.080     1.002    
    SLICE_X18Y204        FDRE (Hold_EFF2_SLICEM_C_D)
                                                      0.047     1.049    core_inst/cmac_inst/inst/i_cmac_usplus_0_cmac_cdc_sync_gt_rxresetdone_reg_rxusrclk2/s_out_d4_reg
  -------------------------------------------------------------------
                         required time                         -1.049    
                         arrival time                           1.105    
  -------------------------------------------------------------------
                         slack                                  0.056    





Pulse Width Checks
--------------------------------------------------------------------------------------
Clock Name:         rxoutclk_out[0]
Waveform(ns):       { 0.000 1.552 }
Period(ns):         3.103
Sources:            { core_inst/cmac_inst/inst/cmac_usplus_0_gt_i/inst/gen_gtwizard_gtye4_top.cmac_usplus_0_gt_gtwizard_gtye4_inst/gen_gtwizard_gtye4.gen_channel_container[1].gen_enabled_channel.gtye4_channel_wrapper_inst/channel_inst/gtye4_channel_gen.gen_gtye4_channel_inst[0].GTYE4_CHANNEL_PRIM_INST/RXOUTCLK }

Check Type        Corner  Lib Pin                  Reference Pin            Required(ns)  Actual(ns)  Slack(ns)  Location            Pin
Min Period        n/a     CMACE4/RX_SERDES_CLK[3]  n/a                      2.560         3.103       0.543      CMACE4_X0Y0         core_inst/cmac_inst/inst/i_cmac_usplus_0_top/obsibdaaf4ker2wujpra0sjb/RX_SERDES_CLK[3]
Low Pulse Width   Slow    GTYE4_CHANNEL/RXUSRCLK   n/a                      0.880         1.552       0.672      GTYE4_CHANNEL_X0Y4  core_inst/cmac_inst/inst/cmac_usplus_0_gt_i/inst/gen_gtwizard_gtye4_top.cmac_usplus_0_gt_gtwizard_gtye4_inst/gen_gtwizard_gtye4.gen_channel_container[1].gen_enabled_channel.gtye4_channel_wrapper_inst/channel_inst/gtye4_channel_gen.gen_gtye4_channel_inst[0].GTYE4_CHANNEL_PRIM_INST/RXUSRCLK
High Pulse Width  Slow    GTYE4_CHANNEL/RXUSRCLK   n/a                      0.880         1.552       0.672      GTYE4_CHANNEL_X0Y4  core_inst/cmac_inst/inst/cmac_usplus_0_gt_i/inst/gen_gtwizard_gtye4_top.cmac_usplus_0_gt_gtwizard_gtye4_inst/gen_gtwizard_gtye4.gen_channel_container[1].gen_enabled_channel.gtye4_channel_wrapper_inst/channel_inst/gtye4_channel_gen.gen_gtye4_channel_inst[0].GTYE4_CHANNEL_PRIM_INST/RXUSRCLK
Max Skew          Slow    GTYE4_CHANNEL/RXUSRCLK   GTYE4_CHANNEL/RXUSRCLK2  0.478         0.024       0.454      GTYE4_CHANNEL_X0Y4  core_inst/cmac_inst/inst/cmac_usplus_0_gt_i/inst/gen_gtwizard_gtye4_top.cmac_usplus_0_gt_gtwizard_gtye4_inst/gen_gtwizard_gtye4.gen_channel_container[1].gen_enabled_channel.gtye4_channel_wrapper_inst/channel_inst/gtye4_channel_gen.gen_gtye4_channel_inst[0].GTYE4_CHANNEL_PRIM_INST/RXUSRCLK



---------------------------------------------------------------------------------------------------
From Clock:  txoutclk_out[0]
  To Clock:  txoutclk_out[0]

Setup :            0  Failing Endpoints,  Worst Slack        0.236ns,  Total Violation        0.000ns
Hold  :            0  Failing Endpoints,  Worst Slack        0.016ns,  Total Violation        0.000ns
PW    :            0  Failing Endpoints,  Worst Slack        0.543ns,  Total Violation        0.000ns
---------------------------------------------------------------------------------------------------


Max Delay Paths
--------------------------------------------------------------------------------------
Slack (MET) :             0.236ns  (required time - arrival time)
  Source:                 core_inst/tx_fifo/fifo_inst/mem_reg_7/CLKARDCLK
                            (rising edge-triggered cell RAMB36E2 clocked by txoutclk_out[0]  {rise@0.000ns fall@1.552ns period=3.103ns})
  Destination:            core_inst/cmac_inst/inst/i_cmac_usplus_0_axis2lbus/i_cmac_usplus_0_axis2lbus_segmented_corelogic/genblk1.SEG_LOOP[2].lbus_data_reg[318]/D
                            (rising edge-triggered cell FDRE clocked by txoutclk_out[0]  {rise@0.000ns fall@1.552ns period=3.103ns})
  Path Group:             txoutclk_out[0]
  Path Type:              Setup (Max at Slow Process Corner)
  Requirement:            3.103ns  (txoutclk_out[0] rise@3.103ns - txoutclk_out[0] rise@0.000ns)
  Data Path Delay:        2.786ns  (logic 0.363ns (13.028%)  route 2.423ns (86.972%))
  Logic Levels:           1  (LUT6=1)
  Clock Path Skew:        -0.059ns (DCD - SCD + CPR)
    Destination Clock Delay (DCD):    1.562ns = ( 4.665 - 3.103 ) 
    Source Clock Delay      (SCD):    1.740ns
    Clock Pessimism Removal (CPR):    0.119ns
  Clock Uncertainty:      0.046ns  ((TSJ^2 + DJ^2)^1/2) / 2 + PE
    Total System Jitter     (TSJ):    0.071ns
    Discrete Jitter          (DJ):    0.060ns
    Phase Error              (PE):    0.000ns
  Clock Net Delay (Source):      1.525ns (routing 0.435ns, distribution 1.090ns)
  Clock Net Delay (Destination): 1.370ns (routing 0.397ns, distribution 0.973ns)

    Location             Delay type                Incr(ns)  Path(ns)    Netlist Resource(s)
  -------------------------------------------------------------------    -------------------
                         (clock txoutclk_out[0] rise edge)
                                                      0.000     0.000 r  
    GTYE4_CHANNEL_X0Y4   GTYE4_CHANNEL                0.000     0.000 r  core_inst/cmac_inst/inst/cmac_usplus_0_gt_i/inst/gen_gtwizard_gtye4_top.cmac_usplus_0_gt_gtwizard_gtye4_inst/gen_gtwizard_gtye4.gen_channel_container[1].gen_enabled_channel.gtye4_channel_wrapper_inst/channel_inst/gtye4_channel_gen.gen_gtye4_channel_inst[0].GTYE4_CHANNEL_PRIM_INST/TXOUTCLK
                         net (fo=2, routed)           0.085     0.085    core_inst/cmac_inst/inst/cmac_gtwiz_userclk_tx_inst/txoutclk_out[0]
    BUFG_GT_X0Y102       BUFG_GT (Prop_BUFG_GT_I_O)
                                                      0.130     0.215 r  core_inst/cmac_inst/inst/cmac_gtwiz_userclk_tx_inst/gen_gtwiz_userclk_tx_main.bufg_gt_usrclk_inst/O
    X1Y4 (CLOCK_ROOT)    net (fo=3359, routed)        1.525     1.740    core_inst/tx_fifo/fifo_inst/gt_txusrclk2
    RAMB36_X2Y38         RAMB36E2                                     r  core_inst/tx_fifo/fifo_inst/mem_reg_7/CLKARDCLK
  -------------------------------------------------------------------    -------------------
    RAMB36_X2Y38         RAMB36E2 (Prop_RAMB36E2_RAMB36_CLKARDCLK_DOUTPADOUTP[3])
                                                      0.217     1.957 r  core_inst/tx_fifo/fifo_inst/mem_reg_7/DOUTPADOUTP[3]
                         net (fo=573, routed)         2.374     4.331    core_inst/tx_fifo/fifo_inst/txf_tkeep[59]
    SLICE_X12Y197        LUT6 (Prop_D6LUT_SLICEL_I0_O)
                                                      0.146     4.477 r  core_inst/tx_fifo/fifo_inst/cmac_inst_i_186/O
                         net (fo=1, routed)           0.049     4.526    core_inst/cmac_inst/inst/i_cmac_usplus_0_axis2lbus/i_cmac_usplus_0_axis2lbus_segmented_corelogic/tx_axis_tdata[326]
    SLICE_X12Y197        FDRE                                         r  core_inst/cmac_inst/inst/i_cmac_usplus_0_axis2lbus/i_cmac_usplus_0_axis2lbus_segmented_corelogic/genblk1.SEG_LOOP[2].lbus_data_reg[318]/D
  -------------------------------------------------------------------    -------------------

                         (clock txoutclk_out[0] rise edge)
                                                      3.103     3.103 r  
    GTYE4_CHANNEL_X0Y4   GTYE4_CHANNEL                0.000     3.103 r  core_inst/cmac_inst/inst/cmac_usplus_0_gt_i/inst/gen_gtwizard_gtye4_top.cmac_usplus_0_gt_gtwizard_gtye4_inst/gen_gtwizard_gtye4.gen_channel_container[1].gen_enabled_channel.gtye4_channel_wrapper_inst/channel_inst/gtye4_channel_gen.gen_gtye4_channel_inst[0].GTYE4_CHANNEL_PRIM_INST/TXOUTCLK
                         net (fo=2, routed)           0.078     3.181    core_inst/cmac_inst/inst/cmac_gtwiz_userclk_tx_inst/txoutclk_out[0]
    BUFG_GT_X0Y102       BUFG_GT (Prop_BUFG_GT_I_O)
                                                      0.114     3.295 r  core_inst/cmac_inst/inst/cmac_gtwiz_userclk_tx_inst/gen_gtwiz_userclk_tx_main.bufg_gt_usrclk_inst/O
    X1Y4 (CLOCK_ROOT)    net (fo=3359, routed)        1.370     4.665    core_inst/cmac_inst/inst/i_cmac_usplus_0_axis2lbus/i_cmac_usplus_0_axis2lbus_segmented_corelogic/genblk1.SEG_LOOP[3].lbus_err_reg[3]_0
    SLICE_X12Y197        FDRE                                         r  core_inst/cmac_inst/inst/i_cmac_usplus_0_axis2lbus/i_cmac_usplus_0_axis2lbus_segmented_corelogic/genblk1.SEG_LOOP[2].lbus_data_reg[318]/C
                         clock pessimism              0.119     4.784    
                         clock uncertainty           -0.046     4.737    
    SLICE_X12Y197        FDRE (Setup_DFF_SLICEL_C_D)
                                                      0.025     4.762    core_inst/cmac_inst/inst/i_cmac_usplus_0_axis2lbus/i_cmac_usplus_0_axis2lbus_segmented_corelogic/genblk1.SEG_LOOP[2].lbus_data_reg[318]
  -------------------------------------------------------------------
                         required time                          4.762    
                         arrival time                          -4.526    
  -------------------------------------------------------------------
                         slack                                  0.236    





Min Delay Paths
--------------------------------------------------------------------------------------
Slack (MET) :             0.016ns  (arrival time - required time)
  Source:                 core_inst/mac_rx_bad_rate/acc_reg[25]/C
                            (rising edge-triggered cell FDRE clocked by txoutclk_out[0]  {rise@0.000ns fall@1.552ns period=3.103ns})
  Destination:            core_inst/mac_rx_bad_rate/rate_reg[25]/D
                            (rising edge-triggered cell FDRE clocked by txoutclk_out[0]  {rise@0.000ns fall@1.552ns period=3.103ns})
  Path Group:             txoutclk_out[0]
  Path Type:              Hold (Min at Slow Process Corner)
  Requirement:            0.000ns  (txoutclk_out[0] rise@0.000ns - txoutclk_out[0] rise@0.000ns)
  Data Path Delay:        0.193ns  (logic 0.087ns (45.094%)  route 0.106ns (54.906%))
  Logic Levels:           1  (CARRY8=1)
  Clock Path Skew:        0.117ns (DCD - SCD - CPR)
    Destination Clock Delay (DCD):    1.797ns
    Source Clock Delay      (SCD):    1.561ns
    Clock Pessimism Removal (CPR):    0.119ns
  Clock Net Delay (Source):      1.369ns (routing 0.397ns, distribution 0.972ns)
  Clock Net Delay (Destination): 1.582ns (routing 0.435ns, distribution 1.147ns)

    Location             Delay type                Incr(ns)  Path(ns)    Netlist Resource(s)
  -------------------------------------------------------------------    -------------------
                         (clock txoutclk_out[0] rise edge)
                                                      0.000     0.000 r  
    GTYE4_CHANNEL_X0Y4   GTYE4_CHANNEL                0.000     0.000 r  core_inst/cmac_inst/inst/cmac_usplus_0_gt_i/inst/gen_gtwizard_gtye4_top.cmac_usplus_0_gt_gtwizard_gtye4_inst/gen_gtwizard_gtye4.gen_channel_container[1].gen_enabled_channel.gtye4_channel_wrapper_inst/channel_inst/gtye4_channel_gen.gen_gtye4_channel_inst[0].GTYE4_CHANNEL_PRIM_INST/TXOUTCLK
                         net (fo=2, routed)           0.078     0.078    core_inst/cmac_inst/inst/cmac_gtwiz_userclk_tx_inst/txoutclk_out[0]
    BUFG_GT_X0Y102       BUFG_GT (Prop_BUFG_GT_I_O)
                                                      0.114     0.192 r  core_inst/cmac_inst/inst/cmac_gtwiz_userclk_tx_inst/gen_gtwiz_userclk_tx_main.bufg_gt_usrclk_inst/O
    X1Y4 (CLOCK_ROOT)    net (fo=3359, routed)        1.369     1.561    core_inst/mac_rx_bad_rate/clk
    SLICE_X38Y222        FDRE                                         r  core_inst/mac_rx_bad_rate/acc_reg[25]/C
  -------------------------------------------------------------------    -------------------
    SLICE_X38Y222        FDRE (Prop_BFF_SLICEL_C_Q)
                                                      0.059     1.620 r  core_inst/mac_rx_bad_rate/acc_reg[25]/Q
                         net (fo=2, routed)           0.096     1.716    core_inst/mac_rx_bad_rate/acc_reg[25]
    SLICE_X39Y222        CARRY8 (Prop_CARRY8_SLICEM_S[1]_O[1])
                                                      0.028     1.744 r  core_inst/mac_rx_bad_rate/rate_reg[31]_i_2/O[1]
                         net (fo=1, routed)           0.010     1.754    core_inst/mac_rx_bad_rate/p_0_in[25]
    SLICE_X39Y222        FDRE                                         r  core_inst/mac_rx_bad_rate/rate_reg[25]/D
  -------------------------------------------------------------------    -------------------

                         (clock txoutclk_out[0] rise edge)
                                                      0.000     0.000 r  
    GTYE4_CHANNEL_X0Y4   GTYE4_CHANNEL                0.000     0.000 r  core_inst/cmac_inst/inst/cmac_usplus_0_gt_i/inst/gen_gtwizard_gtye4_top.cmac_usplus_0_gt_gtwizard_gtye4_inst/gen_gtwizard_gtye4.gen_channel_container[1].gen_enabled_channel.gtye4_channel_wrapper_inst/channel_inst/gtye4_channel_gen.gen_gtye4_channel_inst[0].GTYE4_CHANNEL_PRIM_INST/TXOUTCLK
                         net (fo=2, routed)           0.085     0.085    core_inst/cmac_inst/inst/cmac_gtwiz_userclk_tx_inst/txoutclk_out[0]
    BUFG_GT_X0Y102       BUFG_GT (Prop_BUFG_GT_I_O)
                                                      0.130     0.215 r  core_inst/cmac_inst/inst/cmac_gtwiz_userclk_tx_inst/gen_gtwiz_userclk_tx_main.bufg_gt_usrclk_inst/O
    X1Y4 (CLOCK_ROOT)    net (fo=3359, routed)        1.582     1.797    core_inst/mac_rx_bad_rate/clk
    SLICE_X39Y222        FDRE                                         r  core_inst/mac_rx_bad_rate/rate_reg[25]/C
                         clock pessimism             -0.119     1.678    
    SLICE_X39Y222        FDRE (Hold_BFF_SLICEM_C_D)
                                                      0.060     1.738    core_inst/mac_rx_bad_rate/rate_reg[25]
  -------------------------------------------------------------------
                         required time                         -1.738    
                         arrival time                           1.754    
  -------------------------------------------------------------------
                         slack                                  0.016    





Pulse Width Checks
--------------------------------------------------------------------------------------
Clock Name:         txoutclk_out[0]
Waveform(ns):       { 0.000 1.552 }
Period(ns):         3.103
Sources:            { core_inst/cmac_inst/inst/cmac_usplus_0_gt_i/inst/gen_gtwizard_gtye4_top.cmac_usplus_0_gt_gtwizard_gtye4_inst/gen_gtwizard_gtye4.gen_channel_container[1].gen_enabled_channel.gtye4_channel_wrapper_inst/channel_inst/gtye4_channel_gen.gen_gtye4_channel_inst[0].GTYE4_CHANNEL_PRIM_INST/TXOUTCLK }

Check Type        Corner  Lib Pin                 Reference Pin            Required(ns)  Actual(ns)  Slack(ns)  Location            Pin
Min Period        n/a     CMACE4/RX_CLK           n/a                      2.560         3.103       0.543      CMACE4_X0Y0         core_inst/cmac_inst/inst/i_cmac_usplus_0_top/obsibdaaf4ker2wujpra0sjb/RX_CLK
Low Pulse Width   Slow    GTYE4_CHANNEL/TXUSRCLK  n/a                      0.880         1.552       0.672      GTYE4_CHANNEL_X0Y4  core_inst/cmac_inst/inst/cmac_usplus_0_gt_i/inst/gen_gtwizard_gtye4_top.cmac_usplus_0_gt_gtwizard_gtye4_inst/gen_gtwizard_gtye4.gen_channel_container[1].gen_enabled_channel.gtye4_channel_wrapper_inst/channel_inst/gtye4_channel_gen.gen_gtye4_channel_inst[0].GTYE4_CHANNEL_PRIM_INST/TXUSRCLK
High Pulse Width  Slow    GTYE4_CHANNEL/TXUSRCLK  n/a                      0.880         1.552       0.672      GTYE4_CHANNEL_X0Y4  core_inst/cmac_inst/inst/cmac_usplus_0_gt_i/inst/gen_gtwizard_gtye4_top.cmac_usplus_0_gt_gtwizard_gtye4_inst/gen_gtwizard_gtye4.gen_channel_container[1].gen_enabled_channel.gtye4_channel_wrapper_inst/channel_inst/gtye4_channel_gen.gen_gtye4_channel_inst[0].GTYE4_CHANNEL_PRIM_INST/TXUSRCLK
Max Skew          Slow    GTYE4_CHANNEL/TXUSRCLK  GTYE4_CHANNEL/TXUSRCLK2  0.624         0.024       0.600      GTYE4_CHANNEL_X0Y5  core_inst/cmac_inst/inst/cmac_usplus_0_gt_i/inst/gen_gtwizard_gtye4_top.cmac_usplus_0_gt_gtwizard_gtye4_inst/gen_gtwizard_gtye4.gen_channel_container[1].gen_enabled_channel.gtye4_channel_wrapper_inst/channel_inst/gtye4_channel_gen.gen_gtye4_channel_inst[1].GTYE4_CHANNEL_PRIM_INST/TXUSRCLK



---------------------------------------------------------------------------------------------------
From Clock:  mmcm_clkout5
  To Clock:  mmcm_clkout0

Setup :            0  Failing Endpoints,  Worst Slack        1.700ns,  Total Violation        0.000ns
Hold  :           NA  Failing Endpoints,  Worst Slack           NA  ,  Total Violation           NA
---------------------------------------------------------------------------------------------------


Max Delay Paths
--------------------------------------------------------------------------------------
Slack (MET) :             1.700ns  (required time - arrival time)
  Source:                 core_inst/ddr_inst/u_ddr4/inst/u_ddr4_mem_intfc/u_ddr_cal_top/u_ddr_cal/u_xsdb_arbiter/slave_addr_r_reg[8]/C
                            (rising edge-triggered cell FDRE clocked by mmcm_clkout5  {rise@0.000ns fall@6.664ns period=13.328ns})
  Destination:            core_inst/ddr_inst/u_ddr4/inst/u_ddr4_mem_intfc/u_ddr_cal_top/u_ddr_cal/u_xsdb_arbiter/u_slave_addr_sync/SYNC[8].sync_reg_reg[0]/D
                            (rising edge-triggered cell FDRE clocked by mmcm_clkout0  {rise@0.000ns fall@1.666ns period=3.332ns})
  Path Group:             mmcm_clkout0
  Path Type:              Setup (Max at Slow Process Corner)
  Requirement:            3.000ns  (MaxDelay Path 3.000ns)
  Data Path Delay:        1.325ns  (logic 0.081ns (6.113%)  route 1.244ns (93.887%))
  Logic Levels:           0  
  Timing Exception:       MaxDelay Path 3.000ns -datapath_only

    Location             Delay type                Incr(ns)  Path(ns)    Netlist Resource(s)
  -------------------------------------------------------------------    -------------------
    SLICE_X81Y194                                     0.000     0.000 r  core_inst/ddr_inst/u_ddr4/inst/u_ddr4_mem_intfc/u_ddr_cal_top/u_ddr_cal/u_xsdb_arbiter/slave_addr_r_reg[8]/C
    SLICE_X81Y194        FDRE (Prop_FFF2_SLICEL_C_Q)
                                                      0.081     0.081 r  core_inst/ddr_inst/u_ddr4/inst/u_ddr4_mem_intfc/u_ddr_cal_top/u_ddr_cal/u_xsdb_arbiter/slave_addr_r_reg[8]/Q
                         net (fo=1, routed)           1.244     1.325    core_inst/ddr_inst/u_ddr4/inst/u_ddr4_mem_intfc/u_ddr_cal_top/u_ddr_cal/u_xsdb_arbiter/u_slave_addr_sync/out[8]
    SLICE_X85Y192        FDRE                                         r  core_inst/ddr_inst/u_ddr4/inst/u_ddr4_mem_intfc/u_ddr_cal_top/u_ddr_cal/u_xsdb_arbiter/u_slave_addr_sync/SYNC[8].sync_reg_reg[0]/D
  -------------------------------------------------------------------    -------------------

                         max delay                    3.000     3.000    
    SLICE_X85Y192        FDRE (Setup_CFF2_SLICEL_C_D)
                                                      0.025     3.025    core_inst/ddr_inst/u_ddr4/inst/u_ddr4_mem_intfc/u_ddr_cal_top/u_ddr_cal/u_xsdb_arbiter/u_slave_addr_sync/SYNC[8].sync_reg_reg[0]
  -------------------------------------------------------------------
                         required time                          3.025    
                         arrival time                          -1.325    
  -------------------------------------------------------------------
                         slack                                  1.700    





---------------------------------------------------------------------------------------------------
From Clock:  mmcm_clkout6
  To Clock:  mmcm_clkout0

Setup :            0  Failing Endpoints,  Worst Slack        0.668ns,  Total Violation        0.000ns
Hold  :           NA  Failing Endpoints,  Worst Slack           NA  ,  Total Violation           NA
---------------------------------------------------------------------------------------------------


Max Delay Paths
--------------------------------------------------------------------------------------
Slack (MET) :             0.668ns  (required time - arrival time)
  Source:                 core_inst/ddr_inst/u_ddr4/inst/u_ddr4_mem_intfc/u_ddr_cal_riu/io_address_riuclk_reg[6]/C
                            (rising edge-triggered cell FDRE clocked by mmcm_clkout6  {rise@0.000ns fall@3.332ns period=6.664ns})
  Destination:            core_inst/ddr_inst/u_ddr4/inst/u_ddr4_mem_intfc/u_io_addr_sync/SYNC[6].sync_reg_reg[0]/D
                            (rising edge-triggered cell FDRE clocked by mmcm_clkout0  {rise@0.000ns fall@1.666ns period=3.332ns})
  Path Group:             mmcm_clkout0
  Path Type:              Setup (Max at Slow Process Corner)
  Requirement:            3.000ns  (MaxDelay Path 3.000ns)
  Data Path Delay:        2.357ns  (logic 0.077ns (3.266%)  route 2.280ns (96.734%))
  Logic Levels:           0  
  Timing Exception:       MaxDelay Path 3.000ns -datapath_only

    Location             Delay type                Incr(ns)  Path(ns)    Netlist Resource(s)
  -------------------------------------------------------------------    -------------------
    SLICE_X90Y239                                     0.000     0.000 r  core_inst/ddr_inst/u_ddr4/inst/u_ddr4_mem_intfc/u_ddr_cal_riu/io_address_riuclk_reg[6]/C
    SLICE_X90Y239        FDRE (Prop_AFF_SLICEM_C_Q)
                                                      0.077     0.077 r  core_inst/ddr_inst/u_ddr4/inst/u_ddr4_mem_intfc/u_ddr_cal_riu/io_address_riuclk_reg[6]/Q
                         net (fo=34, routed)          2.280     2.357    core_inst/ddr_inst/u_ddr4/inst/u_ddr4_mem_intfc/u_io_addr_sync/SYNC[31].sync_reg_reg[0]_0[6]
    SLICE_X92Y233        FDRE                                         r  core_inst/ddr_inst/u_ddr4/inst/u_ddr4_mem_intfc/u_io_addr_sync/SYNC[6].sync_reg_reg[0]/D
  -------------------------------------------------------------------    -------------------

                         max delay                    3.000     3.000    
    SLICE_X92Y233        FDRE (Setup_HFF2_SLICEL_C_D)
                                                      0.025     3.025    core_inst/ddr_inst/u_ddr4/inst/u_ddr4_mem_intfc/u_io_addr_sync/SYNC[6].sync_reg_reg[0]
  -------------------------------------------------------------------
                         required time                          3.025    
                         arrival time                          -2.357    
  -------------------------------------------------------------------
                         slack                                  0.668    





---------------------------------------------------------------------------------------------------
From Clock:  clk_125_mmcm
  To Clock:  mmcm_clkout0

Setup :            0  Failing Endpoints,  Worst Slack        7.435ns,  Total Violation        0.000ns
Hold  :           NA  Failing Endpoints,  Worst Slack           NA  ,  Total Violation           NA
---------------------------------------------------------------------------------------------------


Max Delay Paths
--------------------------------------------------------------------------------------
Slack (MET) :             7.435ns  (required time - arrival time)
  Source:                 core_inst/ddr_inst/u_wfifo/fifo_inst/wr_ptr_gray_reg_reg[3]/C
                            (rising edge-triggered cell FDRE clocked by clk_125_mmcm  {rise@0.000ns fall@4.000ns period=8.000ns})
  Destination:            core_inst/ddr_inst/u_wfifo/fifo_inst/wr_ptr_gray_sync1_reg_reg[3]/D
                            (rising edge-triggered cell FDRE clocked by mmcm_clkout0  {rise@0.000ns fall@1.666ns period=3.332ns})
  Path Group:             mmcm_clkout0
  Path Type:              Setup (Max at Slow Process Corner)
  Requirement:            8.000ns  (MaxDelay Path 8.000ns)
  Data Path Delay:        0.590ns  (logic 0.079ns (13.383%)  route 0.511ns (86.617%))
  Logic Levels:           0  
  Timing Exception:       MaxDelay Path 8.000ns -datapath_only

    Location             Delay type                Incr(ns)  Path(ns)    Netlist Resource(s)
  -------------------------------------------------------------------    -------------------
    SLICE_X74Y269                                     0.000     0.000 r  core_inst/ddr_inst/u_wfifo/fifo_inst/wr_ptr_gray_reg_reg[3]/C
    SLICE_X74Y269        FDRE (Prop_HFF_SLICEL_C_Q)
                                                      0.079     0.079 r  core_inst/ddr_inst/u_wfifo/fifo_inst/wr_ptr_gray_reg_reg[3]/Q
                         net (fo=2, routed)           0.511     0.590    core_inst/ddr_inst/u_wfifo/fifo_inst/wr_ptr_gray_reg[3]
    SLICE_X72Y268        FDRE                                         r  core_inst/ddr_inst/u_wfifo/fifo_inst/wr_ptr_gray_sync1_reg_reg[3]/D
  -------------------------------------------------------------------    -------------------

                         max delay                    8.000     8.000    
    SLICE_X72Y268        FDRE (Setup_DFF2_SLICEM_C_D)
                                                      0.025     8.025    core_inst/ddr_inst/u_wfifo/fifo_inst/wr_ptr_gray_sync1_reg_reg[3]
  -------------------------------------------------------------------
                         required time                          8.025    
                         arrival time                          -0.590    
  -------------------------------------------------------------------
                         slack                                  7.435    





---------------------------------------------------------------------------------------------------
From Clock:  clk_core_mmcm
  To Clock:  mmcm_clkout0

Setup :            0  Failing Endpoints,  Worst Slack        3.397ns,  Total Violation        0.000ns
Hold  :           NA  Failing Endpoints,  Worst Slack           NA  ,  Total Violation           NA
---------------------------------------------------------------------------------------------------


Max Delay Paths
--------------------------------------------------------------------------------------
Slack (MET) :             3.397ns  (required time - arrival time)
  Source:                 core_inst/ddr_inst/u_rfifo/fifo_inst/rd_ptr_gray_reg_reg[0]/C
                            (rising edge-triggered cell FDRE clocked by clk_core_mmcm  {rise@0.000ns fall@2.000ns period=4.000ns})
  Destination:            core_inst/ddr_inst/u_rfifo/fifo_inst/rd_ptr_gray_sync1_reg_reg[0]/D
                            (rising edge-triggered cell FDRE clocked by mmcm_clkout0  {rise@0.000ns fall@1.666ns period=3.332ns})
  Path Group:             mmcm_clkout0
  Path Type:              Setup (Max at Slow Process Corner)
  Requirement:            4.000ns  (MaxDelay Path 4.000ns)
  Data Path Delay:        0.628ns  (logic 0.080ns (12.742%)  route 0.548ns (87.258%))
  Logic Levels:           0  
  Timing Exception:       MaxDelay Path 4.000ns -datapath_only

    Location             Delay type                Incr(ns)  Path(ns)    Netlist Resource(s)
  -------------------------------------------------------------------    -------------------
    SLICE_X58Y214                                     0.000     0.000 r  core_inst/ddr_inst/u_rfifo/fifo_inst/rd_ptr_gray_reg_reg[0]/C
    SLICE_X58Y214        FDRE (Prop_CFF2_SLICEL_C_Q)
                                                      0.080     0.080 r  core_inst/ddr_inst/u_rfifo/fifo_inst/rd_ptr_gray_reg_reg[0]/Q
                         net (fo=2, routed)           0.548     0.628    core_inst/ddr_inst/u_rfifo/fifo_inst/rd_ptr_gray_reg_reg_n_0_[0]
    SLICE_X60Y214        FDRE                                         r  core_inst/ddr_inst/u_rfifo/fifo_inst/rd_ptr_gray_sync1_reg_reg[0]/D
  -------------------------------------------------------------------    -------------------

                         max delay                    4.000     4.000    
    SLICE_X60Y214        FDRE (Setup_DFF2_SLICEM_C_D)
                                                      0.025     4.025    core_inst/ddr_inst/u_rfifo/fifo_inst/rd_ptr_gray_sync1_reg_reg[0]
  -------------------------------------------------------------------
                         required time                          4.025    
                         arrival time                          -0.628    
  -------------------------------------------------------------------
                         slack                                  3.397    





---------------------------------------------------------------------------------------------------
From Clock:  mmcm_clkout0
  To Clock:  pll_clk[0]_DIV

Setup :            0  Failing Endpoints,  Worst Slack        0.652ns,  Total Violation        0.000ns
Hold  :            0  Failing Endpoints,  Worst Slack        0.662ns,  Total Violation        0.000ns
---------------------------------------------------------------------------------------------------


Max Delay Paths
--------------------------------------------------------------------------------------
Slack (MET) :             0.652ns  (required time - arrival time)
  Source:                 core_inst/ddr_inst/u_ddr4/inst/u_ddr4_mem_intfc/u_ddr_cal_top/u_ddr_mc_pi/u_ddr_mc_write/genByte[4].u_ddr_mc_wr_byte/genBit[3].u_ddr_mc_wr_bit/dReg_reg[1]/C
                            (rising edge-triggered cell FDRE clocked by mmcm_clkout0  {rise@0.000ns fall@1.666ns period=3.332ns})
  Destination:            core_inst/ddr_inst/u_ddr4/inst/u_ddr4_mem_intfc/u_mig_ddr4_phy/inst/generate_block1.u_ddr_xiphy/byte_num[2].xiphy_byte_wrapper.u_xiphy_byte_wrapper/I_BITSLICE_UPPER[4].GEN_RXTX_BITSLICE_EN.u_xiphy_bitslice_upper/xiphy_rxtx_bitslice/D[1]
                            (rising edge-triggered cell RXTX_BITSLICE clocked by pll_clk[0]_DIV  {rise@0.000ns fall@1.666ns period=3.332ns})
  Path Group:             pll_clk[0]_DIV
  Path Type:              Setup (Max at Slow Process Corner)
  Requirement:            3.332ns  (pll_clk[0]_DIV rise@3.332ns - mmcm_clkout0 rise@0.000ns)
  Data Path Delay:        1.941ns  (logic 0.079ns (4.070%)  route 1.862ns (95.930%))
  Logic Levels:           0  
  Clock Path Skew:        -0.543ns (DCD - SCD + CPR)
    Destination Clock Delay (DCD):    2.356ns = ( 5.688 - 3.332 ) 
    Source Clock Delay      (SCD):    2.421ns
    Clock Pessimism Removal (CPR):    -0.478ns
  Clock Uncertainty:      0.157ns  ((TSJ^2 + DJ^2)^1/2) / 2 + PE
    Total System Jitter     (TSJ):    0.071ns
    Discrete Jitter          (DJ):    0.064ns
    Phase Error              (PE):    0.109ns
  Clock Net Delay (Source):      1.192ns (routing 0.171ns, distribution 1.021ns)

    Location             Delay type                Incr(ns)  Path(ns)    Netlist Resource(s)
  -------------------------------------------------------------------    -------------------
                         (clock mmcm_clkout0 rise edge)
                                                      0.000     0.000 r  
    G13                                               0.000     0.000 r  c0_sys_clk_p (IN)
                         net (fo=0)                   0.100     0.100    core_inst/ddr_inst/u_ddr4/inst/u_ddr4_mem_intfc/u_mig_ddr4_phy/inst/u_ddr4_phy_pll/diff_input_clk.u_ibufg_sys_clk/I
    HPIOBDIFFINBUF_X0Y108
                         DIFFINBUF (Prop_DIFFINBUF_HPIOBDIFFINBUF_DIFF_IN_P_O)
                                                      0.549     0.649 r  core_inst/ddr_inst/u_ddr4/inst/u_ddr4_mem_intfc/u_mig_ddr4_phy/inst/u_ddr4_phy_pll/diff_input_clk.u_ibufg_sys_clk/DIFFINBUF_INST/O
                         net (fo=1, routed)           0.050     0.699    core_inst/ddr_inst/u_ddr4/inst/u_ddr4_mem_intfc/u_mig_ddr4_phy/inst/u_ddr4_phy_pll/diff_input_clk.u_ibufg_sys_clk/OUT
    G13                  IBUFCTRL (Prop_IBUFCTRL_HPIOB_M_I_O)
                                                      0.000     0.699 r  core_inst/ddr_inst/u_ddr4/inst/u_ddr4_mem_intfc/u_mig_ddr4_phy/inst/u_ddr4_phy_pll/diff_input_clk.u_ibufg_sys_clk/IBUFCTRL_INST/O
                         net (fo=2, routed)           0.384     1.083    core_inst/ddr_inst/u_ddr4/inst/u_ddr4_infrastructure/mmcm_clk_in
    MMCM_X0Y4            MMCME4_ADV (Prop_MMCM_CLKIN1_CLKOUT0)
                                                     -0.127     0.956 r  core_inst/ddr_inst/u_ddr4/inst/u_ddr4_infrastructure/gen_mmcme4.u_mmcme_adv_inst/CLKOUT0
                         net (fo=1, routed)           0.245     1.201    core_inst/ddr_inst/u_ddr4/inst/u_ddr4_infrastructure/mmcm_clkout0
    BUFGCE_X0Y118        BUFGCE (Prop_BUFCE_BUFGCE_I_O)
                                                      0.028     1.229 r  core_inst/ddr_inst/u_ddr4/inst/u_ddr4_infrastructure/u_bufg_divClk/O
    X4Y4 (CLOCK_ROOT)    net (fo=25358, routed)       1.192     2.421    core_inst/ddr_inst/u_ddr4/inst/u_ddr4_mem_intfc/u_ddr_cal_top/u_ddr_mc_pi/u_ddr_mc_write/genByte[4].u_ddr_mc_wr_byte/genBit[3].u_ddr_mc_wr_bit/dReg_reg[10]_0
    SLICE_X83Y234        FDRE                                         r  core_inst/ddr_inst/u_ddr4/inst/u_ddr4_mem_intfc/u_ddr_cal_top/u_ddr_mc_pi/u_ddr_mc_write/genByte[4].u_ddr_mc_wr_byte/genBit[3].u_ddr_mc_wr_bit/dReg_reg[1]/C
  -------------------------------------------------------------------    -------------------
    SLICE_X83Y234        FDRE (Prop_GFF2_SLICEM_C_Q)
                                                      0.079     2.500 r  core_inst/ddr_inst/u_ddr4/inst/u_ddr4_mem_intfc/u_ddr_cal_top/u_ddr_mc_pi/u_ddr_mc_write/genByte[4].u_ddr_mc_wr_byte/genBit[3].u_ddr_mc_wr_bit/dReg_reg[1]/Q
                         net (fo=1, routed)           1.862     4.362    core_inst/ddr_inst/u_ddr4/inst/u_ddr4_mem_intfc/u_mig_ddr4_phy/inst/generate_block1.u_ddr_xiphy/byte_num[2].xiphy_byte_wrapper.u_xiphy_byte_wrapper/I_BITSLICE_UPPER[4].GEN_RXTX_BITSLICE_EN.u_xiphy_bitslice_upper/ch0_mcal_DQOut[1]
    BITSLICE_RX_TX_X0Y192
                         RXTX_BITSLICE                                r  core_inst/ddr_inst/u_ddr4/inst/u_ddr4_mem_intfc/u_mig_ddr4_phy/inst/generate_block1.u_ddr_xiphy/byte_num[2].xiphy_byte_wrapper.u_xiphy_byte_wrapper/I_BITSLICE_UPPER[4].GEN_RXTX_BITSLICE_EN.u_xiphy_bitslice_upper/xiphy_rxtx_bitslice/D[1]
  -------------------------------------------------------------------    -------------------

                         (clock pll_clk[0]_DIV rise edge)
                                                      3.332     3.332 f  
    G13                                               0.000     3.332 f  c0_sys_clk_p (IN)
                         net (fo=0)                   0.079     3.411    core_inst/ddr_inst/u_ddr4/inst/u_ddr4_mem_intfc/u_mig_ddr4_phy/inst/u_ddr4_phy_pll/diff_input_clk.u_ibufg_sys_clk/I
    HPIOBDIFFINBUF_X0Y108
                         DIFFINBUF (Prop_DIFFINBUF_HPIOBDIFFINBUF_DIFF_IN_P_O)
                                                      0.453     3.864 f  core_inst/ddr_inst/u_ddr4/inst/u_ddr4_mem_intfc/u_mig_ddr4_phy/inst/u_ddr4_phy_pll/diff_input_clk.u_ibufg_sys_clk/DIFFINBUF_INST/O
                         net (fo=1, routed)           0.040     3.904    core_inst/ddr_inst/u_ddr4/inst/u_ddr4_mem_intfc/u_mig_ddr4_phy/inst/u_ddr4_phy_pll/diff_input_clk.u_ibufg_sys_clk/OUT
    G13                  IBUFCTRL (Prop_IBUFCTRL_HPIOB_M_I_O)
                                                      0.000     3.904 f  core_inst/ddr_inst/u_ddr4/inst/u_ddr4_mem_intfc/u_mig_ddr4_phy/inst/u_ddr4_phy_pll/diff_input_clk.u_ibufg_sys_clk/IBUFCTRL_INST/O
                         net (fo=2, routed)           0.333     4.237    core_inst/ddr_inst/u_ddr4/inst/u_ddr4_infrastructure/mmcm_clk_in
    MMCM_X0Y4            MMCME4_ADV (Prop_MMCM_CLKIN1_CLKOUT0)
                                                      0.630     4.867 f  core_inst/ddr_inst/u_ddr4/inst/u_ddr4_infrastructure/gen_mmcme4.u_mmcme_adv_inst/CLKOUT0
                         net (fo=1, routed)           0.215     5.082    core_inst/ddr_inst/u_ddr4/inst/u_ddr4_infrastructure/mmcm_clkout0
    BUFGCE_X0Y118        BUFGCE (Prop_BUFCE_BUFGCE_I_O)
                                                      0.024     5.106 f  core_inst/ddr_inst/u_ddr4/inst/u_ddr4_infrastructure/u_bufg_divClk/O
                         net (fo=25358, routed)       0.880     5.986    core_inst/ddr_inst/u_ddr4/inst/u_ddr4_mem_intfc/u_mig_ddr4_phy/inst/u_ddr4_phy_pll/div_clk
    PLL_X0Y7             PLLE4_ADV (Prop_PLL_CLKIN_CLKOUTPHY)
                                                     -0.713     5.273 f  core_inst/ddr_inst/u_ddr4/inst/u_ddr4_mem_intfc/u_mig_ddr4_phy/inst/u_ddr4_phy_pll/plle_loop[0].gen_plle4.PLLE4_BASE_INST_OTHER/CLKOUTPHY
                         net (fo=8, routed)           0.096     5.369    core_inst/ddr_inst/u_ddr4/inst/u_ddr4_mem_intfc/u_mig_ddr4_phy/inst/generate_block1.u_ddr_xiphy/byte_num[2].xiphy_byte_wrapper.u_xiphy_byte_wrapper/I_CONTROL[1].GEN_I_CONTROL.u_xiphy_control/pll_clk[0]
    BITSLICE_CONTROL_X0Y29
                         BITSLICE_CONTROL (Prop_CONTROL_BITSLICE_CONTROL_PLL_CLK_TX_DIV2_CLK_Q)
                                                      0.106     5.475 r  core_inst/ddr_inst/u_ddr4/inst/u_ddr4_mem_intfc/u_mig_ddr4_phy/inst/generate_block1.u_ddr_xiphy/byte_num[2].xiphy_byte_wrapper.u_xiphy_byte_wrapper/I_CONTROL[1].GEN_I_CONTROL.u_xiphy_control/xiphy_control/TX_DIV2_CLK_Q
    BITSLICE_CONTROL_X0Y29
                         BITSLICE_CONTROL (Prop_CONTROL_BITSLICE_CONTROL_TX_DIV2_CLK_Q_TX_DIV4_CLK_Q)
                                                      0.075     5.550 r  core_inst/ddr_inst/u_ddr4/inst/u_ddr4_mem_intfc/u_mig_ddr4_phy/inst/generate_block1.u_ddr_xiphy/byte_num[2].xiphy_byte_wrapper.u_xiphy_byte_wrapper/I_CONTROL[1].GEN_I_CONTROL.u_xiphy_control/xiphy_control/TX_DIV4_CLK_Q
    BITSLICE_CONTROL_X0Y29
                         BITSLICE_CONTROL (Prop_CONTROL_BITSLICE_CONTROL_TX_DIV4_CLK_Q_TX_BIT_CTRL_OUT4[26])
                                                      0.125     5.675 r  core_inst/ddr_inst/u_ddr4/inst/u_ddr4_mem_intfc/u_mig_ddr4_phy/inst/generate_block1.u_ddr_xiphy/byte_num[2].xiphy_byte_wrapper.u_xiphy_byte_wrapper/I_CONTROL[1].GEN_I_CONTROL.u_xiphy_control/xiphy_control/TX_BIT_CTRL_OUT4[26]
                         net (fo=1, routed)           0.013     5.688    core_inst/ddr_inst/u_ddr4/inst/u_ddr4_mem_intfc/u_mig_ddr4_phy/inst/generate_block1.u_ddr_xiphy/byte_num[2].xiphy_byte_wrapper.u_xiphy_byte_wrapper/I_BITSLICE_UPPER[4].GEN_RXTX_BITSLICE_EN.u_xiphy_bitslice_upper/TX_BIT_CTRL_OUT4[26]
    BITSLICE_RX_TX_X0Y192
                         RXTX_BITSLICE                                r  core_inst/ddr_inst/u_ddr4/inst/u_ddr4_mem_intfc/u_mig_ddr4_phy/inst/generate_block1.u_ddr_xiphy/byte_num[2].xiphy_byte_wrapper.u_xiphy_byte_wrapper/I_BITSLICE_UPPER[4].GEN_RXTX_BITSLICE_EN.u_xiphy_bitslice_upper/xiphy_rxtx_bitslice/TX_BIT_CTRL_IN[26]
                         clock pessimism             -0.478     5.210    
                         clock uncertainty           -0.157     5.053    
    BITSLICE_RX_TX_X0Y192
                         RXTX_BITSLICE (Setup_RXTX_BITSLICE_BITSLICE_RX_TX_TX_BIT_CTRL_IN[26]_D[1])
                                                     -0.039     5.014    core_inst/ddr_inst/u_ddr4/inst/u_ddr4_mem_intfc/u_mig_ddr4_phy/inst/generate_block1.u_ddr_xiphy/byte_num[2].xiphy_byte_wrapper.u_xiphy_byte_wrapper/I_BITSLICE_UPPER[4].GEN_RXTX_BITSLICE_EN.u_xiphy_bitslice_upper/xiphy_rxtx_bitslice
  -------------------------------------------------------------------
                         required time                          5.014    
                         arrival time                          -4.362    
  -------------------------------------------------------------------
                         slack                                  0.652    





Min Delay Paths
--------------------------------------------------------------------------------------
Slack (MET) :             0.662ns  (arrival time - required time)
  Source:                 core_inst/ddr_inst/u_ddr4/inst/u_ddr4_mem_intfc/u_ddr_cal_top/u_ddr_mc_pi/rdEn[7].u_ddr_mc_rd_en_low/rdEn_reg[2]/C
                            (rising edge-triggered cell FDRE clocked by mmcm_clkout0  {rise@0.000ns fall@1.666ns period=3.332ns})
  Destination:            core_inst/ddr_inst/u_ddr4/inst/u_ddr4_mem_intfc/u_mig_ddr4_phy/inst/generate_block1.u_ddr_xiphy/byte_num[0].xiphy_byte_wrapper.u_xiphy_byte_wrapper/I_CONTROL[0].GEN_I_CONTROL.u_xiphy_control/xiphy_control/PHY_RDEN[2]
                            (rising edge-triggered cell BITSLICE_CONTROL clocked by pll_clk[0]_DIV  {rise@0.000ns fall@1.666ns period=3.332ns})
  Path Group:             pll_clk[0]_DIV
  Path Type:              Hold (Min at Slow Process Corner)
  Requirement:            0.000ns  (pll_clk[0]_DIV rise@0.000ns - mmcm_clkout0 rise@0.000ns)
  Data Path Delay:        0.303ns  (logic 0.057ns (18.812%)  route 0.246ns (81.188%))
  Logic Levels:           0  
  Clock Path Skew:        -0.786ns (DCD - SCD - CPR)
    Destination Clock Delay (DCD):    1.537ns
    Source Clock Delay      (SCD):    2.801ns
    Clock Pessimism Removal (CPR):    -0.478ns
  Clock Uncertainty:      0.157ns  ((TSJ^2 + DJ^2)^1/2) / 2 + PE
    Total System Jitter     (TSJ):    0.071ns
    Discrete Jitter          (DJ):    0.064ns
    Phase Error              (PE):    0.109ns
  Clock Net Delay (Source):      1.027ns (routing 0.155ns, distribution 0.872ns)
  Clock Net Delay (Destination): 0.998ns (routing 0.171ns, distribution 0.827ns)

    Location             Delay type                Incr(ns)  Path(ns)    Netlist Resource(s)
  -------------------------------------------------------------------    -------------------
                         (clock mmcm_clkout0 rise edge)
                                                      0.000     0.000 r  
    G13                                               0.000     0.000 r  c0_sys_clk_p (IN)
                         net (fo=0)                   0.079     0.079    core_inst/ddr_inst/u_ddr4/inst/u_ddr4_mem_intfc/u_mig_ddr4_phy/inst/u_ddr4_phy_pll/diff_input_clk.u_ibufg_sys_clk/I
    HPIOBDIFFINBUF_X0Y108
                         DIFFINBUF (Prop_DIFFINBUF_HPIOBDIFFINBUF_DIFF_IN_P_O)
                                                      0.453     0.532 r  core_inst/ddr_inst/u_ddr4/inst/u_ddr4_mem_intfc/u_mig_ddr4_phy/inst/u_ddr4_phy_pll/diff_input_clk.u_ibufg_sys_clk/DIFFINBUF_INST/O
                         net (fo=1, routed)           0.040     0.572    core_inst/ddr_inst/u_ddr4/inst/u_ddr4_mem_intfc/u_mig_ddr4_phy/inst/u_ddr4_phy_pll/diff_input_clk.u_ibufg_sys_clk/OUT
    G13                  IBUFCTRL (Prop_IBUFCTRL_HPIOB_M_I_O)
                                                      0.000     0.572 r  core_inst/ddr_inst/u_ddr4/inst/u_ddr4_mem_intfc/u_mig_ddr4_phy/inst/u_ddr4_phy_pll/diff_input_clk.u_ibufg_sys_clk/IBUFCTRL_INST/O
                         net (fo=2, routed)           0.333     0.905    core_inst/ddr_inst/u_ddr4/inst/u_ddr4_infrastructure/mmcm_clk_in
    MMCM_X0Y4            MMCME4_ADV (Prop_MMCM_CLKIN1_CLKOUT0)
                                                      0.630     1.535 r  core_inst/ddr_inst/u_ddr4/inst/u_ddr4_infrastructure/gen_mmcme4.u_mmcme_adv_inst/CLKOUT0
                         net (fo=1, routed)           0.215     1.750    core_inst/ddr_inst/u_ddr4/inst/u_ddr4_infrastructure/mmcm_clkout0
    BUFGCE_X0Y118        BUFGCE (Prop_BUFCE_BUFGCE_I_O)
                                                      0.024     1.774 r  core_inst/ddr_inst/u_ddr4/inst/u_ddr4_infrastructure/u_bufg_divClk/O
    X4Y4 (CLOCK_ROOT)    net (fo=25358, routed)       1.027     2.801    core_inst/ddr_inst/u_ddr4/inst/u_ddr4_mem_intfc/u_ddr_cal_top/u_ddr_mc_pi/rdEn[7].u_ddr_mc_rd_en_low/rsMask_reg[7][9]_0
    SLICE_X83Y181        FDRE                                         r  core_inst/ddr_inst/u_ddr4/inst/u_ddr4_mem_intfc/u_ddr_cal_top/u_ddr_mc_pi/rdEn[7].u_ddr_mc_rd_en_low/rdEn_reg[2]/C
  -------------------------------------------------------------------    -------------------
    SLICE_X83Y181        FDRE (Prop_FFF_SLICEM_C_Q)
                                                      0.057     2.858 r  core_inst/ddr_inst/u_ddr4/inst/u_ddr4_mem_intfc/u_ddr_cal_top/u_ddr_mc_pi/rdEn[7].u_ddr_mc_rd_en_low/rdEn_reg[2]/Q
                         net (fo=1, routed)           0.246     3.104    core_inst/ddr_inst/u_ddr4/inst/u_ddr4_mem_intfc/u_mig_ddr4_phy/inst/generate_block1.u_ddr_xiphy/byte_num[0].xiphy_byte_wrapper.u_xiphy_byte_wrapper/I_CONTROL[0].GEN_I_CONTROL.u_xiphy_control/ch0_mcal_clb2phy_rden_low[2]
    BITSLICE_CONTROL_X0Y24
                         BITSLICE_CONTROL                             r  core_inst/ddr_inst/u_ddr4/inst/u_ddr4_mem_intfc/u_mig_ddr4_phy/inst/generate_block1.u_ddr_xiphy/byte_num[0].xiphy_byte_wrapper.u_xiphy_byte_wrapper/I_CONTROL[0].GEN_I_CONTROL.u_xiphy_control/xiphy_control/PHY_RDEN[2]
  -------------------------------------------------------------------    -------------------

                         (clock pll_clk[0]_DIV rise edge)
                                                      0.000     0.000 f  
    G13                                               0.000     0.000 f  c0_sys_clk_p (IN)
                         net (fo=0)                   0.100     0.100    core_inst/ddr_inst/u_ddr4/inst/u_ddr4_mem_intfc/u_mig_ddr4_phy/inst/u_ddr4_phy_pll/diff_input_clk.u_ibufg_sys_clk/I
    HPIOBDIFFINBUF_X0Y108
                         DIFFINBUF (Prop_DIFFINBUF_HPIOBDIFFINBUF_DIFF_IN_P_O)
                                                      0.549     0.649 f  core_inst/ddr_inst/u_ddr4/inst/u_ddr4_mem_intfc/u_mig_ddr4_phy/inst/u_ddr4_phy_pll/diff_input_clk.u_ibufg_sys_clk/DIFFINBUF_INST/O
                         net (fo=1, routed)           0.050     0.699    core_inst/ddr_inst/u_ddr4/inst/u_ddr4_mem_intfc/u_mig_ddr4_phy/inst/u_ddr4_phy_pll/diff_input_clk.u_ibufg_sys_clk/OUT
    G13                  IBUFCTRL (Prop_IBUFCTRL_HPIOB_M_I_O)
                                                      0.000     0.699 f  core_inst/ddr_inst/u_ddr4/inst/u_ddr4_mem_intfc/u_mig_ddr4_phy/inst/u_ddr4_phy_pll/diff_input_clk.u_ibufg_sys_clk/IBUFCTRL_INST/O
                         net (fo=2, routed)           0.384     1.083    core_inst/ddr_inst/u_ddr4/inst/u_ddr4_infrastructure/mmcm_clk_in
    MMCM_X0Y4            MMCME4_ADV (Prop_MMCM_CLKIN1_CLKOUT0)
                                                     -0.127     0.956 f  core_inst/ddr_inst/u_ddr4/inst/u_ddr4_infrastructure/gen_mmcme4.u_mmcme_adv_inst/CLKOUT0
                         net (fo=1, routed)           0.245     1.201    core_inst/ddr_inst/u_ddr4/inst/u_ddr4_infrastructure/mmcm_clkout0
    BUFGCE_X0Y118        BUFGCE (Prop_BUFCE_BUFGCE_I_O)
                                                      0.028     1.229 f  core_inst/ddr_inst/u_ddr4/inst/u_ddr4_infrastructure/u_bufg_divClk/O
    X4Y4 (CLOCK_ROOT)    net (fo=25358, routed)       0.998     2.227    core_inst/ddr_inst/u_ddr4/inst/u_ddr4_mem_intfc/u_mig_ddr4_phy/inst/u_ddr4_phy_pll/div_clk
    PLL_X0Y7             PLLE4_ADV (Prop_PLL_CLKIN_CLKOUTPHY)
                                                     -1.141     1.086 f  core_inst/ddr_inst/u_ddr4/inst/u_ddr4_mem_intfc/u_mig_ddr4_phy/inst/u_ddr4_phy_pll/plle_loop[0].gen_plle4.PLLE4_BASE_INST_OTHER/CLKOUTPHY
                         net (fo=8, routed)           0.139     1.225    core_inst/ddr_inst/u_ddr4/inst/u_ddr4_mem_intfc/u_mig_ddr4_phy/inst/generate_block1.u_ddr_xiphy/byte_num[0].xiphy_byte_wrapper.u_xiphy_byte_wrapper/I_CONTROL[0].GEN_I_CONTROL.u_xiphy_control/pll_clk[0]
    BITSLICE_CONTROL_X0Y24
                         BITSLICE_CONTROL (Prop_CONTROL_BITSLICE_CONTROL_PLL_CLK_RX_DIV2_CLK_Q)
                                                      0.193     1.418 r  core_inst/ddr_inst/u_ddr4/inst/u_ddr4_mem_intfc/u_mig_ddr4_phy/inst/generate_block1.u_ddr_xiphy/byte_num[0].xiphy_byte_wrapper.u_xiphy_byte_wrapper/I_CONTROL[0].GEN_I_CONTROL.u_xiphy_control/xiphy_control/RX_DIV2_CLK_Q
    BITSLICE_CONTROL_X0Y24
                         BITSLICE_CONTROL (Prop_CONTROL_BITSLICE_CONTROL_RX_DIV2_CLK_Q_RX_DIV4_CLK_Q)
                                                      0.119     1.537 r  core_inst/ddr_inst/u_ddr4/inst/u_ddr4_mem_intfc/u_mig_ddr4_phy/inst/generate_block1.u_ddr_xiphy/byte_num[0].xiphy_byte_wrapper.u_xiphy_byte_wrapper/I_CONTROL[0].GEN_I_CONTROL.u_xiphy_control/xiphy_control/RX_DIV4_CLK_Q
                         clock pessimism              0.478     2.015    
                         clock uncertainty            0.157     2.172    
    BITSLICE_CONTROL_X0Y24
                         BITSLICE_CONTROL (Hold_CONTROL_BITSLICE_CONTROL_RX_DIV4_CLK_Q_PHY_RDEN[2])
                                                      0.270     2.442    core_inst/ddr_inst/u_ddr4/inst/u_ddr4_mem_intfc/u_mig_ddr4_phy/inst/generate_block1.u_ddr_xiphy/byte_num[0].xiphy_byte_wrapper.u_xiphy_byte_wrapper/I_CONTROL[0].GEN_I_CONTROL.u_xiphy_control/xiphy_control
  -------------------------------------------------------------------
                         required time                         -2.442    
                         arrival time                           3.104    
  -------------------------------------------------------------------
                         slack                                  0.662    





---------------------------------------------------------------------------------------------------
From Clock:  mmcm_clkout0
  To Clock:  pll_clk[1]_DIV

Setup :            0  Failing Endpoints,  Worst Slack        0.787ns,  Total Violation        0.000ns
Hold  :            0  Failing Endpoints,  Worst Slack        0.693ns,  Total Violation        0.000ns
---------------------------------------------------------------------------------------------------


Max Delay Paths
--------------------------------------------------------------------------------------
Slack (MET) :             0.787ns  (required time - arrival time)
  Source:                 core_inst/ddr_inst/u_ddr4/inst/u_ddr4_mem_intfc/u_ddr_cal_top/mcal_ODT_dly_reg[0][7]/C
                            (rising edge-triggered cell FDRE clocked by mmcm_clkout0  {rise@0.000ns fall@1.666ns period=3.332ns})
  Destination:            core_inst/ddr_inst/u_ddr4/inst/u_ddr4_mem_intfc/u_mig_ddr4_phy/inst/generate_block1.u_ddr_xiphy/byte_num[7].xiphy_byte_wrapper.u_xiphy_byte_wrapper/I_BITSLICE_UPPER[4].GEN_RXTX_BITSLICE_EN.u_xiphy_bitslice_upper/xiphy_rxtx_bitslice/D[7]
                            (rising edge-triggered cell RXTX_BITSLICE clocked by pll_clk[1]_DIV  {rise@0.000ns fall@1.666ns period=3.332ns})
  Path Group:             pll_clk[1]_DIV
  Path Type:              Setup (Max at Slow Process Corner)
  Requirement:            3.332ns  (pll_clk[1]_DIV rise@3.332ns - mmcm_clkout0 rise@0.000ns)
  Data Path Delay:        1.797ns  (logic 0.079ns (4.395%)  route 1.718ns (95.605%))
  Logic Levels:           0  
  Clock Path Skew:        -0.545ns (DCD - SCD + CPR)
    Destination Clock Delay (DCD):    2.348ns = ( 5.680 - 3.332 ) 
    Source Clock Delay      (SCD):    2.414ns
    Clock Pessimism Removal (CPR):    -0.479ns
  Clock Uncertainty:      0.157ns  ((TSJ^2 + DJ^2)^1/2) / 2 + PE
    Total System Jitter     (TSJ):    0.071ns
    Discrete Jitter          (DJ):    0.064ns
    Phase Error              (PE):    0.109ns
  Clock Net Delay (Source):      1.185ns (routing 0.171ns, distribution 1.014ns)

    Location             Delay type                Incr(ns)  Path(ns)    Netlist Resource(s)
  -------------------------------------------------------------------    -------------------
                         (clock mmcm_clkout0 rise edge)
                                                      0.000     0.000 r  
    G13                                               0.000     0.000 r  c0_sys_clk_p (IN)
                         net (fo=0)                   0.100     0.100    core_inst/ddr_inst/u_ddr4/inst/u_ddr4_mem_intfc/u_mig_ddr4_phy/inst/u_ddr4_phy_pll/diff_input_clk.u_ibufg_sys_clk/I
    HPIOBDIFFINBUF_X0Y108
                         DIFFINBUF (Prop_DIFFINBUF_HPIOBDIFFINBUF_DIFF_IN_P_O)
                                                      0.549     0.649 r  core_inst/ddr_inst/u_ddr4/inst/u_ddr4_mem_intfc/u_mig_ddr4_phy/inst/u_ddr4_phy_pll/diff_input_clk.u_ibufg_sys_clk/DIFFINBUF_INST/O
                         net (fo=1, routed)           0.050     0.699    core_inst/ddr_inst/u_ddr4/inst/u_ddr4_mem_intfc/u_mig_ddr4_phy/inst/u_ddr4_phy_pll/diff_input_clk.u_ibufg_sys_clk/OUT
    G13                  IBUFCTRL (Prop_IBUFCTRL_HPIOB_M_I_O)
                                                      0.000     0.699 r  core_inst/ddr_inst/u_ddr4/inst/u_ddr4_mem_intfc/u_mig_ddr4_phy/inst/u_ddr4_phy_pll/diff_input_clk.u_ibufg_sys_clk/IBUFCTRL_INST/O
                         net (fo=2, routed)           0.384     1.083    core_inst/ddr_inst/u_ddr4/inst/u_ddr4_infrastructure/mmcm_clk_in
    MMCM_X0Y4            MMCME4_ADV (Prop_MMCM_CLKIN1_CLKOUT0)
                                                     -0.127     0.956 r  core_inst/ddr_inst/u_ddr4/inst/u_ddr4_infrastructure/gen_mmcme4.u_mmcme_adv_inst/CLKOUT0
                         net (fo=1, routed)           0.245     1.201    core_inst/ddr_inst/u_ddr4/inst/u_ddr4_infrastructure/mmcm_clkout0
    BUFGCE_X0Y118        BUFGCE (Prop_BUFCE_BUFGCE_I_O)
                                                      0.028     1.229 r  core_inst/ddr_inst/u_ddr4/inst/u_ddr4_infrastructure/u_bufg_divClk/O
    X4Y4 (CLOCK_ROOT)    net (fo=25358, routed)       1.185     2.414    core_inst/ddr_inst/u_ddr4/inst/u_ddr4_mem_intfc/u_ddr_cal_top/dReg_reg[10]
    SLICE_X92Y276        FDRE                                         r  core_inst/ddr_inst/u_ddr4/inst/u_ddr4_mem_intfc/u_ddr_cal_top/mcal_ODT_dly_reg[0][7]/C
  -------------------------------------------------------------------    -------------------
    SLICE_X92Y276        FDRE (Prop_HFF_SLICEL_C_Q)
                                                      0.079     2.493 r  core_inst/ddr_inst/u_ddr4/inst/u_ddr4_mem_intfc/u_ddr_cal_top/mcal_ODT_dly_reg[0][7]/Q
                         net (fo=3, routed)           1.718     4.212    core_inst/ddr_inst/u_ddr4/inst/u_ddr4_mem_intfc/u_mig_ddr4_phy/inst/generate_block1.u_ddr_xiphy/byte_num[7].xiphy_byte_wrapper.u_xiphy_byte_wrapper/I_BITSLICE_UPPER[4].GEN_RXTX_BITSLICE_EN.u_xiphy_bitslice_upper/mcal_ODT[7]
    BITSLICE_RX_TX_X0Y257
                         RXTX_BITSLICE                                r  core_inst/ddr_inst/u_ddr4/inst/u_ddr4_mem_intfc/u_mig_ddr4_phy/inst/generate_block1.u_ddr_xiphy/byte_num[7].xiphy_byte_wrapper.u_xiphy_byte_wrapper/I_BITSLICE_UPPER[4].GEN_RXTX_BITSLICE_EN.u_xiphy_bitslice_upper/xiphy_rxtx_bitslice/D[7]
  -------------------------------------------------------------------    -------------------

                         (clock pll_clk[1]_DIV rise edge)
                                                      3.332     3.332 f  
    G13                                               0.000     3.332 f  c0_sys_clk_p (IN)
                         net (fo=0)                   0.079     3.411    core_inst/ddr_inst/u_ddr4/inst/u_ddr4_mem_intfc/u_mig_ddr4_phy/inst/u_ddr4_phy_pll/diff_input_clk.u_ibufg_sys_clk/I
    HPIOBDIFFINBUF_X0Y108
                         DIFFINBUF (Prop_DIFFINBUF_HPIOBDIFFINBUF_DIFF_IN_P_O)
                                                      0.453     3.864 f  core_inst/ddr_inst/u_ddr4/inst/u_ddr4_mem_intfc/u_mig_ddr4_phy/inst/u_ddr4_phy_pll/diff_input_clk.u_ibufg_sys_clk/DIFFINBUF_INST/O
                         net (fo=1, routed)           0.040     3.904    core_inst/ddr_inst/u_ddr4/inst/u_ddr4_mem_intfc/u_mig_ddr4_phy/inst/u_ddr4_phy_pll/diff_input_clk.u_ibufg_sys_clk/OUT
    G13                  IBUFCTRL (Prop_IBUFCTRL_HPIOB_M_I_O)
                                                      0.000     3.904 f  core_inst/ddr_inst/u_ddr4/inst/u_ddr4_mem_intfc/u_mig_ddr4_phy/inst/u_ddr4_phy_pll/diff_input_clk.u_ibufg_sys_clk/IBUFCTRL_INST/O
                         net (fo=2, routed)           0.333     4.237    core_inst/ddr_inst/u_ddr4/inst/u_ddr4_infrastructure/mmcm_clk_in
    MMCM_X0Y4            MMCME4_ADV (Prop_MMCM_CLKIN1_CLKOUT0)
                                                      0.630     4.867 f  core_inst/ddr_inst/u_ddr4/inst/u_ddr4_infrastructure/gen_mmcme4.u_mmcme_adv_inst/CLKOUT0
                         net (fo=1, routed)           0.215     5.082    core_inst/ddr_inst/u_ddr4/inst/u_ddr4_infrastructure/mmcm_clkout0
    BUFGCE_X0Y118        BUFGCE (Prop_BUFCE_BUFGCE_I_O)
                                                      0.024     5.106 f  core_inst/ddr_inst/u_ddr4/inst/u_ddr4_infrastructure/u_bufg_divClk/O
                         net (fo=25358, routed)       0.869     5.975    core_inst/ddr_inst/u_ddr4/inst/u_ddr4_mem_intfc/u_mig_ddr4_phy/inst/u_ddr4_phy_pll/div_clk
    PLL_X0Y9             PLLE4_ADV (Prop_PLL_CLKIN_CLKOUTPHY)
                                                     -0.713     5.262 f  core_inst/ddr_inst/u_ddr4/inst/u_ddr4_mem_intfc/u_mig_ddr4_phy/inst/u_ddr4_phy_pll/plle_loop[1].gen_plle4.PLLE4_BASE_INST_OTHER/CLKOUTPHY
                         net (fo=8, routed)           0.099     5.361    core_inst/ddr_inst/u_ddr4/inst/u_ddr4_mem_intfc/u_mig_ddr4_phy/inst/generate_block1.u_ddr_xiphy/byte_num[7].xiphy_byte_wrapper.u_xiphy_byte_wrapper/I_CONTROL[1].GEN_I_CONTROL.u_xiphy_control/pll_clk[0]
    BITSLICE_CONTROL_X0Y39
                         BITSLICE_CONTROL (Prop_CONTROL_BITSLICE_CONTROL_PLL_CLK_TX_DIV2_CLK_Q)
                                                      0.106     5.467 r  core_inst/ddr_inst/u_ddr4/inst/u_ddr4_mem_intfc/u_mig_ddr4_phy/inst/generate_block1.u_ddr_xiphy/byte_num[7].xiphy_byte_wrapper.u_xiphy_byte_wrapper/I_CONTROL[1].GEN_I_CONTROL.u_xiphy_control/xiphy_control/TX_DIV2_CLK_Q
    BITSLICE_CONTROL_X0Y39
                         BITSLICE_CONTROL (Prop_CONTROL_BITSLICE_CONTROL_TX_DIV2_CLK_Q_TX_DIV4_CLK_Q)
                                                      0.075     5.542 r  core_inst/ddr_inst/u_ddr4/inst/u_ddr4_mem_intfc/u_mig_ddr4_phy/inst/generate_block1.u_ddr_xiphy/byte_num[7].xiphy_byte_wrapper.u_xiphy_byte_wrapper/I_CONTROL[1].GEN_I_CONTROL.u_xiphy_control/xiphy_control/TX_DIV4_CLK_Q
    BITSLICE_CONTROL_X0Y39
                         BITSLICE_CONTROL (Prop_CONTROL_BITSLICE_CONTROL_TX_DIV4_CLK_Q_TX_BIT_CTRL_OUT4[26])
                                                      0.125     5.667 r  core_inst/ddr_inst/u_ddr4/inst/u_ddr4_mem_intfc/u_mig_ddr4_phy/inst/generate_block1.u_ddr_xiphy/byte_num[7].xiphy_byte_wrapper.u_xiphy_byte_wrapper/I_CONTROL[1].GEN_I_CONTROL.u_xiphy_control/xiphy_control/TX_BIT_CTRL_OUT4[26]
                         net (fo=1, routed)           0.013     5.680    core_inst/ddr_inst/u_ddr4/inst/u_ddr4_mem_intfc/u_mig_ddr4_phy/inst/generate_block1.u_ddr_xiphy/byte_num[7].xiphy_byte_wrapper.u_xiphy_byte_wrapper/I_BITSLICE_UPPER[4].GEN_RXTX_BITSLICE_EN.u_xiphy_bitslice_upper/TX_BIT_CTRL_OUT4[26]
    BITSLICE_RX_TX_X0Y257
                         RXTX_BITSLICE                                r  core_inst/ddr_inst/u_ddr4/inst/u_ddr4_mem_intfc/u_mig_ddr4_phy/inst/generate_block1.u_ddr_xiphy/byte_num[7].xiphy_byte_wrapper.u_xiphy_byte_wrapper/I_BITSLICE_UPPER[4].GEN_RXTX_BITSLICE_EN.u_xiphy_bitslice_upper/xiphy_rxtx_bitslice/TX_BIT_CTRL_IN[26]
                         clock pessimism             -0.479     5.201    
                         clock uncertainty           -0.157     5.044    
    BITSLICE_RX_TX_X0Y257
                         RXTX_BITSLICE (Setup_RXTX_BITSLICE_BITSLICE_RX_TX_TX_BIT_CTRL_IN[26]_D[7])
                                                     -0.045     4.999    core_inst/ddr_inst/u_ddr4/inst/u_ddr4_mem_intfc/u_mig_ddr4_phy/inst/generate_block1.u_ddr_xiphy/byte_num[7].xiphy_byte_wrapper.u_xiphy_byte_wrapper/I_BITSLICE_UPPER[4].GEN_RXTX_BITSLICE_EN.u_xiphy_bitslice_upper/xiphy_rxtx_bitslice
  -------------------------------------------------------------------
                         required time                          4.999    
                         arrival time                          -4.212    
  -------------------------------------------------------------------
                         slack                                  0.787    





Min Delay Paths
--------------------------------------------------------------------------------------
Slack (MET) :             0.693ns  (arrival time - required time)
  Source:                 core_inst/ddr_inst/u_ddr4/inst/u_ddr4_mem_intfc/u_ddr_cal_top/mcal_ADR_dly_reg[0][4]/C
                            (rising edge-triggered cell FDRE clocked by mmcm_clkout0  {rise@0.000ns fall@1.666ns period=3.332ns})
  Destination:            core_inst/ddr_inst/u_ddr4/inst/u_ddr4_mem_intfc/u_mig_ddr4_phy/inst/generate_block1.u_ddr_xiphy/byte_num[7].xiphy_byte_wrapper.u_xiphy_byte_wrapper/I_BITSLICE_LOWER[5].GEN_RXTX_BITSLICE_EN.u_xiphy_bitslice_lower/xiphy_rxtx_bitslice/D[3]
                            (rising edge-triggered cell RXTX_BITSLICE clocked by pll_clk[1]_DIV  {rise@0.000ns fall@1.666ns period=3.332ns})
  Path Group:             pll_clk[1]_DIV
  Path Type:              Hold (Min at Slow Process Corner)
  Requirement:            0.000ns  (pll_clk[1]_DIV rise@0.000ns - mmcm_clkout0 rise@0.000ns)
  Data Path Delay:        0.338ns  (logic 0.058ns (17.163%)  route 0.280ns (82.837%))
  Logic Levels:           0  
  Clock Path Skew:        -0.585ns (DCD - SCD - CPR)
    Destination Clock Delay (DCD):    1.716ns
    Source Clock Delay      (SCD):    2.780ns
    Clock Pessimism Removal (CPR):    -0.479ns
  Clock Uncertainty:      0.157ns  ((TSJ^2 + DJ^2)^1/2) / 2 + PE
    Total System Jitter     (TSJ):    0.071ns
    Discrete Jitter          (DJ):    0.064ns
    Phase Error              (PE):    0.109ns
  Clock Net Delay (Source):      1.006ns (routing 0.155ns, distribution 0.851ns)

    Location             Delay type                Incr(ns)  Path(ns)    Netlist Resource(s)
  -------------------------------------------------------------------    -------------------
                         (clock mmcm_clkout0 rise edge)
                                                      0.000     0.000 r  
    G13                                               0.000     0.000 r  c0_sys_clk_p (IN)
                         net (fo=0)                   0.079     0.079    core_inst/ddr_inst/u_ddr4/inst/u_ddr4_mem_intfc/u_mig_ddr4_phy/inst/u_ddr4_phy_pll/diff_input_clk.u_ibufg_sys_clk/I
    HPIOBDIFFINBUF_X0Y108
                         DIFFINBUF (Prop_DIFFINBUF_HPIOBDIFFINBUF_DIFF_IN_P_O)
                                                      0.453     0.532 r  core_inst/ddr_inst/u_ddr4/inst/u_ddr4_mem_intfc/u_mig_ddr4_phy/inst/u_ddr4_phy_pll/diff_input_clk.u_ibufg_sys_clk/DIFFINBUF_INST/O
                         net (fo=1, routed)           0.040     0.572    core_inst/ddr_inst/u_ddr4/inst/u_ddr4_mem_intfc/u_mig_ddr4_phy/inst/u_ddr4_phy_pll/diff_input_clk.u_ibufg_sys_clk/OUT
    G13                  IBUFCTRL (Prop_IBUFCTRL_HPIOB_M_I_O)
                                                      0.000     0.572 r  core_inst/ddr_inst/u_ddr4/inst/u_ddr4_mem_intfc/u_mig_ddr4_phy/inst/u_ddr4_phy_pll/diff_input_clk.u_ibufg_sys_clk/IBUFCTRL_INST/O
                         net (fo=2, routed)           0.333     0.905    core_inst/ddr_inst/u_ddr4/inst/u_ddr4_infrastructure/mmcm_clk_in
    MMCM_X0Y4            MMCME4_ADV (Prop_MMCM_CLKIN1_CLKOUT0)
                                                      0.630     1.535 r  core_inst/ddr_inst/u_ddr4/inst/u_ddr4_infrastructure/gen_mmcme4.u_mmcme_adv_inst/CLKOUT0
                         net (fo=1, routed)           0.215     1.750    core_inst/ddr_inst/u_ddr4/inst/u_ddr4_infrastructure/mmcm_clkout0
    BUFGCE_X0Y118        BUFGCE (Prop_BUFCE_BUFGCE_I_O)
                                                      0.024     1.774 r  core_inst/ddr_inst/u_ddr4/inst/u_ddr4_infrastructure/u_bufg_divClk/O
    X4Y4 (CLOCK_ROOT)    net (fo=25358, routed)       1.006     2.780    core_inst/ddr_inst/u_ddr4/inst/u_ddr4_mem_intfc/u_ddr_cal_top/dReg_reg[10]
    SLICE_X82Y291        FDRE                                         r  core_inst/ddr_inst/u_ddr4/inst/u_ddr4_mem_intfc/u_ddr_cal_top/mcal_ADR_dly_reg[0][4]/C
  -------------------------------------------------------------------    -------------------
    SLICE_X82Y291        FDRE (Prop_CFF_SLICEM_C_Q)
                                                      0.058     2.838 r  core_inst/ddr_inst/u_ddr4/inst/u_ddr4_mem_intfc/u_ddr_cal_top/mcal_ADR_dly_reg[0][4]/Q
                         net (fo=2, routed)           0.280     3.118    core_inst/ddr_inst/u_ddr4/inst/u_ddr4_mem_intfc/u_mig_ddr4_phy/inst/generate_block1.u_ddr_xiphy/byte_num[7].xiphy_byte_wrapper.u_xiphy_byte_wrapper/I_BITSLICE_LOWER[5].GEN_RXTX_BITSLICE_EN.u_xiphy_bitslice_lower/mcal_ADR[3]
    BITSLICE_RX_TX_X0Y252
                         RXTX_BITSLICE                                r  core_inst/ddr_inst/u_ddr4/inst/u_ddr4_mem_intfc/u_mig_ddr4_phy/inst/generate_block1.u_ddr_xiphy/byte_num[7].xiphy_byte_wrapper.u_xiphy_byte_wrapper/I_BITSLICE_LOWER[5].GEN_RXTX_BITSLICE_EN.u_xiphy_bitslice_lower/xiphy_rxtx_bitslice/D[3]
  -------------------------------------------------------------------    -------------------

                         (clock pll_clk[1]_DIV rise edge)
                                                      0.000     0.000 f  
    G13                                               0.000     0.000 f  c0_sys_clk_p (IN)
                         net (fo=0)                   0.100     0.100    core_inst/ddr_inst/u_ddr4/inst/u_ddr4_mem_intfc/u_mig_ddr4_phy/inst/u_ddr4_phy_pll/diff_input_clk.u_ibufg_sys_clk/I
    HPIOBDIFFINBUF_X0Y108
                         DIFFINBUF (Prop_DIFFINBUF_HPIOBDIFFINBUF_DIFF_IN_P_O)
                                                      0.549     0.649 f  core_inst/ddr_inst/u_ddr4/inst/u_ddr4_mem_intfc/u_mig_ddr4_phy/inst/u_ddr4_phy_pll/diff_input_clk.u_ibufg_sys_clk/DIFFINBUF_INST/O
                         net (fo=1, routed)           0.050     0.699    core_inst/ddr_inst/u_ddr4/inst/u_ddr4_mem_intfc/u_mig_ddr4_phy/inst/u_ddr4_phy_pll/diff_input_clk.u_ibufg_sys_clk/OUT
    G13                  IBUFCTRL (Prop_IBUFCTRL_HPIOB_M_I_O)
                                                      0.000     0.699 f  core_inst/ddr_inst/u_ddr4/inst/u_ddr4_mem_intfc/u_mig_ddr4_phy/inst/u_ddr4_phy_pll/diff_input_clk.u_ibufg_sys_clk/IBUFCTRL_INST/O
                         net (fo=2, routed)           0.384     1.083    core_inst/ddr_inst/u_ddr4/inst/u_ddr4_infrastructure/mmcm_clk_in
    MMCM_X0Y4            MMCME4_ADV (Prop_MMCM_CLKIN1_CLKOUT0)
                                                     -0.127     0.956 f  core_inst/ddr_inst/u_ddr4/inst/u_ddr4_infrastructure/gen_mmcme4.u_mmcme_adv_inst/CLKOUT0
                         net (fo=1, routed)           0.245     1.201    core_inst/ddr_inst/u_ddr4/inst/u_ddr4_infrastructure/mmcm_clkout0
    BUFGCE_X0Y118        BUFGCE (Prop_BUFCE_BUFGCE_I_O)
                                                      0.028     1.229 f  core_inst/ddr_inst/u_ddr4/inst/u_ddr4_infrastructure/u_bufg_divClk/O
                         net (fo=25358, routed)       0.986     2.215    core_inst/ddr_inst/u_ddr4/inst/u_ddr4_mem_intfc/u_mig_ddr4_phy/inst/u_ddr4_phy_pll/div_clk
    PLL_X0Y9             PLLE4_ADV (Prop_PLL_CLKIN_CLKOUTPHY)
                                                     -1.141     1.074 f  core_inst/ddr_inst/u_ddr4/inst/u_ddr4_mem_intfc/u_mig_ddr4_phy/inst/u_ddr4_phy_pll/plle_loop[1].gen_plle4.PLLE4_BASE_INST_OTHER/CLKOUTPHY
                         net (fo=8, routed)           0.140     1.214    core_inst/ddr_inst/u_ddr4/inst/u_ddr4_mem_intfc/u_mig_ddr4_phy/inst/generate_block1.u_ddr_xiphy/byte_num[7].xiphy_byte_wrapper.u_xiphy_byte_wrapper/I_CONTROL[0].GEN_I_CONTROL.u_xiphy_control/pll_clk[0]
    BITSLICE_CONTROL_X0Y38
                         BITSLICE_CONTROL (Prop_CONTROL_BITSLICE_CONTROL_PLL_CLK_TX_DIV2_CLK_Q)
                                                      0.177     1.391 r  core_inst/ddr_inst/u_ddr4/inst/u_ddr4_mem_intfc/u_mig_ddr4_phy/inst/generate_block1.u_ddr_xiphy/byte_num[7].xiphy_byte_wrapper.u_xiphy_byte_wrapper/I_CONTROL[0].GEN_I_CONTROL.u_xiphy_control/xiphy_control/TX_DIV2_CLK_Q
    BITSLICE_CONTROL_X0Y38
                         BITSLICE_CONTROL (Prop_CONTROL_BITSLICE_CONTROL_TX_DIV2_CLK_Q_TX_DIV4_CLK_Q)
                                                      0.109     1.500 r  core_inst/ddr_inst/u_ddr4/inst/u_ddr4_mem_intfc/u_mig_ddr4_phy/inst/generate_block1.u_ddr_xiphy/byte_num[7].xiphy_byte_wrapper.u_xiphy_byte_wrapper/I_CONTROL[0].GEN_I_CONTROL.u_xiphy_control/xiphy_control/TX_DIV4_CLK_Q
    BITSLICE_CONTROL_X0Y38
                         BITSLICE_CONTROL (Prop_CONTROL_BITSLICE_CONTROL_TX_DIV4_CLK_Q_TX_BIT_CTRL_OUT5[26])
                                                      0.192     1.692 r  core_inst/ddr_inst/u_ddr4/inst/u_ddr4_mem_intfc/u_mig_ddr4_phy/inst/generate_block1.u_ddr_xiphy/byte_num[7].xiphy_byte_wrapper.u_xiphy_byte_wrapper/I_CONTROL[0].GEN_I_CONTROL.u_xiphy_control/xiphy_control/TX_BIT_CTRL_OUT5[26]
                         net (fo=1, routed)           0.024     1.716    core_inst/ddr_inst/u_ddr4/inst/u_ddr4_mem_intfc/u_mig_ddr4_phy/inst/generate_block1.u_ddr_xiphy/byte_num[7].xiphy_byte_wrapper.u_xiphy_byte_wrapper/I_BITSLICE_LOWER[5].GEN_RXTX_BITSLICE_EN.u_xiphy_bitslice_lower/TX_BIT_CTRL_OUT5[26]
    BITSLICE_RX_TX_X0Y252
                         RXTX_BITSLICE                                r  core_inst/ddr_inst/u_ddr4/inst/u_ddr4_mem_intfc/u_mig_ddr4_phy/inst/generate_block1.u_ddr_xiphy/byte_num[7].xiphy_byte_wrapper.u_xiphy_byte_wrapper/I_BITSLICE_LOWER[5].GEN_RXTX_BITSLICE_EN.u_xiphy_bitslice_lower/xiphy_rxtx_bitslice/TX_BIT_CTRL_IN[26]
                         clock pessimism              0.479     2.195    
                         clock uncertainty            0.157     2.352    
    BITSLICE_RX_TX_X0Y252
                         RXTX_BITSLICE (Hold_RXTX_BITSLICE_BITSLICE_RX_TX_TX_BIT_CTRL_IN[26]_D[3])
                                                      0.073     2.425    core_inst/ddr_inst/u_ddr4/inst/u_ddr4_mem_intfc/u_mig_ddr4_phy/inst/generate_block1.u_ddr_xiphy/byte_num[7].xiphy_byte_wrapper.u_xiphy_byte_wrapper/I_BITSLICE_LOWER[5].GEN_RXTX_BITSLICE_EN.u_xiphy_bitslice_lower/xiphy_rxtx_bitslice
  -------------------------------------------------------------------
                         required time                         -2.425    
                         arrival time                           3.118    
  -------------------------------------------------------------------
                         slack                                  0.693    





---------------------------------------------------------------------------------------------------
From Clock:  mmcm_clkout0
  To Clock:  pll_clk[2]_DIV

Setup :            0  Failing Endpoints,  Worst Slack        0.748ns,  Total Violation        0.000ns
Hold  :            0  Failing Endpoints,  Worst Slack        0.637ns,  Total Violation        0.000ns
---------------------------------------------------------------------------------------------------


Max Delay Paths
--------------------------------------------------------------------------------------
Slack (MET) :             0.748ns  (required time - arrival time)
  Source:                 core_inst/ddr_inst/u_ddr4/inst/u_ddr4_mem_intfc/u_ddr_cal_top/u_ddr_mc_pi/u_ddr_mc_write/oe_low_reg[1]/C
                            (rising edge-triggered cell FDRE clocked by mmcm_clkout0  {rise@0.000ns fall@1.666ns period=3.332ns})
  Destination:            core_inst/ddr_inst/u_ddr4/inst/u_ddr4_mem_intfc/u_mig_ddr4_phy/inst/generate_block1.u_ddr_xiphy/byte_num[9].xiphy_byte_wrapper.u_xiphy_byte_wrapper/I_CONTROL[0].GEN_I_CONTROL.u_xiphy_control/xiphy_control/TBYTE_IN[1]
                            (rising edge-triggered cell BITSLICE_CONTROL clocked by pll_clk[2]_DIV  {rise@0.000ns fall@1.666ns period=3.332ns})
  Path Group:             pll_clk[2]_DIV
  Path Type:              Setup (Max at Slow Process Corner)
  Requirement:            3.332ns  (pll_clk[2]_DIV rise@3.332ns - mmcm_clkout0 rise@0.000ns)
  Data Path Delay:        1.617ns  (logic 0.078ns (4.825%)  route 1.539ns (95.175%))
  Logic Levels:           0  
  Clock Path Skew:        -0.666ns (DCD - SCD + CPR)
    Destination Clock Delay (DCD):    2.251ns = ( 5.583 - 3.332 ) 
    Source Clock Delay      (SCD):    2.388ns
    Clock Pessimism Removal (CPR):    -0.528ns
  Clock Uncertainty:      0.157ns  ((TSJ^2 + DJ^2)^1/2) / 2 + PE
    Total System Jitter     (TSJ):    0.071ns
    Discrete Jitter          (DJ):    0.064ns
    Phase Error              (PE):    0.109ns
  Clock Net Delay (Source):      1.159ns (routing 0.171ns, distribution 0.988ns)
  Clock Net Delay (Destination): 0.904ns (routing 0.155ns, distribution 0.749ns)

    Location             Delay type                Incr(ns)  Path(ns)    Netlist Resource(s)
  -------------------------------------------------------------------    -------------------
                         (clock mmcm_clkout0 rise edge)
                                                      0.000     0.000 r  
    G13                                               0.000     0.000 r  c0_sys_clk_p (IN)
                         net (fo=0)                   0.100     0.100    core_inst/ddr_inst/u_ddr4/inst/u_ddr4_mem_intfc/u_mig_ddr4_phy/inst/u_ddr4_phy_pll/diff_input_clk.u_ibufg_sys_clk/I
    HPIOBDIFFINBUF_X0Y108
                         DIFFINBUF (Prop_DIFFINBUF_HPIOBDIFFINBUF_DIFF_IN_P_O)
                                                      0.549     0.649 r  core_inst/ddr_inst/u_ddr4/inst/u_ddr4_mem_intfc/u_mig_ddr4_phy/inst/u_ddr4_phy_pll/diff_input_clk.u_ibufg_sys_clk/DIFFINBUF_INST/O
                         net (fo=1, routed)           0.050     0.699    core_inst/ddr_inst/u_ddr4/inst/u_ddr4_mem_intfc/u_mig_ddr4_phy/inst/u_ddr4_phy_pll/diff_input_clk.u_ibufg_sys_clk/OUT
    G13                  IBUFCTRL (Prop_IBUFCTRL_HPIOB_M_I_O)
                                                      0.000     0.699 r  core_inst/ddr_inst/u_ddr4/inst/u_ddr4_mem_intfc/u_mig_ddr4_phy/inst/u_ddr4_phy_pll/diff_input_clk.u_ibufg_sys_clk/IBUFCTRL_INST/O
                         net (fo=2, routed)           0.384     1.083    core_inst/ddr_inst/u_ddr4/inst/u_ddr4_infrastructure/mmcm_clk_in
    MMCM_X0Y4            MMCME4_ADV (Prop_MMCM_CLKIN1_CLKOUT0)
                                                     -0.127     0.956 r  core_inst/ddr_inst/u_ddr4/inst/u_ddr4_infrastructure/gen_mmcme4.u_mmcme_adv_inst/CLKOUT0
                         net (fo=1, routed)           0.245     1.201    core_inst/ddr_inst/u_ddr4/inst/u_ddr4_infrastructure/mmcm_clkout0
    BUFGCE_X0Y118        BUFGCE (Prop_BUFCE_BUFGCE_I_O)
                                                      0.028     1.229 r  core_inst/ddr_inst/u_ddr4/inst/u_ddr4_infrastructure/u_bufg_divClk/O
    X4Y4 (CLOCK_ROOT)    net (fo=25358, routed)       1.159     2.388    core_inst/ddr_inst/u_ddr4/inst/u_ddr4_mem_intfc/u_ddr_cal_top/u_ddr_mc_pi/u_ddr_mc_write/dReg_reg[10]
    SLICE_X82Y240        FDRE                                         r  core_inst/ddr_inst/u_ddr4/inst/u_ddr4_mem_intfc/u_ddr_cal_top/u_ddr_mc_pi/u_ddr_mc_write/oe_low_reg[1]/C
  -------------------------------------------------------------------    -------------------
    SLICE_X82Y240        FDRE (Prop_DFF_SLICEM_C_Q)
                                                      0.078     2.466 r  core_inst/ddr_inst/u_ddr4/inst/u_ddr4_mem_intfc/u_ddr_cal_top/u_ddr_mc_pi/u_ddr_mc_write/oe_low_reg[1]/Q
                         net (fo=8, routed)           1.539     4.005    core_inst/ddr_inst/u_ddr4/inst/u_ddr4_mem_intfc/u_mig_ddr4_phy/inst/generate_block1.u_ddr_xiphy/byte_num[9].xiphy_byte_wrapper.u_xiphy_byte_wrapper/I_CONTROL[0].GEN_I_CONTROL.u_xiphy_control/ch0_mcal_clb2phy_t_b_low[1]
    BITSLICE_CONTROL_X0Y42
                         BITSLICE_CONTROL                             r  core_inst/ddr_inst/u_ddr4/inst/u_ddr4_mem_intfc/u_mig_ddr4_phy/inst/generate_block1.u_ddr_xiphy/byte_num[9].xiphy_byte_wrapper.u_xiphy_byte_wrapper/I_CONTROL[0].GEN_I_CONTROL.u_xiphy_control/xiphy_control/TBYTE_IN[1]
  -------------------------------------------------------------------    -------------------

                         (clock pll_clk[2]_DIV rise edge)
                                                      3.332     3.332 r  
    G13                                               0.000     3.332 r  c0_sys_clk_p (IN)
                         net (fo=0)                   0.079     3.411    core_inst/ddr_inst/u_ddr4/inst/u_ddr4_mem_intfc/u_mig_ddr4_phy/inst/u_ddr4_phy_pll/diff_input_clk.u_ibufg_sys_clk/I
    HPIOBDIFFINBUF_X0Y108
                         DIFFINBUF (Prop_DIFFINBUF_HPIOBDIFFINBUF_DIFF_IN_P_O)
                                                      0.453     3.864 r  core_inst/ddr_inst/u_ddr4/inst/u_ddr4_mem_intfc/u_mig_ddr4_phy/inst/u_ddr4_phy_pll/diff_input_clk.u_ibufg_sys_clk/DIFFINBUF_INST/O
                         net (fo=1, routed)           0.040     3.904    core_inst/ddr_inst/u_ddr4/inst/u_ddr4_mem_intfc/u_mig_ddr4_phy/inst/u_ddr4_phy_pll/diff_input_clk.u_ibufg_sys_clk/OUT
    G13                  IBUFCTRL (Prop_IBUFCTRL_HPIOB_M_I_O)
                                                      0.000     3.904 r  core_inst/ddr_inst/u_ddr4/inst/u_ddr4_mem_intfc/u_mig_ddr4_phy/inst/u_ddr4_phy_pll/diff_input_clk.u_ibufg_sys_clk/IBUFCTRL_INST/O
                         net (fo=2, routed)           0.333     4.237    core_inst/ddr_inst/u_ddr4/inst/u_ddr4_infrastructure/mmcm_clk_in
    MMCM_X0Y4            MMCME4_ADV (Prop_MMCM_CLKIN1_CLKOUT0)
                                                      0.630     4.867 r  core_inst/ddr_inst/u_ddr4/inst/u_ddr4_infrastructure/gen_mmcme4.u_mmcme_adv_inst/CLKOUT0
                         net (fo=1, routed)           0.215     5.082    core_inst/ddr_inst/u_ddr4/inst/u_ddr4_infrastructure/mmcm_clkout0
    BUFGCE_X0Y118        BUFGCE (Prop_BUFCE_BUFGCE_I_O)
                                                      0.024     5.106 r  core_inst/ddr_inst/u_ddr4/inst/u_ddr4_infrastructure/u_bufg_divClk/O
    X4Y4 (CLOCK_ROOT)    net (fo=25358, routed)       0.904     6.010    core_inst/ddr_inst/u_ddr4/inst/u_ddr4_mem_intfc/u_mig_ddr4_phy/inst/u_ddr4_phy_pll/div_clk
    PLL_X0Y11            PLLE4_ADV (Prop_PLL_CLKIN_CLKOUTPHY)
                                                     -0.713     5.297 r  core_inst/ddr_inst/u_ddr4/inst/u_ddr4_mem_intfc/u_mig_ddr4_phy/inst/u_ddr4_phy_pll/plle_loop[2].gen_plle4.PLLE4_BASE_INST_OTHER/CLKOUTPHY
                         net (fo=8, routed)           0.094     5.391    core_inst/ddr_inst/u_ddr4/inst/u_ddr4_mem_intfc/u_mig_ddr4_phy/inst/generate_block1.u_ddr_xiphy/byte_num[9].xiphy_byte_wrapper.u_xiphy_byte_wrapper/I_CONTROL[0].GEN_I_CONTROL.u_xiphy_control/pll_clk[0]
    BITSLICE_CONTROL_X0Y42
                         BITSLICE_CONTROL (Prop_CONTROL_BITSLICE_CONTROL_PLL_CLK_TX_DIV2_CLK_Q)
                                                      0.117     5.508 r  core_inst/ddr_inst/u_ddr4/inst/u_ddr4_mem_intfc/u_mig_ddr4_phy/inst/generate_block1.u_ddr_xiphy/byte_num[9].xiphy_byte_wrapper.u_xiphy_byte_wrapper/I_CONTROL[0].GEN_I_CONTROL.u_xiphy_control/xiphy_control/TX_DIV2_CLK_Q
    BITSLICE_CONTROL_X0Y42
                         BITSLICE_CONTROL (Prop_CONTROL_BITSLICE_CONTROL_TX_DIV2_CLK_Q_TX_DIV4_CLK_Q)
                                                      0.075     5.583 r  core_inst/ddr_inst/u_ddr4/inst/u_ddr4_mem_intfc/u_mig_ddr4_phy/inst/generate_block1.u_ddr_xiphy/byte_num[9].xiphy_byte_wrapper.u_xiphy_byte_wrapper/I_CONTROL[0].GEN_I_CONTROL.u_xiphy_control/xiphy_control/TX_DIV4_CLK_Q
                         clock pessimism             -0.528     5.054    
                         clock uncertainty           -0.157     4.897    
    BITSLICE_CONTROL_X0Y42
                         BITSLICE_CONTROL (Setup_CONTROL_BITSLICE_CONTROL_TX_DIV4_CLK_Q_TBYTE_IN[1])
                                                     -0.144     4.753    core_inst/ddr_inst/u_ddr4/inst/u_ddr4_mem_intfc/u_mig_ddr4_phy/inst/generate_block1.u_ddr_xiphy/byte_num[9].xiphy_byte_wrapper.u_xiphy_byte_wrapper/I_CONTROL[0].GEN_I_CONTROL.u_xiphy_control/xiphy_control
  -------------------------------------------------------------------
                         required time                          4.753    
                         arrival time                          -4.005    
  -------------------------------------------------------------------
                         slack                                  0.748    





Min Delay Paths
--------------------------------------------------------------------------------------
Slack (MET) :             0.637ns  (arrival time - required time)
  Source:                 core_inst/ddr_inst/u_ddr4/inst/u_ddr4_mem_intfc/u_ddr_cal_top/u_ddr_mc_pi/u_ddr_mc_write/genByte[1].u_ddr_mc_wr_byte/u_ddr_mc_wr_dm/dReg_reg[0]/C
                            (rising edge-triggered cell FDRE clocked by mmcm_clkout0  {rise@0.000ns fall@1.666ns period=3.332ns})
  Destination:            core_inst/ddr_inst/u_ddr4/inst/u_ddr4_mem_intfc/u_mig_ddr4_phy/inst/generate_block1.u_ddr_xiphy/byte_num[8].xiphy_byte_wrapper.u_xiphy_byte_wrapper/I_BITSLICE_LOWER[0].GEN_RXTX_BITSLICE_EN.u_xiphy_bitslice_lower/xiphy_rxtx_bitslice/D[0]
                            (rising edge-triggered cell RXTX_BITSLICE clocked by pll_clk[2]_DIV  {rise@0.000ns fall@1.666ns period=3.332ns})
  Path Group:             pll_clk[2]_DIV
  Path Type:              Hold (Min at Slow Process Corner)
  Requirement:            0.000ns  (pll_clk[2]_DIV rise@0.000ns - mmcm_clkout0 rise@0.000ns)
  Data Path Delay:        0.358ns  (logic 0.060ns (16.760%)  route 0.298ns (83.240%))
  Logic Levels:           0  
  Clock Path Skew:        -0.512ns (DCD - SCD - CPR)
    Destination Clock Delay (DCD):    1.743ns
    Source Clock Delay      (SCD):    2.784ns
    Clock Pessimism Removal (CPR):    -0.528ns
  Clock Uncertainty:      0.157ns  ((TSJ^2 + DJ^2)^1/2) / 2 + PE
    Total System Jitter     (TSJ):    0.071ns
    Discrete Jitter          (DJ):    0.064ns
    Phase Error              (PE):    0.109ns
  Clock Net Delay (Source):      1.010ns (routing 0.155ns, distribution 0.855ns)

    Location             Delay type                Incr(ns)  Path(ns)    Netlist Resource(s)
  -------------------------------------------------------------------    -------------------
                         (clock mmcm_clkout0 rise edge)
                                                      0.000     0.000 r  
    G13                                               0.000     0.000 r  c0_sys_clk_p (IN)
                         net (fo=0)                   0.079     0.079    core_inst/ddr_inst/u_ddr4/inst/u_ddr4_mem_intfc/u_mig_ddr4_phy/inst/u_ddr4_phy_pll/diff_input_clk.u_ibufg_sys_clk/I
    HPIOBDIFFINBUF_X0Y108
                         DIFFINBUF (Prop_DIFFINBUF_HPIOBDIFFINBUF_DIFF_IN_P_O)
                                                      0.453     0.532 r  core_inst/ddr_inst/u_ddr4/inst/u_ddr4_mem_intfc/u_mig_ddr4_phy/inst/u_ddr4_phy_pll/diff_input_clk.u_ibufg_sys_clk/DIFFINBUF_INST/O
                         net (fo=1, routed)           0.040     0.572    core_inst/ddr_inst/u_ddr4/inst/u_ddr4_mem_intfc/u_mig_ddr4_phy/inst/u_ddr4_phy_pll/diff_input_clk.u_ibufg_sys_clk/OUT
    G13                  IBUFCTRL (Prop_IBUFCTRL_HPIOB_M_I_O)
                                                      0.000     0.572 r  core_inst/ddr_inst/u_ddr4/inst/u_ddr4_mem_intfc/u_mig_ddr4_phy/inst/u_ddr4_phy_pll/diff_input_clk.u_ibufg_sys_clk/IBUFCTRL_INST/O
                         net (fo=2, routed)           0.333     0.905    core_inst/ddr_inst/u_ddr4/inst/u_ddr4_infrastructure/mmcm_clk_in
    MMCM_X0Y4            MMCME4_ADV (Prop_MMCM_CLKIN1_CLKOUT0)
                                                      0.630     1.535 r  core_inst/ddr_inst/u_ddr4/inst/u_ddr4_infrastructure/gen_mmcme4.u_mmcme_adv_inst/CLKOUT0
                         net (fo=1, routed)           0.215     1.750    core_inst/ddr_inst/u_ddr4/inst/u_ddr4_infrastructure/mmcm_clkout0
    BUFGCE_X0Y118        BUFGCE (Prop_BUFCE_BUFGCE_I_O)
                                                      0.024     1.774 r  core_inst/ddr_inst/u_ddr4/inst/u_ddr4_infrastructure/u_bufg_divClk/O
    X4Y4 (CLOCK_ROOT)    net (fo=25358, routed)       1.010     2.784    core_inst/ddr_inst/u_ddr4/inst/u_ddr4_mem_intfc/u_ddr_cal_top/u_ddr_mc_pi/u_ddr_mc_write/genByte[1].u_ddr_mc_wr_byte/u_ddr_mc_wr_dm/dReg_reg[10]_0
    SLICE_X81Y298        FDRE                                         r  core_inst/ddr_inst/u_ddr4/inst/u_ddr4_mem_intfc/u_ddr_cal_top/u_ddr_mc_pi/u_ddr_mc_write/genByte[1].u_ddr_mc_wr_byte/u_ddr_mc_wr_dm/dReg_reg[0]/C
  -------------------------------------------------------------------    -------------------
    SLICE_X81Y298        FDRE (Prop_FFF2_SLICEL_C_Q)
                                                      0.060     2.844 r  core_inst/ddr_inst/u_ddr4/inst/u_ddr4_mem_intfc/u_ddr_cal_top/u_ddr_mc_pi/u_ddr_mc_write/genByte[1].u_ddr_mc_wr_byte/u_ddr_mc_wr_dm/dReg_reg[0]/Q
                         net (fo=1, routed)           0.298     3.142    core_inst/ddr_inst/u_ddr4/inst/u_ddr4_mem_intfc/u_mig_ddr4_phy/inst/generate_block1.u_ddr_xiphy/byte_num[8].xiphy_byte_wrapper.u_xiphy_byte_wrapper/I_BITSLICE_LOWER[0].GEN_RXTX_BITSLICE_EN.u_xiphy_bitslice_lower/clb2phy_wr_dq0[0]
    BITSLICE_RX_TX_X0Y260
                         RXTX_BITSLICE                                r  core_inst/ddr_inst/u_ddr4/inst/u_ddr4_mem_intfc/u_mig_ddr4_phy/inst/generate_block1.u_ddr_xiphy/byte_num[8].xiphy_byte_wrapper.u_xiphy_byte_wrapper/I_BITSLICE_LOWER[0].GEN_RXTX_BITSLICE_EN.u_xiphy_bitslice_lower/xiphy_rxtx_bitslice/D[0]
  -------------------------------------------------------------------    -------------------

                         (clock pll_clk[2]_DIV rise edge)
                                                      0.000     0.000 r  
    G13                                               0.000     0.000 r  c0_sys_clk_p (IN)
                         net (fo=0)                   0.100     0.100    core_inst/ddr_inst/u_ddr4/inst/u_ddr4_mem_intfc/u_mig_ddr4_phy/inst/u_ddr4_phy_pll/diff_input_clk.u_ibufg_sys_clk/I
    HPIOBDIFFINBUF_X0Y108
                         DIFFINBUF (Prop_DIFFINBUF_HPIOBDIFFINBUF_DIFF_IN_P_O)
                                                      0.549     0.649 r  core_inst/ddr_inst/u_ddr4/inst/u_ddr4_mem_intfc/u_mig_ddr4_phy/inst/u_ddr4_phy_pll/diff_input_clk.u_ibufg_sys_clk/DIFFINBUF_INST/O
                         net (fo=1, routed)           0.050     0.699    core_inst/ddr_inst/u_ddr4/inst/u_ddr4_mem_intfc/u_mig_ddr4_phy/inst/u_ddr4_phy_pll/diff_input_clk.u_ibufg_sys_clk/OUT
    G13                  IBUFCTRL (Prop_IBUFCTRL_HPIOB_M_I_O)
                                                      0.000     0.699 r  core_inst/ddr_inst/u_ddr4/inst/u_ddr4_mem_intfc/u_mig_ddr4_phy/inst/u_ddr4_phy_pll/diff_input_clk.u_ibufg_sys_clk/IBUFCTRL_INST/O
                         net (fo=2, routed)           0.384     1.083    core_inst/ddr_inst/u_ddr4/inst/u_ddr4_infrastructure/mmcm_clk_in
    MMCM_X0Y4            MMCME4_ADV (Prop_MMCM_CLKIN1_CLKOUT0)
                                                     -0.127     0.956 r  core_inst/ddr_inst/u_ddr4/inst/u_ddr4_infrastructure/gen_mmcme4.u_mmcme_adv_inst/CLKOUT0
                         net (fo=1, routed)           0.245     1.201    core_inst/ddr_inst/u_ddr4/inst/u_ddr4_infrastructure/mmcm_clkout0
    BUFGCE_X0Y118        BUFGCE (Prop_BUFCE_BUFGCE_I_O)
                                                      0.028     1.229 r  core_inst/ddr_inst/u_ddr4/inst/u_ddr4_infrastructure/u_bufg_divClk/O
                         net (fo=25358, routed)       1.025     2.254    core_inst/ddr_inst/u_ddr4/inst/u_ddr4_mem_intfc/u_mig_ddr4_phy/inst/u_ddr4_phy_pll/div_clk
    PLL_X0Y11            PLLE4_ADV (Prop_PLL_CLKIN_CLKOUTPHY)
                                                     -1.141     1.113 r  core_inst/ddr_inst/u_ddr4/inst/u_ddr4_mem_intfc/u_mig_ddr4_phy/inst/u_ddr4_phy_pll/plle_loop[2].gen_plle4.PLLE4_BASE_INST_OTHER/CLKOUTPHY
                         net (fo=8, routed)           0.139     1.252    core_inst/ddr_inst/u_ddr4/inst/u_ddr4_mem_intfc/u_mig_ddr4_phy/inst/generate_block1.u_ddr_xiphy/byte_num[8].xiphy_byte_wrapper.u_xiphy_byte_wrapper/I_CONTROL[0].GEN_I_CONTROL.u_xiphy_control/pll_clk[0]
    BITSLICE_CONTROL_X0Y40
                         BITSLICE_CONTROL (Prop_CONTROL_BITSLICE_CONTROL_PLL_CLK_TX_DIV2_CLK_Q)
                                                      0.177     1.429 r  core_inst/ddr_inst/u_ddr4/inst/u_ddr4_mem_intfc/u_mig_ddr4_phy/inst/generate_block1.u_ddr_xiphy/byte_num[8].xiphy_byte_wrapper.u_xiphy_byte_wrapper/I_CONTROL[0].GEN_I_CONTROL.u_xiphy_control/xiphy_control/TX_DIV2_CLK_Q
    BITSLICE_CONTROL_X0Y40
                         BITSLICE_CONTROL (Prop_CONTROL_BITSLICE_CONTROL_TX_DIV2_CLK_Q_TX_DIV4_CLK_Q)
                                                      0.109     1.538 r  core_inst/ddr_inst/u_ddr4/inst/u_ddr4_mem_intfc/u_mig_ddr4_phy/inst/generate_block1.u_ddr_xiphy/byte_num[8].xiphy_byte_wrapper.u_xiphy_byte_wrapper/I_CONTROL[0].GEN_I_CONTROL.u_xiphy_control/xiphy_control/TX_DIV4_CLK_Q
    BITSLICE_CONTROL_X0Y40
                         BITSLICE_CONTROL (Prop_CONTROL_BITSLICE_CONTROL_TX_DIV4_CLK_Q_TX_BIT_CTRL_OUT0[26])
                                                      0.162     1.700 r  core_inst/ddr_inst/u_ddr4/inst/u_ddr4_mem_intfc/u_mig_ddr4_phy/inst/generate_block1.u_ddr_xiphy/byte_num[8].xiphy_byte_wrapper.u_xiphy_byte_wrapper/I_CONTROL[0].GEN_I_CONTROL.u_xiphy_control/xiphy_control/TX_BIT_CTRL_OUT0[26]
                         net (fo=1, routed)           0.043     1.743    core_inst/ddr_inst/u_ddr4/inst/u_ddr4_mem_intfc/u_mig_ddr4_phy/inst/generate_block1.u_ddr_xiphy/byte_num[8].xiphy_byte_wrapper.u_xiphy_byte_wrapper/I_BITSLICE_LOWER[0].GEN_RXTX_BITSLICE_EN.u_xiphy_bitslice_lower/TX_BIT_CTRL_OUT0[26]
    BITSLICE_RX_TX_X0Y260
                         RXTX_BITSLICE                                r  core_inst/ddr_inst/u_ddr4/inst/u_ddr4_mem_intfc/u_mig_ddr4_phy/inst/generate_block1.u_ddr_xiphy/byte_num[8].xiphy_byte_wrapper.u_xiphy_byte_wrapper/I_BITSLICE_LOWER[0].GEN_RXTX_BITSLICE_EN.u_xiphy_bitslice_lower/xiphy_rxtx_bitslice/TX_BIT_CTRL_IN[26]
                         clock pessimism              0.528     2.272    
                         clock uncertainty            0.157     2.429    
    BITSLICE_RX_TX_X0Y260
                         RXTX_BITSLICE (Hold_RXTX_BITSLICE_BITSLICE_RX_TX_TX_BIT_CTRL_IN[26]_D[0])
                                                      0.076     2.505    core_inst/ddr_inst/u_ddr4/inst/u_ddr4_mem_intfc/u_mig_ddr4_phy/inst/generate_block1.u_ddr_xiphy/byte_num[8].xiphy_byte_wrapper.u_xiphy_byte_wrapper/I_BITSLICE_LOWER[0].GEN_RXTX_BITSLICE_EN.u_xiphy_bitslice_lower/xiphy_rxtx_bitslice
  -------------------------------------------------------------------
                         required time                         -2.505    
                         arrival time                           3.142    
  -------------------------------------------------------------------
                         slack                                  0.637    





---------------------------------------------------------------------------------------------------
From Clock:  mmcm_clkout0
  To Clock:  mmcm_clkout5

Setup :            0  Failing Endpoints,  Worst Slack       10.775ns,  Total Violation        0.000ns
Hold  :           NA  Failing Endpoints,  Worst Slack           NA  ,  Total Violation           NA
---------------------------------------------------------------------------------------------------


Max Delay Paths
--------------------------------------------------------------------------------------
Slack (MET) :             10.775ns  (required time - arrival time)
  Source:                 core_inst/ddr_inst/u_ddr4/inst/u_ddr4_mem_intfc/u_ddr_cal_top/u_ddr_cal/u_xsdb_arbiter/slave_do_fclk_reg[3]/C
                            (rising edge-triggered cell FDRE clocked by mmcm_clkout0  {rise@0.000ns fall@1.666ns period=3.332ns})
  Destination:            core_inst/ddr_inst/u_ddr4/inst/u_ddr4_mem_intfc/u_ddr_cal_top/u_ddr_cal/u_xsdb_arbiter/u_slave_do_sync/SYNC[3].sync_reg_reg[0]/D
                            (rising edge-triggered cell FDRE clocked by mmcm_clkout5  {rise@0.000ns fall@6.664ns period=13.328ns})
  Path Group:             mmcm_clkout5
  Path Type:              Setup (Max at Slow Process Corner)
  Requirement:            12.000ns  (MaxDelay Path 12.000ns)
  Data Path Delay:        1.250ns  (logic 0.081ns (6.480%)  route 1.169ns (93.520%))
  Logic Levels:           0  
  Timing Exception:       MaxDelay Path 12.000ns -datapath_only

    Location             Delay type                Incr(ns)  Path(ns)    Netlist Resource(s)
  -------------------------------------------------------------------    -------------------
    SLICE_X81Y188                                     0.000     0.000 r  core_inst/ddr_inst/u_ddr4/inst/u_ddr4_mem_intfc/u_ddr_cal_top/u_ddr_cal/u_xsdb_arbiter/slave_do_fclk_reg[3]/C
    SLICE_X81Y188        FDRE (Prop_FFF2_SLICEL_C_Q)
                                                      0.081     0.081 r  core_inst/ddr_inst/u_ddr4/inst/u_ddr4_mem_intfc/u_ddr_cal_top/u_ddr_cal/u_xsdb_arbiter/slave_do_fclk_reg[3]/Q
                         net (fo=1, routed)           1.169     1.250    core_inst/ddr_inst/u_ddr4/inst/u_ddr4_mem_intfc/u_ddr_cal_top/u_ddr_cal/u_xsdb_arbiter/u_slave_do_sync/out[3]
    SLICE_X82Y188        FDRE                                         r  core_inst/ddr_inst/u_ddr4/inst/u_ddr4_mem_intfc/u_ddr_cal_top/u_ddr_cal/u_xsdb_arbiter/u_slave_do_sync/SYNC[3].sync_reg_reg[0]/D
  -------------------------------------------------------------------    -------------------

                         max delay                   12.000    12.000    
    SLICE_X82Y188        FDRE (Setup_CFF2_SLICEM_C_D)
                                                      0.025    12.025    core_inst/ddr_inst/u_ddr4/inst/u_ddr4_mem_intfc/u_ddr_cal_top/u_ddr_cal/u_xsdb_arbiter/u_slave_do_sync/SYNC[3].sync_reg_reg[0]
  -------------------------------------------------------------------
                         required time                         12.025    
                         arrival time                          -1.250    
  -------------------------------------------------------------------
                         slack                                 10.775    





---------------------------------------------------------------------------------------------------
From Clock:  dbg_hub/inst/BSCANID.u_xsdbm_id/SWITCH_N_EXT_BSCAN.bscan_inst/SERIES7_BSCAN.bscan_inst/INTERNAL_TCK
  To Clock:  mmcm_clkout5

Setup :            0  Failing Endpoints,  Worst Slack       49.604ns,  Total Violation        0.000ns
Hold  :           NA  Failing Endpoints,  Worst Slack           NA  ,  Total Violation           NA
---------------------------------------------------------------------------------------------------


Max Delay Paths
--------------------------------------------------------------------------------------
Slack (MET) :             49.604ns  (required time - arrival time)
  Source:                 dbg_hub/inst/BSCANID.u_xsdbm_id/CORE_XSDB.UUT_MASTER/U_ICON_INTERFACE/U_CMD6_RD/U_RD_FIFO/SUBCORE_FIFO.xsdbm_v3_0_0_rdfifo_inst/inst_fifo_gen/gconvfifo.rf/grf.rf/gntv_or_sync_fifo.gcx.clkx/gnxpm_cdc.rd_pntr_gc_reg[3]/C
                            (rising edge-triggered cell FDCE clocked by dbg_hub/inst/BSCANID.u_xsdbm_id/SWITCH_N_EXT_BSCAN.bscan_inst/SERIES7_BSCAN.bscan_inst/INTERNAL_TCK  {rise@0.000ns fall@25.000ns period=50.000ns})
  Destination:            dbg_hub/inst/BSCANID.u_xsdbm_id/CORE_XSDB.UUT_MASTER/U_ICON_INTERFACE/U_CMD6_RD/U_RD_FIFO/SUBCORE_FIFO.xsdbm_v3_0_0_rdfifo_inst/inst_fifo_gen/gconvfifo.rf/grf.rf/gntv_or_sync_fifo.gcx.clkx/gnxpm_cdc.gsync_stage[1].wr_stg_inst/Q_reg_reg[3]/D
                            (rising edge-triggered cell FDCE clocked by mmcm_clkout5  {rise@0.000ns fall@6.664ns period=13.328ns})
  Path Group:             mmcm_clkout5
  Path Type:              Setup (Max at Slow Process Corner)
  Requirement:            50.000ns  (MaxDelay Path 50.000ns)
  Data Path Delay:        0.421ns  (logic 0.076ns (18.052%)  route 0.345ns (81.948%))
  Logic Levels:           0  
  Timing Exception:       MaxDelay Path 50.000ns -datapath_only

    Location             Delay type                Incr(ns)  Path(ns)    Netlist Resource(s)
  -------------------------------------------------------------------    -------------------
    SLICE_X75Y186                                     0.000     0.000 r  dbg_hub/inst/BSCANID.u_xsdbm_id/CORE_XSDB.UUT_MASTER/U_ICON_INTERFACE/U_CMD6_RD/U_RD_FIFO/SUBCORE_FIFO.xsdbm_v3_0_0_rdfifo_inst/inst_fifo_gen/gconvfifo.rf/grf.rf/gntv_or_sync_fifo.gcx.clkx/gnxpm_cdc.rd_pntr_gc_reg[3]/C
    SLICE_X75Y186        FDCE (Prop_EFF_SLICEM_C_Q)
                                                      0.076     0.076 r  dbg_hub/inst/BSCANID.u_xsdbm_id/CORE_XSDB.UUT_MASTER/U_ICON_INTERFACE/U_CMD6_RD/U_RD_FIFO/SUBCORE_FIFO.xsdbm_v3_0_0_rdfifo_inst/inst_fifo_gen/gconvfifo.rf/grf.rf/gntv_or_sync_fifo.gcx.clkx/gnxpm_cdc.rd_pntr_gc_reg[3]/Q
                         net (fo=1, routed)           0.345     0.421    dbg_hub/inst/BSCANID.u_xsdbm_id/CORE_XSDB.UUT_MASTER/U_ICON_INTERFACE/U_CMD6_RD/U_RD_FIFO/SUBCORE_FIFO.xsdbm_v3_0_0_rdfifo_inst/inst_fifo_gen/gconvfifo.rf/grf.rf/gntv_or_sync_fifo.gcx.clkx/gnxpm_cdc.gsync_stage[1].wr_stg_inst/Q[3]
    SLICE_X75Y186        FDCE                                         r  dbg_hub/inst/BSCANID.u_xsdbm_id/CORE_XSDB.UUT_MASTER/U_ICON_INTERFACE/U_CMD6_RD/U_RD_FIFO/SUBCORE_FIFO.xsdbm_v3_0_0_rdfifo_inst/inst_fifo_gen/gconvfifo.rf/grf.rf/gntv_or_sync_fifo.gcx.clkx/gnxpm_cdc.gsync_stage[1].wr_stg_inst/Q_reg_reg[3]/D
  -------------------------------------------------------------------    -------------------

                         max delay                   50.000    50.000    
    SLICE_X75Y186        FDCE (Setup_CFF2_SLICEM_C_D)
                                                      0.025    50.025    dbg_hub/inst/BSCANID.u_xsdbm_id/CORE_XSDB.UUT_MASTER/U_ICON_INTERFACE/U_CMD6_RD/U_RD_FIFO/SUBCORE_FIFO.xsdbm_v3_0_0_rdfifo_inst/inst_fifo_gen/gconvfifo.rf/grf.rf/gntv_or_sync_fifo.gcx.clkx/gnxpm_cdc.gsync_stage[1].wr_stg_inst/Q_reg_reg[3]
  -------------------------------------------------------------------
                         required time                         50.025    
                         arrival time                          -0.421    
  -------------------------------------------------------------------
                         slack                                 49.604    





---------------------------------------------------------------------------------------------------
From Clock:  mmcm_clkout0
  To Clock:  mmcm_clkout6

Setup :            0  Failing Endpoints,  Worst Slack        1.899ns,  Total Violation        0.000ns
Hold  :            0  Failing Endpoints,  Worst Slack        0.183ns,  Total Violation        0.000ns
---------------------------------------------------------------------------------------------------


Max Delay Paths
--------------------------------------------------------------------------------------
Slack (MET) :             1.899ns  (required time - arrival time)
  Source:                 core_inst/ddr_inst/u_ddr4/inst/u_ddr4_mem_intfc/u_ddr_cal_top/sample_gts_reg/C
                            (rising edge-triggered cell FDRE clocked by mmcm_clkout0  {rise@0.000ns fall@1.666ns period=3.332ns})
  Destination:            core_inst/ddr_inst/u_ddr4/inst/u_ddr4_mem_intfc/u_ddr_cal_riu/sample_gts_riu_reg/D
                            (rising edge-triggered cell FDRE clocked by mmcm_clkout6  {rise@0.000ns fall@3.332ns period=6.664ns})
  Path Group:             mmcm_clkout6
  Path Type:              Setup (Max at Slow Process Corner)
  Requirement:            3.332ns  (mmcm_clkout6 rise@6.664ns - mmcm_clkout0 rise@3.332ns)
  Data Path Delay:        1.087ns  (logic 0.078ns (7.176%)  route 1.009ns (92.824%))
  Logic Levels:           0  
  Clock Path Skew:        -0.195ns (DCD - SCD + CPR)
    Destination Clock Delay (DCD):    2.820ns = ( 9.484 - 6.664 ) 
    Source Clock Delay      (SCD):    2.436ns = ( 5.768 - 3.332 ) 
    Clock Pessimism Removal (CPR):    -0.578ns
  Clock Uncertainty:      0.176ns  ((TSJ^2 + DJ^2)^1/2) / 2 + PE
    Total System Jitter     (TSJ):    0.071ns
    Discrete Jitter          (DJ):    0.088ns
    Phase Error              (PE):    0.120ns
  Clock Net Delay (Source):      1.207ns (routing 0.171ns, distribution 1.036ns)
  Clock Net Delay (Destination): 1.035ns (routing 0.155ns, distribution 0.880ns)

    Location             Delay type                Incr(ns)  Path(ns)    Netlist Resource(s)
  -------------------------------------------------------------------    -------------------
                         (clock mmcm_clkout0 rise edge)
                                                      3.332     3.332 r  
    G13                                               0.000     3.332 r  c0_sys_clk_p (IN)
                         net (fo=0)                   0.100     3.432    core_inst/ddr_inst/u_ddr4/inst/u_ddr4_mem_intfc/u_mig_ddr4_phy/inst/u_ddr4_phy_pll/diff_input_clk.u_ibufg_sys_clk/I
    HPIOBDIFFINBUF_X0Y108
                         DIFFINBUF (Prop_DIFFINBUF_HPIOBDIFFINBUF_DIFF_IN_P_O)
                                                      0.549     3.981 r  core_inst/ddr_inst/u_ddr4/inst/u_ddr4_mem_intfc/u_mig_ddr4_phy/inst/u_ddr4_phy_pll/diff_input_clk.u_ibufg_sys_clk/DIFFINBUF_INST/O
                         net (fo=1, routed)           0.050     4.031    core_inst/ddr_inst/u_ddr4/inst/u_ddr4_mem_intfc/u_mig_ddr4_phy/inst/u_ddr4_phy_pll/diff_input_clk.u_ibufg_sys_clk/OUT
    G13                  IBUFCTRL (Prop_IBUFCTRL_HPIOB_M_I_O)
                                                      0.000     4.031 r  core_inst/ddr_inst/u_ddr4/inst/u_ddr4_mem_intfc/u_mig_ddr4_phy/inst/u_ddr4_phy_pll/diff_input_clk.u_ibufg_sys_clk/IBUFCTRL_INST/O
                         net (fo=2, routed)           0.384     4.415    core_inst/ddr_inst/u_ddr4/inst/u_ddr4_infrastructure/mmcm_clk_in
    MMCM_X0Y4            MMCME4_ADV (Prop_MMCM_CLKIN1_CLKOUT0)
                                                     -0.127     4.288 r  core_inst/ddr_inst/u_ddr4/inst/u_ddr4_infrastructure/gen_mmcme4.u_mmcme_adv_inst/CLKOUT0
                         net (fo=1, routed)           0.245     4.533    core_inst/ddr_inst/u_ddr4/inst/u_ddr4_infrastructure/mmcm_clkout0
    BUFGCE_X0Y118        BUFGCE (Prop_BUFCE_BUFGCE_I_O)
                                                      0.028     4.561 r  core_inst/ddr_inst/u_ddr4/inst/u_ddr4_infrastructure/u_bufg_divClk/O
    X4Y4 (CLOCK_ROOT)    net (fo=25358, routed)       1.207     5.768    core_inst/ddr_inst/u_ddr4/inst/u_ddr4_mem_intfc/u_ddr_cal_top/dReg_reg[10]
    SLICE_X90Y264        FDRE                                         r  core_inst/ddr_inst/u_ddr4/inst/u_ddr4_mem_intfc/u_ddr_cal_top/sample_gts_reg/C
  -------------------------------------------------------------------    -------------------
    SLICE_X90Y264        FDRE (Prop_DFF_SLICEM_C_Q)
                                                      0.078     5.846 r  core_inst/ddr_inst/u_ddr4/inst/u_ddr4_mem_intfc/u_ddr_cal_top/sample_gts_reg/Q
                         net (fo=1, routed)           1.009     6.855    core_inst/ddr_inst/u_ddr4/inst/u_ddr4_mem_intfc/u_ddr_cal_riu/sample_gts
    SLICE_X90Y262        FDRE                                         r  core_inst/ddr_inst/u_ddr4/inst/u_ddr4_mem_intfc/u_ddr_cal_riu/sample_gts_riu_reg/D
  -------------------------------------------------------------------    -------------------

                         (clock mmcm_clkout6 rise edge)
                                                      6.664     6.664 r  
    G13                                               0.000     6.664 r  c0_sys_clk_p (IN)
                         net (fo=0)                   0.079     6.743    core_inst/ddr_inst/u_ddr4/inst/u_ddr4_mem_intfc/u_mig_ddr4_phy/inst/u_ddr4_phy_pll/diff_input_clk.u_ibufg_sys_clk/I
    HPIOBDIFFINBUF_X0Y108
                         DIFFINBUF (Prop_DIFFINBUF_HPIOBDIFFINBUF_DIFF_IN_P_O)
                                                      0.453     7.196 r  core_inst/ddr_inst/u_ddr4/inst/u_ddr4_mem_intfc/u_mig_ddr4_phy/inst/u_ddr4_phy_pll/diff_input_clk.u_ibufg_sys_clk/DIFFINBUF_INST/O
                         net (fo=1, routed)           0.040     7.236    core_inst/ddr_inst/u_ddr4/inst/u_ddr4_mem_intfc/u_mig_ddr4_phy/inst/u_ddr4_phy_pll/diff_input_clk.u_ibufg_sys_clk/OUT
    G13                  IBUFCTRL (Prop_IBUFCTRL_HPIOB_M_I_O)
                                                      0.000     7.236 r  core_inst/ddr_inst/u_ddr4/inst/u_ddr4_mem_intfc/u_mig_ddr4_phy/inst/u_ddr4_phy_pll/diff_input_clk.u_ibufg_sys_clk/IBUFCTRL_INST/O
                         net (fo=2, routed)           0.333     7.569    core_inst/ddr_inst/u_ddr4/inst/u_ddr4_infrastructure/mmcm_clk_in
    MMCM_X0Y4            MMCME4_ADV (Prop_MMCM_CLKIN1_CLKOUT6)
                                                      0.630     8.199 r  core_inst/ddr_inst/u_ddr4/inst/u_ddr4_infrastructure/gen_mmcme4.u_mmcme_adv_inst/CLKOUT6
                         net (fo=1, routed)           0.226     8.425    core_inst/ddr_inst/u_ddr4/inst/u_ddr4_infrastructure/mmcm_clkout6
    BUFGCE_X0Y116        BUFGCE (Prop_BUFCE_BUFGCE_I_O)
                                                      0.024     8.449 r  core_inst/ddr_inst/u_ddr4/inst/u_ddr4_infrastructure/u_bufg_riuClk/O
    X4Y4 (CLOCK_ROOT)    net (fo=1761, routed)        1.035     9.484    core_inst/ddr_inst/u_ddr4/inst/u_ddr4_mem_intfc/u_ddr_cal_riu/CLK
    SLICE_X90Y262        FDRE                                         r  core_inst/ddr_inst/u_ddr4/inst/u_ddr4_mem_intfc/u_ddr_cal_riu/sample_gts_riu_reg/C
                         clock pessimism             -0.578     8.905    
                         clock uncertainty           -0.176     8.729    
    SLICE_X90Y262        FDRE (Setup_FFF_SLICEM_C_D)
                                                      0.025     8.754    core_inst/ddr_inst/u_ddr4/inst/u_ddr4_mem_intfc/u_ddr_cal_riu/sample_gts_riu_reg
  -------------------------------------------------------------------
                         required time                          8.754    
                         arrival time                          -6.855    
  -------------------------------------------------------------------
                         slack                                  1.899    





Min Delay Paths
--------------------------------------------------------------------------------------
Slack (MET) :             0.183ns  (arrival time - required time)
  Source:                 core_inst/ddr_inst/u_ddr4/inst/u_ddr4_mem_intfc/u_ddr_cal_top/sample_gts_reg/C
                            (rising edge-triggered cell FDRE clocked by mmcm_clkout0  {rise@0.000ns fall@1.666ns period=3.332ns})
  Destination:            core_inst/ddr_inst/u_ddr4/inst/u_ddr4_mem_intfc/u_ddr_cal_riu/sample_gts_riu_reg/D
                            (rising edge-triggered cell FDRE clocked by mmcm_clkout6  {rise@0.000ns fall@3.332ns period=6.664ns})
  Path Group:             mmcm_clkout6
  Path Type:              Hold (Min at Fast Process Corner)
  Requirement:            0.000ns  (mmcm_clkout6 rise@0.000ns - mmcm_clkout0 rise@0.000ns)
  Data Path Delay:        0.528ns  (logic 0.039ns (7.386%)  route 0.489ns (92.614%))
  Logic Levels:           0  
  Clock Path Skew:        0.122ns (DCD - SCD - CPR)
    Destination Clock Delay (DCD):    1.445ns
    Source Clock Delay      (SCD):    1.692ns
    Clock Pessimism Removal (CPR):    -0.369ns
  Clock Uncertainty:      0.176ns  ((TSJ^2 + DJ^2)^1/2) / 2 + PE
    Total System Jitter     (TSJ):    0.071ns
    Discrete Jitter          (DJ):    0.088ns
    Phase Error              (PE):    0.120ns
  Clock Net Delay (Source):      0.677ns (routing 0.096ns, distribution 0.581ns)
  Clock Net Delay (Destination): 0.767ns (routing 0.108ns, distribution 0.659ns)

    Location             Delay type                Incr(ns)  Path(ns)    Netlist Resource(s)
  -------------------------------------------------------------------    -------------------
                         (clock mmcm_clkout0 rise edge)
                                                      0.000     0.000 r  
    G13                                               0.000     0.000 r  c0_sys_clk_p (IN)
                         net (fo=0)                   0.079     0.079    core_inst/ddr_inst/u_ddr4/inst/u_ddr4_mem_intfc/u_mig_ddr4_phy/inst/u_ddr4_phy_pll/diff_input_clk.u_ibufg_sys_clk/I
    HPIOBDIFFINBUF_X0Y108
                         DIFFINBUF (Prop_DIFFINBUF_HPIOBDIFFINBUF_DIFF_IN_P_O)
                                                      0.308     0.387 r  core_inst/ddr_inst/u_ddr4/inst/u_ddr4_mem_intfc/u_mig_ddr4_phy/inst/u_ddr4_phy_pll/diff_input_clk.u_ibufg_sys_clk/DIFFINBUF_INST/O
                         net (fo=1, routed)           0.040     0.427    core_inst/ddr_inst/u_ddr4/inst/u_ddr4_mem_intfc/u_mig_ddr4_phy/inst/u_ddr4_phy_pll/diff_input_clk.u_ibufg_sys_clk/OUT
    G13                  IBUFCTRL (Prop_IBUFCTRL_HPIOB_M_I_O)
                                                      0.000     0.427 r  core_inst/ddr_inst/u_ddr4/inst/u_ddr4_mem_intfc/u_mig_ddr4_phy/inst/u_ddr4_phy_pll/diff_input_clk.u_ibufg_sys_clk/IBUFCTRL_INST/O
                         net (fo=2, routed)           0.196     0.623    core_inst/ddr_inst/u_ddr4/inst/u_ddr4_infrastructure/mmcm_clk_in
    MMCM_X0Y4            MMCME4_ADV (Prop_MMCM_CLKIN1_CLKOUT0)
                                                      0.230     0.853 r  core_inst/ddr_inst/u_ddr4/inst/u_ddr4_infrastructure/gen_mmcme4.u_mmcme_adv_inst/CLKOUT0
                         net (fo=1, routed)           0.146     0.999    core_inst/ddr_inst/u_ddr4/inst/u_ddr4_infrastructure/mmcm_clkout0
    BUFGCE_X0Y118        BUFGCE (Prop_BUFCE_BUFGCE_I_O)
                                                      0.017     1.016 r  core_inst/ddr_inst/u_ddr4/inst/u_ddr4_infrastructure/u_bufg_divClk/O
    X4Y4 (CLOCK_ROOT)    net (fo=25358, routed)       0.677     1.692    core_inst/ddr_inst/u_ddr4/inst/u_ddr4_mem_intfc/u_ddr_cal_top/dReg_reg[10]
    SLICE_X90Y264        FDRE                                         r  core_inst/ddr_inst/u_ddr4/inst/u_ddr4_mem_intfc/u_ddr_cal_top/sample_gts_reg/C
  -------------------------------------------------------------------    -------------------
    SLICE_X90Y264        FDRE (Prop_DFF_SLICEM_C_Q)
                                                      0.039     1.731 r  core_inst/ddr_inst/u_ddr4/inst/u_ddr4_mem_intfc/u_ddr_cal_top/sample_gts_reg/Q
                         net (fo=1, routed)           0.489     2.220    core_inst/ddr_inst/u_ddr4/inst/u_ddr4_mem_intfc/u_ddr_cal_riu/sample_gts
    SLICE_X90Y262        FDRE                                         r  core_inst/ddr_inst/u_ddr4/inst/u_ddr4_mem_intfc/u_ddr_cal_riu/sample_gts_riu_reg/D
  -------------------------------------------------------------------    -------------------

                         (clock mmcm_clkout6 rise edge)
                                                      0.000     0.000 r  
    G13                                               0.000     0.000 r  c0_sys_clk_p (IN)
                         net (fo=0)                   0.100     0.100    core_inst/ddr_inst/u_ddr4/inst/u_ddr4_mem_intfc/u_mig_ddr4_phy/inst/u_ddr4_phy_pll/diff_input_clk.u_ibufg_sys_clk/I
    HPIOBDIFFINBUF_X0Y108
                         DIFFINBUF (Prop_DIFFINBUF_HPIOBDIFFINBUF_DIFF_IN_P_O)
                                                      0.406     0.506 r  core_inst/ddr_inst/u_ddr4/inst/u_ddr4_mem_intfc/u_mig_ddr4_phy/inst/u_ddr4_phy_pll/diff_input_clk.u_ibufg_sys_clk/DIFFINBUF_INST/O
                         net (fo=1, routed)           0.050     0.556    core_inst/ddr_inst/u_ddr4/inst/u_ddr4_mem_intfc/u_mig_ddr4_phy/inst/u_ddr4_phy_pll/diff_input_clk.u_ibufg_sys_clk/OUT
    G13                  IBUFCTRL (Prop_IBUFCTRL_HPIOB_M_I_O)
                                                      0.000     0.556 r  core_inst/ddr_inst/u_ddr4/inst/u_ddr4_mem_intfc/u_mig_ddr4_phy/inst/u_ddr4_phy_pll/diff_input_clk.u_ibufg_sys_clk/IBUFCTRL_INST/O
                         net (fo=2, routed)           0.222     0.778    core_inst/ddr_inst/u_ddr4/inst/u_ddr4_infrastructure/mmcm_clk_in
    MMCM_X0Y4            MMCME4_ADV (Prop_MMCM_CLKIN1_CLKOUT6)
                                                     -0.295     0.483 r  core_inst/ddr_inst/u_ddr4/inst/u_ddr4_infrastructure/gen_mmcme4.u_mmcme_adv_inst/CLKOUT6
                         net (fo=1, routed)           0.176     0.659    core_inst/ddr_inst/u_ddr4/inst/u_ddr4_infrastructure/mmcm_clkout6
    BUFGCE_X0Y116        BUFGCE (Prop_BUFCE_BUFGCE_I_O)
                                                      0.019     0.678 r  core_inst/ddr_inst/u_ddr4/inst/u_ddr4_infrastructure/u_bufg_riuClk/O
    X4Y4 (CLOCK_ROOT)    net (fo=1761, routed)        0.767     1.445    core_inst/ddr_inst/u_ddr4/inst/u_ddr4_mem_intfc/u_ddr_cal_riu/CLK
    SLICE_X90Y262        FDRE                                         r  core_inst/ddr_inst/u_ddr4/inst/u_ddr4_mem_intfc/u_ddr_cal_riu/sample_gts_riu_reg/C
                         clock pessimism              0.369     1.815    
                         clock uncertainty            0.176     1.991    
    SLICE_X90Y262        FDRE (Hold_FFF_SLICEM_C_D)
                                                      0.046     2.037    core_inst/ddr_inst/u_ddr4/inst/u_ddr4_mem_intfc/u_ddr_cal_riu/sample_gts_riu_reg
  -------------------------------------------------------------------
                         required time                         -2.037    
                         arrival time                           2.220    
  -------------------------------------------------------------------
                         slack                                  0.183    





---------------------------------------------------------------------------------------------------
From Clock:  mmcm_clkout0
  To Clock:  clk_125_mmcm

Setup :            0  Failing Endpoints,  Worst Slack        2.865ns,  Total Violation        0.000ns
Hold  :           NA  Failing Endpoints,  Worst Slack           NA  ,  Total Violation           NA
---------------------------------------------------------------------------------------------------


Max Delay Paths
--------------------------------------------------------------------------------------
Slack (MET) :             2.865ns  (required time - arrival time)
  Source:                 core_inst/ddr_inst/u_wfifo/fifo_inst/rd_ptr_gray_reg_reg[3]/C
                            (rising edge-triggered cell FDRE clocked by mmcm_clkout0  {rise@0.000ns fall@1.666ns period=3.332ns})
  Destination:            core_inst/ddr_inst/u_wfifo/fifo_inst/rd_ptr_gray_sync1_reg_reg[3]/D
                            (rising edge-triggered cell FDRE clocked by clk_125_mmcm  {rise@0.000ns fall@4.000ns period=8.000ns})
  Path Group:             clk_125_mmcm
  Path Type:              Setup (Max at Slow Process Corner)
  Requirement:            3.332ns  (MaxDelay Path 3.332ns)
  Data Path Delay:        0.492ns  (logic 0.079ns (16.045%)  route 0.413ns (83.955%))
  Logic Levels:           0  
  Timing Exception:       MaxDelay Path 3.332ns -datapath_only

    Location             Delay type                Incr(ns)  Path(ns)    Netlist Resource(s)
  -------------------------------------------------------------------    -------------------
    SLICE_X73Y269                                     0.000     0.000 r  core_inst/ddr_inst/u_wfifo/fifo_inst/rd_ptr_gray_reg_reg[3]/C
    SLICE_X73Y269        FDRE (Prop_EFF_SLICEL_C_Q)
                                                      0.079     0.079 r  core_inst/ddr_inst/u_wfifo/fifo_inst/rd_ptr_gray_reg_reg[3]/Q
                         net (fo=2, routed)           0.413     0.492    core_inst/ddr_inst/u_wfifo/fifo_inst/rd_ptr_gray_reg[3]
    SLICE_X74Y269        FDRE                                         r  core_inst/ddr_inst/u_wfifo/fifo_inst/rd_ptr_gray_sync1_reg_reg[3]/D
  -------------------------------------------------------------------    -------------------

                         max delay                    3.332     3.332    
    SLICE_X74Y269        FDRE (Setup_DFF2_SLICEL_C_D)
                                                      0.025     3.357    core_inst/ddr_inst/u_wfifo/fifo_inst/rd_ptr_gray_sync1_reg_reg[3]
  -------------------------------------------------------------------
                         required time                          3.357    
                         arrival time                          -0.492    
  -------------------------------------------------------------------
                         slack                                  2.865    





---------------------------------------------------------------------------------------------------
From Clock:  mmcm_clkout0
  To Clock:  clk_core_mmcm

Setup :            0  Failing Endpoints,  Worst Slack        2.713ns,  Total Violation        0.000ns
Hold  :           NA  Failing Endpoints,  Worst Slack           NA  ,  Total Violation           NA
---------------------------------------------------------------------------------------------------


Max Delay Paths
--------------------------------------------------------------------------------------
Slack (MET) :             2.713ns  (required time - arrival time)
  Source:                 core_inst/ddr_inst/u_wfifo/fifo_inst/s_rst_sync1_reg_reg/C
                            (rising edge-triggered cell FDPE clocked by mmcm_clkout0  {rise@0.000ns fall@1.666ns period=3.332ns})
  Destination:            core_inst/ddr_inst/u_rfifo/fifo_inst/m_rst_sync2_reg_reg/D
                            (rising edge-triggered cell FDRE clocked by clk_core_mmcm  {rise@0.000ns fall@2.000ns period=4.000ns})
  Path Group:             clk_core_mmcm
  Path Type:              Setup (Max at Slow Process Corner)
  Requirement:            3.332ns  (MaxDelay Path 3.332ns)
  Data Path Delay:        0.644ns  (logic 0.076ns (11.796%)  route 0.568ns (88.204%))
  Logic Levels:           0  
  Timing Exception:       MaxDelay Path 3.332ns -datapath_only

    Location             Delay type                Incr(ns)  Path(ns)    Netlist Resource(s)
  -------------------------------------------------------------------    -------------------
    SLICE_X69Y252                                     0.000     0.000 r  core_inst/ddr_inst/u_wfifo/fifo_inst/s_rst_sync1_reg_reg/C
    SLICE_X69Y252        FDPE (Prop_EFF_SLICEM_C_Q)
                                                      0.076     0.076 r  core_inst/ddr_inst/u_wfifo/fifo_inst/s_rst_sync1_reg_reg/Q
                         net (fo=2, routed)           0.568     0.644    core_inst/ddr_inst/u_rfifo/fifo_inst/m_rst_sync1_reg
    SLICE_X65Y223        FDRE                                         r  core_inst/ddr_inst/u_rfifo/fifo_inst/m_rst_sync2_reg_reg/D
  -------------------------------------------------------------------    -------------------

                         max delay                    3.332     3.332    
    SLICE_X65Y223        FDRE (Setup_DFF2_SLICEL_C_D)
                                                      0.025     3.357    core_inst/ddr_inst/u_rfifo/fifo_inst/m_rst_sync2_reg_reg
  -------------------------------------------------------------------
                         required time                          3.357    
                         arrival time                          -0.644    
  -------------------------------------------------------------------
                         slack                                  2.713    





---------------------------------------------------------------------------------------------------
From Clock:  txoutclk_out[0]
  To Clock:  clk_core_mmcm

Setup :            0  Failing Endpoints,  Worst Slack        2.059ns,  Total Violation        0.000ns
Hold  :           NA  Failing Endpoints,  Worst Slack           NA  ,  Total Violation           NA
---------------------------------------------------------------------------------------------------


Max Delay Paths
--------------------------------------------------------------------------------------
Slack (MET) :             2.059ns  (required time - arrival time)
  Source:                 core_inst/rx_fifo/fifo_inst/wr_ptr_sync_gray_reg_reg[7]/C
                            (rising edge-triggered cell FDRE clocked by txoutclk_out[0]  {rise@0.000ns fall@1.552ns period=3.103ns})
  Destination:            core_inst/rx_fifo/fifo_inst/wr_ptr_gray_sync1_reg_reg[7]/D
                            (rising edge-triggered cell FDRE clocked by clk_core_mmcm  {rise@0.000ns fall@2.000ns period=4.000ns})
  Path Group:             clk_core_mmcm
  Path Type:              Setup (Max at Slow Process Corner)
  Requirement:            3.103ns  (MaxDelay Path 3.103ns)
  Data Path Delay:        1.069ns  (logic 0.079ns (7.390%)  route 0.990ns (92.610%))
  Logic Levels:           0  
  Timing Exception:       MaxDelay Path 3.103ns -datapath_only

    Location             Delay type                Incr(ns)  Path(ns)    Netlist Resource(s)
  -------------------------------------------------------------------    -------------------
    SLICE_X16Y248                                     0.000     0.000 r  core_inst/rx_fifo/fifo_inst/wr_ptr_sync_gray_reg_reg[7]/C
    SLICE_X16Y248        FDRE (Prop_CFF_SLICEL_C_Q)
                                                      0.079     0.079 r  core_inst/rx_fifo/fifo_inst/wr_ptr_sync_gray_reg_reg[7]/Q
                         net (fo=1, routed)           0.990     1.069    core_inst/rx_fifo/fifo_inst/wr_ptr_sync_gray_reg[7]
    SLICE_X15Y248        FDRE                                         r  core_inst/rx_fifo/fifo_inst/wr_ptr_gray_sync1_reg_reg[7]/D
  -------------------------------------------------------------------    -------------------

                         max delay                    3.103     3.103    
    SLICE_X15Y248        FDRE (Setup_CFF2_SLICEL_C_D)
                                                      0.025     3.128    core_inst/rx_fifo/fifo_inst/wr_ptr_gray_sync1_reg_reg[7]
  -------------------------------------------------------------------
                         required time                          3.128    
                         arrival time                          -1.069    
  -------------------------------------------------------------------
                         slack                                  2.059    





---------------------------------------------------------------------------------------------------
From Clock:  mmcm_clkout5
  To Clock:  dbg_hub/inst/BSCANID.u_xsdbm_id/SWITCH_N_EXT_BSCAN.bscan_inst/SERIES7_BSCAN.bscan_inst/INTERNAL_TCK

Setup :            0  Failing Endpoints,  Worst Slack       12.854ns,  Total Violation        0.000ns
Hold  :           NA  Failing Endpoints,  Worst Slack           NA  ,  Total Violation           NA
---------------------------------------------------------------------------------------------------


Max Delay Paths
--------------------------------------------------------------------------------------
Slack (MET) :             12.854ns  (required time - arrival time)
  Source:                 dbg_hub/inst/BSCANID.u_xsdbm_id/CORE_XSDB.UUT_MASTER/U_ICON_INTERFACE/U_CMD6_WR/U_WR_FIFO/SUBCORE_FIFO.xsdbm_v3_0_0_wrfifo_inst/inst_fifo_gen/gconvfifo.rf/grf.rf/gntv_or_sync_fifo.gcx.clkx/gnxpm_cdc.rd_pntr_gc_reg[0]/C
                            (rising edge-triggered cell FDCE clocked by mmcm_clkout5  {rise@0.000ns fall@6.664ns period=13.328ns})
  Destination:            dbg_hub/inst/BSCANID.u_xsdbm_id/CORE_XSDB.UUT_MASTER/U_ICON_INTERFACE/U_CMD6_WR/U_WR_FIFO/SUBCORE_FIFO.xsdbm_v3_0_0_wrfifo_inst/inst_fifo_gen/gconvfifo.rf/grf.rf/gntv_or_sync_fifo.gcx.clkx/gnxpm_cdc.gsync_stage[1].wr_stg_inst/Q_reg_reg[0]/D
                            (rising edge-triggered cell FDCE clocked by dbg_hub/inst/BSCANID.u_xsdbm_id/SWITCH_N_EXT_BSCAN.bscan_inst/SERIES7_BSCAN.bscan_inst/INTERNAL_TCK  {rise@0.000ns fall@25.000ns period=50.000ns})
  Path Group:             dbg_hub/inst/BSCANID.u_xsdbm_id/SWITCH_N_EXT_BSCAN.bscan_inst/SERIES7_BSCAN.bscan_inst/INTERNAL_TCK
  Path Type:              Setup (Max at Slow Process Corner)
  Requirement:            13.328ns  (MaxDelay Path 13.328ns)
  Data Path Delay:        0.499ns  (logic 0.076ns (15.230%)  route 0.423ns (84.770%))
  Logic Levels:           0  
  Timing Exception:       MaxDelay Path 13.328ns -datapath_only

    Location             Delay type                Incr(ns)  Path(ns)    Netlist Resource(s)
  -------------------------------------------------------------------    -------------------
    SLICE_X72Y197                                     0.000     0.000 r  dbg_hub/inst/BSCANID.u_xsdbm_id/CORE_XSDB.UUT_MASTER/U_ICON_INTERFACE/U_CMD6_WR/U_WR_FIFO/SUBCORE_FIFO.xsdbm_v3_0_0_wrfifo_inst/inst_fifo_gen/gconvfifo.rf/grf.rf/gntv_or_sync_fifo.gcx.clkx/gnxpm_cdc.rd_pntr_gc_reg[0]/C
    SLICE_X72Y197        FDCE (Prop_EFF_SLICEM_C_Q)
                                                      0.076     0.076 r  dbg_hub/inst/BSCANID.u_xsdbm_id/CORE_XSDB.UUT_MASTER/U_ICON_INTERFACE/U_CMD6_WR/U_WR_FIFO/SUBCORE_FIFO.xsdbm_v3_0_0_wrfifo_inst/inst_fifo_gen/gconvfifo.rf/grf.rf/gntv_or_sync_fifo.gcx.clkx/gnxpm_cdc.rd_pntr_gc_reg[0]/Q
                         net (fo=1, routed)           0.423     0.499    dbg_hub/inst/BSCANID.u_xsdbm_id/CORE_XSDB.UUT_MASTER/U_ICON_INTERFACE/U_CMD6_WR/U_WR_FIFO/SUBCORE_FIFO.xsdbm_v3_0_0_wrfifo_inst/inst_fifo_gen/gconvfifo.rf/grf.rf/gntv_or_sync_fifo.gcx.clkx/gnxpm_cdc.gsync_stage[1].wr_stg_inst/Q[0]
    SLICE_X69Y197        FDCE                                         r  dbg_hub/inst/BSCANID.u_xsdbm_id/CORE_XSDB.UUT_MASTER/U_ICON_INTERFACE/U_CMD6_WR/U_WR_FIFO/SUBCORE_FIFO.xsdbm_v3_0_0_wrfifo_inst/inst_fifo_gen/gconvfifo.rf/grf.rf/gntv_or_sync_fifo.gcx.clkx/gnxpm_cdc.gsync_stage[1].wr_stg_inst/Q_reg_reg[0]/D
  -------------------------------------------------------------------    -------------------

                         max delay                   13.328    13.328    
    SLICE_X69Y197        FDCE (Setup_DFF2_SLICEM_C_D)
                                                      0.025    13.353    dbg_hub/inst/BSCANID.u_xsdbm_id/CORE_XSDB.UUT_MASTER/U_ICON_INTERFACE/U_CMD6_WR/U_WR_FIFO/SUBCORE_FIFO.xsdbm_v3_0_0_wrfifo_inst/inst_fifo_gen/gconvfifo.rf/grf.rf/gntv_or_sync_fifo.gcx.clkx/gnxpm_cdc.gsync_stage[1].wr_stg_inst/Q_reg_reg[0]
  -------------------------------------------------------------------
                         required time                         13.353    
                         arrival time                          -0.499    
  -------------------------------------------------------------------
                         slack                                 12.854    





---------------------------------------------------------------------------------------------------
From Clock:  clk_core_mmcm
  To Clock:  txoutclk_out[0]

Setup :            0  Failing Endpoints,  Worst Slack        3.135ns,  Total Violation        0.000ns
Hold  :           NA  Failing Endpoints,  Worst Slack           NA  ,  Total Violation           NA
---------------------------------------------------------------------------------------------------


Max Delay Paths
--------------------------------------------------------------------------------------
Slack (MET) :             3.135ns  (required time - arrival time)
  Source:                 core_inst/tx_fifo/fifo_inst/wr_ptr_sync_gray_reg_reg[6]/C
                            (rising edge-triggered cell FDRE clocked by clk_core_mmcm  {rise@0.000ns fall@2.000ns period=4.000ns})
  Destination:            core_inst/tx_fifo/fifo_inst/wr_ptr_gray_sync1_reg_reg[6]/D
                            (rising edge-triggered cell FDRE clocked by txoutclk_out[0]  {rise@0.000ns fall@1.552ns period=3.103ns})
  Path Group:             txoutclk_out[0]
  Path Type:              Setup (Max at Slow Process Corner)
  Requirement:            4.000ns  (MaxDelay Path 4.000ns)
  Data Path Delay:        0.890ns  (logic 0.079ns (8.876%)  route 0.811ns (91.124%))
  Logic Levels:           0  
  Timing Exception:       MaxDelay Path 4.000ns -datapath_only

    Location             Delay type                Incr(ns)  Path(ns)    Netlist Resource(s)
  -------------------------------------------------------------------    -------------------
    SLICE_X11Y208                                     0.000     0.000 r  core_inst/tx_fifo/fifo_inst/wr_ptr_sync_gray_reg_reg[6]/C
    SLICE_X11Y208        FDRE (Prop_GFF2_SLICEM_C_Q)
                                                      0.079     0.079 r  core_inst/tx_fifo/fifo_inst/wr_ptr_sync_gray_reg_reg[6]/Q
                         net (fo=1, routed)           0.811     0.890    core_inst/tx_fifo/fifo_inst/wr_ptr_sync_gray_reg[6]
    SLICE_X11Y205        FDRE                                         r  core_inst/tx_fifo/fifo_inst/wr_ptr_gray_sync1_reg_reg[6]/D
  -------------------------------------------------------------------    -------------------

                         max delay                    4.000     4.000    
    SLICE_X11Y205        FDRE (Setup_FFF2_SLICEM_C_D)
                                                      0.025     4.025    core_inst/tx_fifo/fifo_inst/wr_ptr_gray_sync1_reg_reg[6]
  -------------------------------------------------------------------
                         required time                          4.025    
                         arrival time                          -0.890    
  -------------------------------------------------------------------
                         slack                                  3.135    





---------------------------------------------------------------------------------------------------
Path Group:  **async_default**
From Clock:  clk_125_mmcm
  To Clock:  clk_125_mmcm

Setup :            0  Failing Endpoints,  Worst Slack        6.492ns,  Total Violation        0.000ns
Hold  :            0  Failing Endpoints,  Worst Slack        0.607ns,  Total Violation        0.000ns
---------------------------------------------------------------------------------------------------


Max Delay Paths
--------------------------------------------------------------------------------------
Slack (MET) :             6.492ns  (required time - arrival time)
  Source:                 rst_125_sync/sync_reg_reg[3]/C
                            (rising edge-triggered cell FDPE clocked by clk_125_mmcm  {rise@0.000ns fall@4.000ns period=8.000ns})
  Destination:            core_inst/ddr_inst/u_wfifo/fifo_inst/m_rst_sync1_reg_reg/PRE
                            (recovery check against rising-edge clock clk_125_mmcm  {rise@0.000ns fall@4.000ns period=8.000ns})
  Path Group:             **async_default**
  Path Type:              Recovery (Max at Slow Process Corner)
  Requirement:            8.000ns  (clk_125_mmcm rise@8.000ns - clk_125_mmcm rise@0.000ns)
  Data Path Delay:        1.323ns  (logic 0.081ns (6.123%)  route 1.242ns (93.877%))
  Logic Levels:           0  
  Clock Path Skew:        -0.048ns (DCD - SCD + CPR)
    Destination Clock Delay (DCD):    4.103ns = ( 12.103 - 8.000 ) 
    Source Clock Delay      (SCD):    3.812ns
    Clock Pessimism Removal (CPR):    -0.339ns
  Clock Uncertainty:      0.071ns  ((TSJ^2 + DJ^2)^1/2) / 2 + PE
    Total System Jitter     (TSJ):    0.071ns
    Discrete Jitter          (DJ):    0.124ns
    Phase Error              (PE):    0.000ns
  Clock Net Delay (Source):      2.496ns (routing 1.597ns, distribution 0.899ns)
  Clock Net Delay (Destination): 2.259ns (routing 1.451ns, distribution 0.808ns)

    Location             Delay type                Incr(ns)  Path(ns)    Netlist Resource(s)
  -------------------------------------------------------------------    -------------------
                         (clock clk_125_mmcm rise edge)
                                                      0.000     0.000 r  
    AM15                                              0.000     0.000 r  clk_p (IN)
                         net (fo=0)                   0.100     0.100    clk_in_ibufds/I
    HPIOBDIFFINBUF_X0Y10 DIFFINBUF (Prop_DIFFINBUF_HPIOBDIFFINBUF_DIFF_IN_P_O)
                                                      0.617     0.717 r  clk_in_ibufds/DIFFINBUF_INST/O
                         net (fo=1, routed)           0.050     0.767    clk_in_ibufds/OUT
    AM15                 IBUFCTRL (Prop_IBUFCTRL_HPIOB_M_I_O)
                                                      0.000     0.767 r  clk_in_ibufds/IBUFCTRL_INST/O
                         net (fo=1, routed)           0.397     1.164    clk_in
    MMCM_X0Y0            MMCME4_ADV (Prop_MMCM_CLKIN1_CLKOUT1)
                                                     -0.127     1.037 r  clk_mmcm/CLKOUT1
                         net (fo=1, routed)           0.251     1.288    clk_125_mmcm
    BUFGCE_X0Y0          BUFGCE (Prop_BUFCE_BUFGCE_I_O)
                                                      0.028     1.316 r  clk_125_bufg/O
    X2Y4 (CLOCK_ROOT)    net (fo=1409, routed)        2.496     3.812    rst_125_sync/CLK
    SLICE_X62Y242        FDPE                                         r  rst_125_sync/sync_reg_reg[3]/C
  -------------------------------------------------------------------    -------------------
    SLICE_X62Y242        FDPE (Prop_GFF2_SLICEL_C_Q)
                                                      0.081     3.893 f  rst_125_sync/sync_reg_reg[3]/Q
                         net (fo=55, routed)          1.242     5.134    core_inst/ddr_inst/u_wfifo/fifo_inst/rst_wr
    SLICE_X74Y267        FDPE                                         f  core_inst/ddr_inst/u_wfifo/fifo_inst/m_rst_sync1_reg_reg/PRE
  -------------------------------------------------------------------    -------------------

                         (clock clk_125_mmcm rise edge)
                                                      8.000     8.000 r  
    AM15                                              0.000     8.000 r  clk_p (IN)
                         net (fo=0)                   0.079     8.079    clk_in_ibufds/I
    HPIOBDIFFINBUF_X0Y10 DIFFINBUF (Prop_DIFFINBUF_HPIOBDIFFINBUF_DIFF_IN_P_O)
                                                      0.507     8.586 r  clk_in_ibufds/DIFFINBUF_INST/O
                         net (fo=1, routed)           0.040     8.626    clk_in_ibufds/OUT
    AM15                 IBUFCTRL (Prop_IBUFCTRL_HPIOB_M_I_O)
                                                      0.000     8.626 r  clk_in_ibufds/IBUFCTRL_INST/O
                         net (fo=1, routed)           0.344     8.970    clk_in
    MMCM_X0Y0            MMCME4_ADV (Prop_MMCM_CLKIN1_CLKOUT1)
                                                      0.630     9.600 r  clk_mmcm/CLKOUT1
                         net (fo=1, routed)           0.220     9.820    clk_125_mmcm
    BUFGCE_X0Y0          BUFGCE (Prop_BUFCE_BUFGCE_I_O)
                                                      0.024     9.844 r  clk_125_bufg/O
    X2Y4 (CLOCK_ROOT)    net (fo=1409, routed)        2.259    12.103    core_inst/ddr_inst/u_wfifo/fifo_inst/clk_wr
    SLICE_X74Y267        FDPE                                         r  core_inst/ddr_inst/u_wfifo/fifo_inst/m_rst_sync1_reg_reg/C
                         clock pessimism             -0.339    11.764    
                         clock uncertainty           -0.071    11.693    
    SLICE_X74Y267        FDPE (Recov_EFF_SLICEL_C_PRE)
                                                     -0.066    11.627    core_inst/ddr_inst/u_wfifo/fifo_inst/m_rst_sync1_reg_reg
  -------------------------------------------------------------------
                         required time                         11.627    
                         arrival time                          -5.134    
  -------------------------------------------------------------------
                         slack                                  6.492    





Min Delay Paths
--------------------------------------------------------------------------------------
Slack (MET) :             0.607ns  (arrival time - required time)
  Source:                 rst_125_sync/sync_reg_reg[3]/C
                            (rising edge-triggered cell FDPE clocked by clk_125_mmcm  {rise@0.000ns fall@4.000ns period=8.000ns})
  Destination:            core_inst/ddr_inst/u_wfifo/fifo_inst/m_rst_sync1_reg_reg/PRE
                            (removal check against rising-edge clock clk_125_mmcm  {rise@0.000ns fall@4.000ns period=8.000ns})
  Path Group:             **async_default**
  Path Type:              Removal (Min at Fast Process Corner)
  Requirement:            0.000ns  (clk_125_mmcm rise@0.000ns - clk_125_mmcm rise@0.000ns)
  Data Path Delay:        0.652ns  (logic 0.040ns (6.139%)  route 0.612ns (93.861%))
  Logic Levels:           0  
  Clock Path Skew:        0.065ns (DCD - SCD - CPR)
    Destination Clock Delay (DCD):    2.234ns
    Source Clock Delay      (SCD):    2.377ns
    Clock Pessimism Removal (CPR):    -0.208ns
  Clock Net Delay (Source):      1.376ns (routing 0.872ns, distribution 0.504ns)
  Clock Net Delay (Destination): 1.572ns (routing 0.976ns, distribution 0.596ns)

    Location             Delay type                Incr(ns)  Path(ns)    Netlist Resource(s)
  -------------------------------------------------------------------    -------------------
                         (clock clk_125_mmcm rise edge)
                                                      0.000     0.000 r  
    AM15                                              0.000     0.000 r  clk_p (IN)
                         net (fo=0)                   0.079     0.079    clk_in_ibufds/I
    HPIOBDIFFINBUF_X0Y10 DIFFINBUF (Prop_DIFFINBUF_HPIOBDIFFINBUF_DIFF_IN_P_O)
                                                      0.283     0.362 r  clk_in_ibufds/DIFFINBUF_INST/O
                         net (fo=1, routed)           0.040     0.402    clk_in_ibufds/OUT
    AM15                 IBUFCTRL (Prop_IBUFCTRL_HPIOB_M_I_O)
                                                      0.000     0.402 r  clk_in_ibufds/IBUFCTRL_INST/O
                         net (fo=1, routed)           0.203     0.605    clk_in
    MMCM_X0Y0            MMCME4_ADV (Prop_MMCM_CLKIN1_CLKOUT1)
                                                      0.230     0.835 r  clk_mmcm/CLKOUT1
                         net (fo=1, routed)           0.149     0.984    clk_125_mmcm
    BUFGCE_X0Y0          BUFGCE (Prop_BUFCE_BUFGCE_I_O)
                                                      0.017     1.001 r  clk_125_bufg/O
    X2Y4 (CLOCK_ROOT)    net (fo=1409, routed)        1.376     2.377    rst_125_sync/CLK
    SLICE_X62Y242        FDPE                                         r  rst_125_sync/sync_reg_reg[3]/C
  -------------------------------------------------------------------    -------------------
    SLICE_X62Y242        FDPE (Prop_GFF2_SLICEL_C_Q)
                                                      0.040     2.417 f  rst_125_sync/sync_reg_reg[3]/Q
                         net (fo=55, routed)          0.612     3.028    core_inst/ddr_inst/u_wfifo/fifo_inst/rst_wr
    SLICE_X74Y267        FDPE                                         f  core_inst/ddr_inst/u_wfifo/fifo_inst/m_rst_sync1_reg_reg/PRE
  -------------------------------------------------------------------    -------------------

                         (clock clk_125_mmcm rise edge)
                                                      0.000     0.000 r  
    AM15                                              0.000     0.000 r  clk_p (IN)
                         net (fo=0)                   0.100     0.100    clk_in_ibufds/I
    HPIOBDIFFINBUF_X0Y10 DIFFINBUF (Prop_DIFFINBUF_HPIOBDIFFINBUF_DIFF_IN_P_O)
                                                      0.388     0.488 r  clk_in_ibufds/DIFFINBUF_INST/O
                         net (fo=1, routed)           0.050     0.538    clk_in_ibufds/OUT
    AM15                 IBUFCTRL (Prop_IBUFCTRL_HPIOB_M_I_O)
                                                      0.000     0.538 r  clk_in_ibufds/IBUFCTRL_INST/O
                         net (fo=1, routed)           0.230     0.768    clk_in
    MMCM_X0Y0            MMCME4_ADV (Prop_MMCM_CLKIN1_CLKOUT1)
                                                     -0.295     0.473 r  clk_mmcm/CLKOUT1
                         net (fo=1, routed)           0.170     0.643    clk_125_mmcm
    BUFGCE_X0Y0          BUFGCE (Prop_BUFCE_BUFGCE_I_O)
                                                      0.019     0.662 r  clk_125_bufg/O
    X2Y4 (CLOCK_ROOT)    net (fo=1409, routed)        1.572     2.234    core_inst/ddr_inst/u_wfifo/fifo_inst/clk_wr
    SLICE_X74Y267        FDPE                                         r  core_inst/ddr_inst/u_wfifo/fifo_inst/m_rst_sync1_reg_reg/C
                         clock pessimism              0.208     2.442    
    SLICE_X74Y267        FDPE (Remov_EFF_SLICEL_C_PRE)
                                                     -0.020     2.422    core_inst/ddr_inst/u_wfifo/fifo_inst/m_rst_sync1_reg_reg
  -------------------------------------------------------------------
                         required time                         -2.422    
                         arrival time                           3.028    
  -------------------------------------------------------------------
                         slack                                  0.607    





---------------------------------------------------------------------------------------------------
Path Group:  **async_default**
From Clock:  clk_core_mmcm
  To Clock:  clk_core_mmcm

Setup :            0  Failing Endpoints,  Worst Slack        0.929ns,  Total Violation        0.000ns
Hold  :            0  Failing Endpoints,  Worst Slack        0.333ns,  Total Violation        0.000ns
---------------------------------------------------------------------------------------------------


Max Delay Paths
--------------------------------------------------------------------------------------
Slack (MET) :             0.929ns  (required time - arrival time)
  Source:                 rst_core_sync/sync_reg_reg[3]/C
                            (rising edge-triggered cell FDPE clocked by clk_core_mmcm  {rise@0.000ns fall@2.000ns period=4.000ns})
  Destination:            core_inst/rx_fifo/fifo_inst/s_rst_sync1_reg_reg/PRE
                            (recovery check against rising-edge clock clk_core_mmcm  {rise@0.000ns fall@2.000ns period=4.000ns})
  Path Group:             **async_default**
  Path Type:              Recovery (Max at Slow Process Corner)
  Requirement:            4.000ns  (clk_core_mmcm rise@4.000ns - clk_core_mmcm rise@0.000ns)
  Data Path Delay:        2.708ns  (logic 0.080ns (2.954%)  route 2.628ns (97.046%))
  Logic Levels:           0  
  Clock Path Skew:        -0.232ns (DCD - SCD + CPR)
    Destination Clock Delay (DCD):    4.484ns = ( 8.484 - 4.000 ) 
    Source Clock Delay      (SCD):    4.361ns
    Clock Pessimism Removal (CPR):    -0.355ns
  Clock Uncertainty:      0.065ns  ((TSJ^2 + DJ^2)^1/2) / 2 + PE
    Total System Jitter     (TSJ):    0.071ns
    Discrete Jitter          (DJ):    0.108ns
    Phase Error              (PE):    0.000ns
  Clock Net Delay (Source):      3.051ns (routing 1.867ns, distribution 1.184ns)
  Clock Net Delay (Destination): 2.645ns (routing 1.697ns, distribution 0.948ns)

    Location             Delay type                Incr(ns)  Path(ns)    Netlist Resource(s)
  -------------------------------------------------------------------    -------------------
                         (clock clk_core_mmcm rise edge)
                                                      0.000     0.000 r  
    AM15                                              0.000     0.000 r  clk_p (IN)
                         net (fo=0)                   0.100     0.100    clk_in_ibufds/I
    HPIOBDIFFINBUF_X0Y10 DIFFINBUF (Prop_DIFFINBUF_HPIOBDIFFINBUF_DIFF_IN_P_O)
                                                      0.617     0.717 r  clk_in_ibufds/DIFFINBUF_INST/O
                         net (fo=1, routed)           0.050     0.767    clk_in_ibufds/OUT
    AM15                 IBUFCTRL (Prop_IBUFCTRL_HPIOB_M_I_O)
                                                      0.000     0.767 r  clk_in_ibufds/IBUFCTRL_INST/O
                         net (fo=1, routed)           0.397     1.164    clk_in
    MMCM_X0Y0            MMCME4_ADV (Prop_MMCM_CLKIN1_CLKOUT0)
                                                     -0.127     1.037 r  clk_mmcm/CLKOUT0
                         net (fo=1, routed)           0.245     1.282    clk_core_mmcm
    BUFGCE_X0Y3          BUFGCE (Prop_BUFCE_BUFGCE_I_O)
                                                      0.028     1.310 r  clk_core_bufg/O
    X1Y4 (CLOCK_ROOT)    net (fo=17547, routed)       3.051     4.361    rst_core_sync/CLK
    SLICE_X62Y242        FDPE                                         r  rst_core_sync/sync_reg_reg[3]/C
  -------------------------------------------------------------------    -------------------
    SLICE_X62Y242        FDPE (Prop_CFF2_SLICEL_C_Q)
                                                      0.080     4.441 f  rst_core_sync/sync_reg_reg[3]/Q
                         net (fo=756, routed)         2.628     7.068    core_inst/rx_fifo/fifo_inst/Q[0]
    SLICE_X15Y200        FDPE                                         f  core_inst/rx_fifo/fifo_inst/s_rst_sync1_reg_reg/PRE
  -------------------------------------------------------------------    -------------------

                         (clock clk_core_mmcm rise edge)
                                                      4.000     4.000 r  
    AM15                                              0.000     4.000 r  clk_p (IN)
                         net (fo=0)                   0.079     4.079    clk_in_ibufds/I
    HPIOBDIFFINBUF_X0Y10 DIFFINBUF (Prop_DIFFINBUF_HPIOBDIFFINBUF_DIFF_IN_P_O)
                                                      0.507     4.586 r  clk_in_ibufds/DIFFINBUF_INST/O
                         net (fo=1, routed)           0.040     4.626    clk_in_ibufds/OUT
    AM15                 IBUFCTRL (Prop_IBUFCTRL_HPIOB_M_I_O)
                                                      0.000     4.626 r  clk_in_ibufds/IBUFCTRL_INST/O
                         net (fo=1, routed)           0.344     4.970    clk_in
    MMCM_X0Y0            MMCME4_ADV (Prop_MMCM_CLKIN1_CLKOUT0)
                                                      0.630     5.600 r  clk_mmcm/CLKOUT0
                         net (fo=1, routed)           0.215     5.815    clk_core_mmcm
    BUFGCE_X0Y3          BUFGCE (Prop_BUFCE_BUFGCE_I_O)
                                                      0.024     5.839 r  clk_core_bufg/O
    X1Y4 (CLOCK_ROOT)    net (fo=17547, routed)       2.645     8.484    core_inst/rx_fifo/fifo_inst/clk_core
    SLICE_X15Y200        FDPE                                         r  core_inst/rx_fifo/fifo_inst/s_rst_sync1_reg_reg/C
                         clock pessimism             -0.355     8.129    
                         clock uncertainty           -0.065     8.064    
    SLICE_X15Y200        FDPE (Recov_EFF_SLICEL_C_PRE)
                                                     -0.066     7.998    core_inst/rx_fifo/fifo_inst/s_rst_sync1_reg_reg
  -------------------------------------------------------------------
                         required time                          7.998    
                         arrival time                          -7.068    
  -------------------------------------------------------------------
                         slack                                  0.929    





Min Delay Paths
--------------------------------------------------------------------------------------
Slack (MET) :             0.333ns  (arrival time - required time)
  Source:                 rst_core_sync/sync_reg_reg[3]/C
                            (rising edge-triggered cell FDPE clocked by clk_core_mmcm  {rise@0.000ns fall@2.000ns period=4.000ns})
  Destination:            core_inst/ddr_inst/u_rfifo/fifo_inst/s_rst_sync1_reg_reg/PRE
                            (removal check against rising-edge clock clk_core_mmcm  {rise@0.000ns fall@2.000ns period=4.000ns})
  Path Group:             **async_default**
  Path Type:              Removal (Min at Fast Process Corner)
  Requirement:            0.000ns  (clk_core_mmcm rise@0.000ns - clk_core_mmcm rise@0.000ns)
  Data Path Delay:        0.378ns  (logic 0.040ns (10.592%)  route 0.338ns (89.408%))
  Logic Levels:           0  
  Clock Path Skew:        0.065ns (DCD - SCD - CPR)
    Destination Clock Delay (DCD):    2.519ns
    Source Clock Delay      (SCD):    2.671ns
    Clock Pessimism Removal (CPR):    -0.217ns
  Clock Net Delay (Source):      1.673ns (routing 1.016ns, distribution 0.657ns)
  Clock Net Delay (Destination): 1.861ns (routing 1.136ns, distribution 0.725ns)

    Location             Delay type                Incr(ns)  Path(ns)    Netlist Resource(s)
  -------------------------------------------------------------------    -------------------
                         (clock clk_core_mmcm rise edge)
                                                      0.000     0.000 r  
    AM15                                              0.000     0.000 r  clk_p (IN)
                         net (fo=0)                   0.079     0.079    clk_in_ibufds/I
    HPIOBDIFFINBUF_X0Y10 DIFFINBUF (Prop_DIFFINBUF_HPIOBDIFFINBUF_DIFF_IN_P_O)
                                                      0.283     0.362 r  clk_in_ibufds/DIFFINBUF_INST/O
                         net (fo=1, routed)           0.040     0.402    clk_in_ibufds/OUT
    AM15                 IBUFCTRL (Prop_IBUFCTRL_HPIOB_M_I_O)
                                                      0.000     0.402 r  clk_in_ibufds/IBUFCTRL_INST/O
                         net (fo=1, routed)           0.203     0.605    clk_in
    MMCM_X0Y0            MMCME4_ADV (Prop_MMCM_CLKIN1_CLKOUT0)
                                                      0.230     0.835 r  clk_mmcm/CLKOUT0
                         net (fo=1, routed)           0.146     0.981    clk_core_mmcm
    BUFGCE_X0Y3          BUFGCE (Prop_BUFCE_BUFGCE_I_O)
                                                      0.017     0.998 r  clk_core_bufg/O
    X1Y4 (CLOCK_ROOT)    net (fo=17547, routed)       1.673     2.671    rst_core_sync/CLK
    SLICE_X62Y242        FDPE                                         r  rst_core_sync/sync_reg_reg[3]/C
  -------------------------------------------------------------------    -------------------
    SLICE_X62Y242        FDPE (Prop_CFF2_SLICEL_C_Q)
                                                      0.040     2.711 f  rst_core_sync/sync_reg_reg[3]/Q
                         net (fo=756, routed)         0.338     3.048    core_inst/ddr_inst/u_rfifo/fifo_inst/rst
    SLICE_X57Y216        FDPE                                         f  core_inst/ddr_inst/u_rfifo/fifo_inst/s_rst_sync1_reg_reg/PRE
  -------------------------------------------------------------------    -------------------

                         (clock clk_core_mmcm rise edge)
                                                      0.000     0.000 r  
    AM15                                              0.000     0.000 r  clk_p (IN)
                         net (fo=0)                   0.100     0.100    clk_in_ibufds/I
    HPIOBDIFFINBUF_X0Y10 DIFFINBUF (Prop_DIFFINBUF_HPIOBDIFFINBUF_DIFF_IN_P_O)
                                                      0.388     0.488 r  clk_in_ibufds/DIFFINBUF_INST/O
                         net (fo=1, routed)           0.050     0.538    clk_in_ibufds/OUT
    AM15                 IBUFCTRL (Prop_IBUFCTRL_HPIOB_M_I_O)
                                                      0.000     0.538 r  clk_in_ibufds/IBUFCTRL_INST/O
                         net (fo=1, routed)           0.230     0.768    clk_in
    MMCM_X0Y0            MMCME4_ADV (Prop_MMCM_CLKIN1_CLKOUT0)
                                                     -0.295     0.473 r  clk_mmcm/CLKOUT0
                         net (fo=1, routed)           0.166     0.639    clk_core_mmcm
    BUFGCE_X0Y3          BUFGCE (Prop_BUFCE_BUFGCE_I_O)
                                                      0.019     0.658 r  clk_core_bufg/O
    X1Y4 (CLOCK_ROOT)    net (fo=17547, routed)       1.861     2.519    core_inst/ddr_inst/u_rfifo/fifo_inst/clk
    SLICE_X57Y216        FDPE                                         r  core_inst/ddr_inst/u_rfifo/fifo_inst/s_rst_sync1_reg_reg/C
                         clock pessimism              0.217     2.736    
    SLICE_X57Y216        FDPE (Remov_EFF_SLICEL_C_PRE)
                                                     -0.020     2.716    core_inst/ddr_inst/u_rfifo/fifo_inst/s_rst_sync1_reg_reg
  -------------------------------------------------------------------
                         required time                         -2.716    
                         arrival time                           3.048    
  -------------------------------------------------------------------
                         slack                                  0.333    





---------------------------------------------------------------------------------------------------
Path Group:  **async_default**
From Clock:  dbg_hub/inst/BSCANID.u_xsdbm_id/SWITCH_N_EXT_BSCAN.bscan_inst/SERIES7_BSCAN.bscan_inst/INTERNAL_TCK
  To Clock:  dbg_hub/inst/BSCANID.u_xsdbm_id/SWITCH_N_EXT_BSCAN.bscan_inst/SERIES7_BSCAN.bscan_inst/INTERNAL_TCK

Setup :            0  Failing Endpoints,  Worst Slack       47.452ns,  Total Violation        0.000ns
Hold  :            0  Failing Endpoints,  Worst Slack        0.121ns,  Total Violation        0.000ns
---------------------------------------------------------------------------------------------------


Max Delay Paths
--------------------------------------------------------------------------------------
Slack (MET) :             47.452ns  (required time - arrival time)
  Source:                 dbg_hub/inst/BSCANID.u_xsdbm_id/SWITCH_N_EXT_BSCAN.bscan_switch/portno_reg[5]/C
                            (rising edge-triggered cell FDRE clocked by dbg_hub/inst/BSCANID.u_xsdbm_id/SWITCH_N_EXT_BSCAN.bscan_inst/SERIES7_BSCAN.bscan_inst/INTERNAL_TCK  {rise@0.000ns fall@25.000ns period=50.000ns})
  Destination:            dbg_hub/inst/BSCANID.u_xsdbm_id/CORE_XSDB.U_ICON/U_CMD/iTARGET_reg[14]/CLR
                            (recovery check against rising-edge clock dbg_hub/inst/BSCANID.u_xsdbm_id/SWITCH_N_EXT_BSCAN.bscan_inst/SERIES7_BSCAN.bscan_inst/INTERNAL_TCK  {rise@0.000ns fall@25.000ns period=50.000ns})
  Path Group:             **async_default**
  Path Type:              Recovery (Max at Slow Process Corner)
  Requirement:            50.000ns  (dbg_hub/inst/BSCANID.u_xsdbm_id/SWITCH_N_EXT_BSCAN.bscan_inst/SERIES7_BSCAN.bscan_inst/INTERNAL_TCK rise@50.000ns - dbg_hub/inst/BSCANID.u_xsdbm_id/SWITCH_N_EXT_BSCAN.bscan_inst/SERIES7_BSCAN.bscan_inst/INTERNAL_TCK rise@0.000ns)
  Data Path Delay:        2.285ns  (logic 0.310ns (13.567%)  route 1.975ns (86.433%))
  Logic Levels:           2  (LUT4=1 LUT6=1)
  Clock Path Skew:        -0.161ns (DCD - SCD + CPR)
    Destination Clock Delay (DCD):    2.716ns = ( 52.716 - 50.000 ) 
    Source Clock Delay      (SCD):    7.156ns
    Clock Pessimism Removal (CPR):    4.279ns
  Clock Uncertainty:      0.035ns  ((TSJ^2 + TIJ^2)^1/2 + DJ) / 2 + PE
    Total System Jitter     (TSJ):    0.071ns
    Total Input Jitter      (TIJ):    0.000ns
    Discrete Jitter          (DJ):    0.000ns
    Phase Error              (PE):    0.000ns
  Clock Net Delay (Source):      1.710ns (routing 0.768ns, distribution 0.942ns)
  Clock Net Delay (Destination): 1.441ns (routing 0.698ns, distribution 0.743ns)

    Location             Delay type                Incr(ns)  Path(ns)    Netlist Resource(s)
  -------------------------------------------------------------------    -------------------
                         (clock dbg_hub/inst/BSCANID.u_xsdbm_id/SWITCH_N_EXT_BSCAN.bscan_inst/SERIES7_BSCAN.bscan_inst/INTERNAL_TCK rise edge)
                                                      0.000     0.000 r  
    CONFIG_SITE_X0Y0     BSCANE2                      0.000     0.000 r  dbg_hub/inst/BSCANID.u_xsdbm_id/SWITCH_N_EXT_BSCAN.bscan_inst/SERIES7_BSCAN.bscan_inst/INTERNAL_TCK
    CONFIG_SITE_X0Y0     BSCANE2 (Prop_BSCAN1_CONFIG_SITE_INTERNAL_TCK_TCK)
                                                      4.300     4.300 r  dbg_hub/inst/BSCANID.u_xsdbm_id/SWITCH_N_EXT_BSCAN.bscan_inst/SERIES7_BSCAN.bscan_inst/TCK
                         net (fo=1, routed)           1.118     5.418    dbg_hub/inst/BSCANID.u_xsdbm_id/tck_bs
    BUFGCE_X0Y29         BUFGCE (Prop_BUFCE_BUFGCE_I_O)
                                                      0.028     5.446 r  dbg_hub/inst/BSCANID.u_xsdbm_id/SWITCH_N_EXT_BSCAN.u_bufg_icon_tck/O
    X3Y2 (CLOCK_ROOT)    net (fo=482, routed)         1.710     7.156    dbg_hub/inst/BSCANID.u_xsdbm_id/SWITCH_N_EXT_BSCAN.bscan_switch/s_bscan_tck
    SLICE_X81Y175        FDRE                                         r  dbg_hub/inst/BSCANID.u_xsdbm_id/SWITCH_N_EXT_BSCAN.bscan_switch/portno_reg[5]/C
  -------------------------------------------------------------------    -------------------
    SLICE_X81Y175        FDRE (Prop_GFF2_SLICEL_C_Q)
                                                      0.081     7.237 f  dbg_hub/inst/BSCANID.u_xsdbm_id/SWITCH_N_EXT_BSCAN.bscan_switch/portno_reg[5]/Q
                         net (fo=1, routed)           0.917     8.154    dbg_hub/inst/BSCANID.u_xsdbm_id/SWITCH_N_EXT_BSCAN.bscan_switch/portno[5]
    SLICE_X81Y175        LUT6 (Prop_H6LUT_SLICEL_I5_O)
                                                      0.090     8.244 f  dbg_hub/inst/BSCANID.u_xsdbm_id/SWITCH_N_EXT_BSCAN.bscan_switch/m_bscan_drck[0]_INST_0_i_1/O
                         net (fo=5, routed)           0.170     8.414    dbg_hub/inst/BSCANID.u_xsdbm_id/SWITCH_N_EXT_BSCAN.bscan_switch/m_bscan_drck[0]_INST_0_i_1_n_0
    SLICE_X82Y175        LUT4 (Prop_A5LUT_SLICEM_I3_O)
                                                      0.139     8.553 r  dbg_hub/inst/BSCANID.u_xsdbm_id/SWITCH_N_EXT_BSCAN.bscan_switch/m_bscan_sel[0]_INST_0/O
                         net (fo=11, routed)          0.888     9.441    dbg_hub/inst/BSCANID.u_xsdbm_id/CORE_XSDB.U_ICON/U_CMD/iTARGET_reg[6]_0
    SLICE_X79Y179        FDCE                                         f  dbg_hub/inst/BSCANID.u_xsdbm_id/CORE_XSDB.U_ICON/U_CMD/iTARGET_reg[14]/CLR  (IS_INVERTED)
  -------------------------------------------------------------------    -------------------

                         (clock dbg_hub/inst/BSCANID.u_xsdbm_id/SWITCH_N_EXT_BSCAN.bscan_inst/SERIES7_BSCAN.bscan_inst/INTERNAL_TCK rise edge)
                                                     50.000    50.000 r  
    CONFIG_SITE_X0Y0     BSCANE2                      0.000    50.000 r  dbg_hub/inst/BSCANID.u_xsdbm_id/SWITCH_N_EXT_BSCAN.bscan_inst/SERIES7_BSCAN.bscan_inst/INTERNAL_TCK
    CONFIG_SITE_X0Y0     BSCANE2 (Prop_BSCAN1_CONFIG_SITE_INTERNAL_TCK_TCK)
                                                      0.465    50.465 r  dbg_hub/inst/BSCANID.u_xsdbm_id/SWITCH_N_EXT_BSCAN.bscan_inst/SERIES7_BSCAN.bscan_inst/TCK
                         net (fo=1, routed)           0.786    51.251    dbg_hub/inst/BSCANID.u_xsdbm_id/tck_bs
    BUFGCE_X0Y29         BUFGCE (Prop_BUFCE_BUFGCE_I_O)
                                                      0.024    51.275 r  dbg_hub/inst/BSCANID.u_xsdbm_id/SWITCH_N_EXT_BSCAN.u_bufg_icon_tck/O
    X3Y2 (CLOCK_ROOT)    net (fo=482, routed)         1.441    52.716    dbg_hub/inst/BSCANID.u_xsdbm_id/CORE_XSDB.U_ICON/U_CMD/m_bscan_tck[0]
    SLICE_X79Y179        FDCE                                         r  dbg_hub/inst/BSCANID.u_xsdbm_id/CORE_XSDB.U_ICON/U_CMD/iTARGET_reg[14]/C
                         clock pessimism              4.279    56.995    
                         clock uncertainty           -0.035    56.959    
    SLICE_X79Y179        FDCE (Recov_AFF_SLICEM_C_CLR)
                                                     -0.066    56.893    dbg_hub/inst/BSCANID.u_xsdbm_id/CORE_XSDB.U_ICON/U_CMD/iTARGET_reg[14]
  -------------------------------------------------------------------
                         required time                         56.893    
                         arrival time                          -9.441    
  -------------------------------------------------------------------
                         slack                                 47.452    





Min Delay Paths
--------------------------------------------------------------------------------------
Slack (MET) :             0.121ns  (arrival time - required time)
  Source:                 dbg_hub/inst/BSCANID.u_xsdbm_id/CORE_XSDB.UUT_MASTER/U_ICON_INTERFACE/U_CMD6_WR/U_WR_FIFO/SUBCORE_FIFO.xsdbm_v3_0_0_wrfifo_inst/inst_fifo_gen/gconvfifo.rf/grf.rf/rstblk/ngwrdrst.grst.g7serrst.rst_wr_reg2_reg/C
                            (rising edge-triggered cell FDPE clocked by dbg_hub/inst/BSCANID.u_xsdbm_id/SWITCH_N_EXT_BSCAN.bscan_inst/SERIES7_BSCAN.bscan_inst/INTERNAL_TCK  {rise@0.000ns fall@25.000ns period=50.000ns})
  Destination:            dbg_hub/inst/BSCANID.u_xsdbm_id/CORE_XSDB.UUT_MASTER/U_ICON_INTERFACE/U_CMD6_WR/U_WR_FIFO/SUBCORE_FIFO.xsdbm_v3_0_0_wrfifo_inst/inst_fifo_gen/gconvfifo.rf/grf.rf/rstblk/ngwrdrst.grst.g7serrst.wr_rst_asreg_reg/PRE
                            (removal check against rising-edge clock dbg_hub/inst/BSCANID.u_xsdbm_id/SWITCH_N_EXT_BSCAN.bscan_inst/SERIES7_BSCAN.bscan_inst/INTERNAL_TCK  {rise@0.000ns fall@25.000ns period=50.000ns})
  Path Group:             **async_default**
  Path Type:              Removal (Min at Fast Process Corner)
  Requirement:            0.000ns  (dbg_hub/inst/BSCANID.u_xsdbm_id/SWITCH_N_EXT_BSCAN.bscan_inst/SERIES7_BSCAN.bscan_inst/INTERNAL_TCK rise@0.000ns - dbg_hub/inst/BSCANID.u_xsdbm_id/SWITCH_N_EXT_BSCAN.bscan_inst/SERIES7_BSCAN.bscan_inst/INTERNAL_TCK rise@0.000ns)
  Data Path Delay:        0.156ns  (logic 0.039ns (25.000%)  route 0.117ns (75.000%))
  Logic Levels:           0  
  Clock Path Skew:        0.055ns (DCD - SCD - CPR)
    Destination Clock Delay (DCD):    6.135ns
    Source Clock Delay      (SCD):    1.980ns
    Clock Pessimism Removal (CPR):    4.100ns
  Clock Net Delay (Source):      0.908ns (routing 0.422ns, distribution 0.486ns)
  Clock Net Delay (Destination): 1.035ns (routing 0.468ns, distribution 0.567ns)

    Location             Delay type                Incr(ns)  Path(ns)    Netlist Resource(s)
  -------------------------------------------------------------------    -------------------
                         (clock dbg_hub/inst/BSCANID.u_xsdbm_id/SWITCH_N_EXT_BSCAN.bscan_inst/SERIES7_BSCAN.bscan_inst/INTERNAL_TCK rise edge)
                                                      0.000     0.000 r  
    CONFIG_SITE_X0Y0     BSCANE2                      0.000     0.000 r  dbg_hub/inst/BSCANID.u_xsdbm_id/SWITCH_N_EXT_BSCAN.bscan_inst/SERIES7_BSCAN.bscan_inst/INTERNAL_TCK
    CONFIG_SITE_X0Y0     BSCANE2 (Prop_BSCAN1_CONFIG_SITE_INTERNAL_TCK_TCK)
                                                      0.465     0.465 r  dbg_hub/inst/BSCANID.u_xsdbm_id/SWITCH_N_EXT_BSCAN.bscan_inst/SERIES7_BSCAN.bscan_inst/TCK
                         net (fo=1, routed)           0.590     1.055    dbg_hub/inst/BSCANID.u_xsdbm_id/tck_bs
    BUFGCE_X0Y29         BUFGCE (Prop_BUFCE_BUFGCE_I_O)
                                                      0.017     1.072 r  dbg_hub/inst/BSCANID.u_xsdbm_id/SWITCH_N_EXT_BSCAN.u_bufg_icon_tck/O
    X3Y2 (CLOCK_ROOT)    net (fo=482, routed)         0.908     1.980    dbg_hub/inst/BSCANID.u_xsdbm_id/CORE_XSDB.UUT_MASTER/U_ICON_INTERFACE/U_CMD6_WR/U_WR_FIFO/SUBCORE_FIFO.xsdbm_v3_0_0_wrfifo_inst/inst_fifo_gen/gconvfifo.rf/grf.rf/rstblk/wr_clk
    SLICE_X72Y195        FDPE                                         r  dbg_hub/inst/BSCANID.u_xsdbm_id/CORE_XSDB.UUT_MASTER/U_ICON_INTERFACE/U_CMD6_WR/U_WR_FIFO/SUBCORE_FIFO.xsdbm_v3_0_0_wrfifo_inst/inst_fifo_gen/gconvfifo.rf/grf.rf/rstblk/ngwrdrst.grst.g7serrst.rst_wr_reg2_reg/C
  -------------------------------------------------------------------    -------------------
    SLICE_X72Y195        FDPE (Prop_AFF2_SLICEM_C_Q)
                                                      0.039     2.019 f  dbg_hub/inst/BSCANID.u_xsdbm_id/CORE_XSDB.UUT_MASTER/U_ICON_INTERFACE/U_CMD6_WR/U_WR_FIFO/SUBCORE_FIFO.xsdbm_v3_0_0_wrfifo_inst/inst_fifo_gen/gconvfifo.rf/grf.rf/rstblk/ngwrdrst.grst.g7serrst.rst_wr_reg2_reg/Q
                         net (fo=1, routed)           0.117     2.136    dbg_hub/inst/BSCANID.u_xsdbm_id/CORE_XSDB.UUT_MASTER/U_ICON_INTERFACE/U_CMD6_WR/U_WR_FIFO/SUBCORE_FIFO.xsdbm_v3_0_0_wrfifo_inst/inst_fifo_gen/gconvfifo.rf/grf.rf/rstblk/ngwrdrst.rst_wr_reg2
    SLICE_X71Y196        FDPE                                         f  dbg_hub/inst/BSCANID.u_xsdbm_id/CORE_XSDB.UUT_MASTER/U_ICON_INTERFACE/U_CMD6_WR/U_WR_FIFO/SUBCORE_FIFO.xsdbm_v3_0_0_wrfifo_inst/inst_fifo_gen/gconvfifo.rf/grf.rf/rstblk/ngwrdrst.grst.g7serrst.wr_rst_asreg_reg/PRE
  -------------------------------------------------------------------    -------------------

                         (clock dbg_hub/inst/BSCANID.u_xsdbm_id/SWITCH_N_EXT_BSCAN.bscan_inst/SERIES7_BSCAN.bscan_inst/INTERNAL_TCK rise edge)
                                                      0.000     0.000 r  
    CONFIG_SITE_X0Y0     BSCANE2                      0.000     0.000 r  dbg_hub/inst/BSCANID.u_xsdbm_id/SWITCH_N_EXT_BSCAN.bscan_inst/SERIES7_BSCAN.bscan_inst/INTERNAL_TCK
    CONFIG_SITE_X0Y0     BSCANE2 (Prop_BSCAN1_CONFIG_SITE_INTERNAL_TCK_TCK)
                                                      4.300     4.300 r  dbg_hub/inst/BSCANID.u_xsdbm_id/SWITCH_N_EXT_BSCAN.bscan_inst/SERIES7_BSCAN.bscan_inst/TCK
                         net (fo=1, routed)           0.781     5.081    dbg_hub/inst/BSCANID.u_xsdbm_id/tck_bs
    BUFGCE_X0Y29         BUFGCE (Prop_BUFCE_BUFGCE_I_O)
                                                      0.019     5.100 r  dbg_hub/inst/BSCANID.u_xsdbm_id/SWITCH_N_EXT_BSCAN.u_bufg_icon_tck/O
    X3Y2 (CLOCK_ROOT)    net (fo=482, routed)         1.035     6.135    dbg_hub/inst/BSCANID.u_xsdbm_id/CORE_XSDB.UUT_MASTER/U_ICON_INTERFACE/U_CMD6_WR/U_WR_FIFO/SUBCORE_FIFO.xsdbm_v3_0_0_wrfifo_inst/inst_fifo_gen/gconvfifo.rf/grf.rf/rstblk/wr_clk
    SLICE_X71Y196        FDPE                                         r  dbg_hub/inst/BSCANID.u_xsdbm_id/CORE_XSDB.UUT_MASTER/U_ICON_INTERFACE/U_CMD6_WR/U_WR_FIFO/SUBCORE_FIFO.xsdbm_v3_0_0_wrfifo_inst/inst_fifo_gen/gconvfifo.rf/grf.rf/rstblk/ngwrdrst.grst.g7serrst.wr_rst_asreg_reg/C
                         clock pessimism             -4.100     2.035    
    SLICE_X71Y196        FDPE (Remov_HFF2_SLICEL_C_PRE)
                                                     -0.020     2.015    dbg_hub/inst/BSCANID.u_xsdbm_id/CORE_XSDB.UUT_MASTER/U_ICON_INTERFACE/U_CMD6_WR/U_WR_FIFO/SUBCORE_FIFO.xsdbm_v3_0_0_wrfifo_inst/inst_fifo_gen/gconvfifo.rf/grf.rf/rstblk/ngwrdrst.grst.g7serrst.wr_rst_asreg_reg
  -------------------------------------------------------------------
                         required time                         -2.015    
                         arrival time                           2.136    
  -------------------------------------------------------------------
                         slack                                  0.121    





---------------------------------------------------------------------------------------------------
Path Group:  **async_default**
From Clock:  mmcm_clkout0
  To Clock:  mmcm_clkout0

Setup :            0  Failing Endpoints,  Worst Slack        0.688ns,  Total Violation        0.000ns
Hold  :            0  Failing Endpoints,  Worst Slack        1.106ns,  Total Violation        0.000ns
---------------------------------------------------------------------------------------------------


Max Delay Paths
--------------------------------------------------------------------------------------
Slack (MET) :             0.688ns  (required time - arrival time)
  Source:                 core_inst/ddr_inst/u_ddr4/inst/u_ddr4_mem_intfc/u_ddr_cal_top/u_ddr_cal/rst_r1_reg/C
                            (rising edge-triggered cell FDRE clocked by mmcm_clkout0  {rise@0.000ns fall@1.666ns period=3.332ns})
  Destination:            core_inst/ddr_inst/u_wfifo/fifo_inst/s_rst_sync1_reg_reg/PRE
                            (recovery check against rising-edge clock mmcm_clkout0  {rise@0.000ns fall@1.666ns period=3.332ns})
  Path Group:             **async_default**
  Path Type:              Recovery (Max at Slow Process Corner)
  Requirement:            3.332ns  (mmcm_clkout0 rise@3.332ns - mmcm_clkout0 rise@0.000ns)
  Data Path Delay:        2.477ns  (logic 0.079ns (3.190%)  route 2.398ns (96.810%))
  Logic Levels:           0  
  Clock Path Skew:        -0.049ns (DCD - SCD + CPR)
    Destination Clock Delay (DCD):    2.915ns = ( 6.247 - 3.332 ) 
    Source Clock Delay      (SCD):    2.435ns
    Clock Pessimism Removal (CPR):    -0.528ns
  Clock Uncertainty:      0.052ns  ((TSJ^2 + DJ^2)^1/2) / 2 + PE
    Total System Jitter     (TSJ):    0.071ns
    Discrete Jitter          (DJ):    0.077ns
    Phase Error              (PE):    0.000ns
  Clock Net Delay (Source):      1.206ns (routing 0.171ns, distribution 1.035ns)
  Clock Net Delay (Destination): 1.141ns (routing 0.155ns, distribution 0.986ns)

    Location             Delay type                Incr(ns)  Path(ns)    Netlist Resource(s)
  -------------------------------------------------------------------    -------------------
                         (clock mmcm_clkout0 rise edge)
                                                      0.000     0.000 r  
    G13                                               0.000     0.000 r  c0_sys_clk_p (IN)
                         net (fo=0)                   0.100     0.100    core_inst/ddr_inst/u_ddr4/inst/u_ddr4_mem_intfc/u_mig_ddr4_phy/inst/u_ddr4_phy_pll/diff_input_clk.u_ibufg_sys_clk/I
    HPIOBDIFFINBUF_X0Y108
                         DIFFINBUF (Prop_DIFFINBUF_HPIOBDIFFINBUF_DIFF_IN_P_O)
                                                      0.549     0.649 r  core_inst/ddr_inst/u_ddr4/inst/u_ddr4_mem_intfc/u_mig_ddr4_phy/inst/u_ddr4_phy_pll/diff_input_clk.u_ibufg_sys_clk/DIFFINBUF_INST/O
                         net (fo=1, routed)           0.050     0.699    core_inst/ddr_inst/u_ddr4/inst/u_ddr4_mem_intfc/u_mig_ddr4_phy/inst/u_ddr4_phy_pll/diff_input_clk.u_ibufg_sys_clk/OUT
    G13                  IBUFCTRL (Prop_IBUFCTRL_HPIOB_M_I_O)
                                                      0.000     0.699 r  core_inst/ddr_inst/u_ddr4/inst/u_ddr4_mem_intfc/u_mig_ddr4_phy/inst/u_ddr4_phy_pll/diff_input_clk.u_ibufg_sys_clk/IBUFCTRL_INST/O
                         net (fo=2, routed)           0.384     1.083    core_inst/ddr_inst/u_ddr4/inst/u_ddr4_infrastructure/mmcm_clk_in
    MMCM_X0Y4            MMCME4_ADV (Prop_MMCM_CLKIN1_CLKOUT0)
                                                     -0.127     0.956 r  core_inst/ddr_inst/u_ddr4/inst/u_ddr4_infrastructure/gen_mmcme4.u_mmcme_adv_inst/CLKOUT0
                         net (fo=1, routed)           0.245     1.201    core_inst/ddr_inst/u_ddr4/inst/u_ddr4_infrastructure/mmcm_clkout0
    BUFGCE_X0Y118        BUFGCE (Prop_BUFCE_BUFGCE_I_O)
                                                      0.028     1.229 r  core_inst/ddr_inst/u_ddr4/inst/u_ddr4_infrastructure/u_bufg_divClk/O
    X4Y4 (CLOCK_ROOT)    net (fo=25358, routed)       1.206     2.435    core_inst/ddr_inst/u_ddr4/inst/u_ddr4_mem_intfc/u_ddr_cal_top/u_ddr_cal/SYNC[0].sync_reg_reg[1]_1
    SLICE_X88Y235        FDRE                                         r  core_inst/ddr_inst/u_ddr4/inst/u_ddr4_mem_intfc/u_ddr_cal_top/u_ddr_cal/rst_r1_reg/C
  -------------------------------------------------------------------    -------------------
    SLICE_X88Y235        FDRE (Prop_AFF_SLICEL_C_Q)
                                                      0.079     2.514 f  core_inst/ddr_inst/u_ddr4/inst/u_ddr4_mem_intfc/u_ddr_cal_top/u_ddr_cal/rst_r1_reg/Q
                         net (fo=399, routed)         2.398     4.912    core_inst/ddr_inst/u_wfifo/fifo_inst/rst_r1_alias_1
    SLICE_X69Y252        FDPE                                         f  core_inst/ddr_inst/u_wfifo/fifo_inst/s_rst_sync1_reg_reg/PRE
  -------------------------------------------------------------------    -------------------

                         (clock mmcm_clkout0 rise edge)
                                                      3.332     3.332 r  
    G13                                               0.000     3.332 r  c0_sys_clk_p (IN)
                         net (fo=0)                   0.079     3.411    core_inst/ddr_inst/u_ddr4/inst/u_ddr4_mem_intfc/u_mig_ddr4_phy/inst/u_ddr4_phy_pll/diff_input_clk.u_ibufg_sys_clk/I
    HPIOBDIFFINBUF_X0Y108
                         DIFFINBUF (Prop_DIFFINBUF_HPIOBDIFFINBUF_DIFF_IN_P_O)
                                                      0.453     3.864 r  core_inst/ddr_inst/u_ddr4/inst/u_ddr4_mem_intfc/u_mig_ddr4_phy/inst/u_ddr4_phy_pll/diff_input_clk.u_ibufg_sys_clk/DIFFINBUF_INST/O
                         net (fo=1, routed)           0.040     3.904    core_inst/ddr_inst/u_ddr4/inst/u_ddr4_mem_intfc/u_mig_ddr4_phy/inst/u_ddr4_phy_pll/diff_input_clk.u_ibufg_sys_clk/OUT
    G13                  IBUFCTRL (Prop_IBUFCTRL_HPIOB_M_I_O)
                                                      0.000     3.904 r  core_inst/ddr_inst/u_ddr4/inst/u_ddr4_mem_intfc/u_mig_ddr4_phy/inst/u_ddr4_phy_pll/diff_input_clk.u_ibufg_sys_clk/IBUFCTRL_INST/O
                         net (fo=2, routed)           0.333     4.237    core_inst/ddr_inst/u_ddr4/inst/u_ddr4_infrastructure/mmcm_clk_in
    MMCM_X0Y4            MMCME4_ADV (Prop_MMCM_CLKIN1_CLKOUT0)
                                                      0.630     4.867 r  core_inst/ddr_inst/u_ddr4/inst/u_ddr4_infrastructure/gen_mmcme4.u_mmcme_adv_inst/CLKOUT0
                         net (fo=1, routed)           0.215     5.082    core_inst/ddr_inst/u_ddr4/inst/u_ddr4_infrastructure/mmcm_clkout0
    BUFGCE_X0Y118        BUFGCE (Prop_BUFCE_BUFGCE_I_O)
                                                      0.024     5.106 r  core_inst/ddr_inst/u_ddr4/inst/u_ddr4_infrastructure/u_bufg_divClk/O
    X4Y4 (CLOCK_ROOT)    net (fo=25358, routed)       1.141     6.247    core_inst/ddr_inst/u_wfifo/fifo_inst/c0_ddr4_ui_clk
    SLICE_X69Y252        FDPE                                         r  core_inst/ddr_inst/u_wfifo/fifo_inst/s_rst_sync1_reg_reg/C
                         clock pessimism             -0.528     5.718    
                         clock uncertainty           -0.052     5.666    
    SLICE_X69Y252        FDPE (Recov_EFF_SLICEM_C_PRE)
                                                     -0.066     5.600    core_inst/ddr_inst/u_wfifo/fifo_inst/s_rst_sync1_reg_reg
  -------------------------------------------------------------------
                         required time                          5.600    
                         arrival time                          -4.912    
  -------------------------------------------------------------------
                         slack                                  0.688    





Min Delay Paths
--------------------------------------------------------------------------------------
Slack (MET) :             1.106ns  (arrival time - required time)
  Source:                 core_inst/ddr_inst/u_ddr4/inst/u_ddr4_mem_intfc/u_ddr_cal_top/u_ddr_cal/rst_r1_reg/C
                            (rising edge-triggered cell FDRE clocked by mmcm_clkout0  {rise@0.000ns fall@1.666ns period=3.332ns})
  Destination:            core_inst/ddr_inst/u_wfifo/fifo_inst/s_rst_sync1_reg_reg/PRE
                            (removal check against rising-edge clock mmcm_clkout0  {rise@0.000ns fall@1.666ns period=3.332ns})
  Path Group:             **async_default**
  Path Type:              Removal (Min at Fast Process Corner)
  Requirement:            0.000ns  (mmcm_clkout0 rise@0.000ns - mmcm_clkout0 rise@0.000ns)
  Data Path Delay:        1.239ns  (logic 0.039ns (3.147%)  route 1.200ns (96.853%))
  Logic Levels:           0  
  Clock Path Skew:        0.154ns (DCD - SCD - CPR)
    Destination Clock Delay (DCD):    1.505ns
    Source Clock Delay      (SCD):    1.687ns
    Clock Pessimism Removal (CPR):    -0.335ns
  Clock Net Delay (Source):      0.671ns (routing 0.096ns, distribution 0.575ns)
  Clock Net Delay (Destination): 0.837ns (routing 0.108ns, distribution 0.729ns)

    Location             Delay type                Incr(ns)  Path(ns)    Netlist Resource(s)
  -------------------------------------------------------------------    -------------------
                         (clock mmcm_clkout0 rise edge)
                                                      0.000     0.000 r  
    G13                                               0.000     0.000 r  c0_sys_clk_p (IN)
                         net (fo=0)                   0.079     0.079    core_inst/ddr_inst/u_ddr4/inst/u_ddr4_mem_intfc/u_mig_ddr4_phy/inst/u_ddr4_phy_pll/diff_input_clk.u_ibufg_sys_clk/I
    HPIOBDIFFINBUF_X0Y108
                         DIFFINBUF (Prop_DIFFINBUF_HPIOBDIFFINBUF_DIFF_IN_P_O)
                                                      0.308     0.387 r  core_inst/ddr_inst/u_ddr4/inst/u_ddr4_mem_intfc/u_mig_ddr4_phy/inst/u_ddr4_phy_pll/diff_input_clk.u_ibufg_sys_clk/DIFFINBUF_INST/O
                         net (fo=1, routed)           0.040     0.427    core_inst/ddr_inst/u_ddr4/inst/u_ddr4_mem_intfc/u_mig_ddr4_phy/inst/u_ddr4_phy_pll/diff_input_clk.u_ibufg_sys_clk/OUT
    G13                  IBUFCTRL (Prop_IBUFCTRL_HPIOB_M_I_O)
                                                      0.000     0.427 r  core_inst/ddr_inst/u_ddr4/inst/u_ddr4_mem_intfc/u_mig_ddr4_phy/inst/u_ddr4_phy_pll/diff_input_clk.u_ibufg_sys_clk/IBUFCTRL_INST/O
                         net (fo=2, routed)           0.196     0.623    core_inst/ddr_inst/u_ddr4/inst/u_ddr4_infrastructure/mmcm_clk_in
    MMCM_X0Y4            MMCME4_ADV (Prop_MMCM_CLKIN1_CLKOUT0)
                                                      0.230     0.853 r  core_inst/ddr_inst/u_ddr4/inst/u_ddr4_infrastructure/gen_mmcme4.u_mmcme_adv_inst/CLKOUT0
                         net (fo=1, routed)           0.146     0.999    core_inst/ddr_inst/u_ddr4/inst/u_ddr4_infrastructure/mmcm_clkout0
    BUFGCE_X0Y118        BUFGCE (Prop_BUFCE_BUFGCE_I_O)
                                                      0.017     1.016 r  core_inst/ddr_inst/u_ddr4/inst/u_ddr4_infrastructure/u_bufg_divClk/O
    X4Y4 (CLOCK_ROOT)    net (fo=25358, routed)       0.671     1.687    core_inst/ddr_inst/u_ddr4/inst/u_ddr4_mem_intfc/u_ddr_cal_top/u_ddr_cal/SYNC[0].sync_reg_reg[1]_1
    SLICE_X88Y235        FDRE                                         r  core_inst/ddr_inst/u_ddr4/inst/u_ddr4_mem_intfc/u_ddr_cal_top/u_ddr_cal/rst_r1_reg/C
  -------------------------------------------------------------------    -------------------
    SLICE_X88Y235        FDRE (Prop_AFF_SLICEL_C_Q)
                                                      0.039     1.726 f  core_inst/ddr_inst/u_ddr4/inst/u_ddr4_mem_intfc/u_ddr_cal_top/u_ddr_cal/rst_r1_reg/Q
                         net (fo=399, routed)         1.200     2.926    core_inst/ddr_inst/u_wfifo/fifo_inst/rst_r1_alias_1
    SLICE_X69Y252        FDPE                                         f  core_inst/ddr_inst/u_wfifo/fifo_inst/s_rst_sync1_reg_reg/PRE
  -------------------------------------------------------------------    -------------------

                         (clock mmcm_clkout0 rise edge)
                                                      0.000     0.000 r  
    G13                                               0.000     0.000 r  c0_sys_clk_p (IN)
                         net (fo=0)                   0.100     0.100    core_inst/ddr_inst/u_ddr4/inst/u_ddr4_mem_intfc/u_mig_ddr4_phy/inst/u_ddr4_phy_pll/diff_input_clk.u_ibufg_sys_clk/I
    HPIOBDIFFINBUF_X0Y108
                         DIFFINBUF (Prop_DIFFINBUF_HPIOBDIFFINBUF_DIFF_IN_P_O)
                                                      0.406     0.506 r  core_inst/ddr_inst/u_ddr4/inst/u_ddr4_mem_intfc/u_mig_ddr4_phy/inst/u_ddr4_phy_pll/diff_input_clk.u_ibufg_sys_clk/DIFFINBUF_INST/O
                         net (fo=1, routed)           0.050     0.556    core_inst/ddr_inst/u_ddr4/inst/u_ddr4_mem_intfc/u_mig_ddr4_phy/inst/u_ddr4_phy_pll/diff_input_clk.u_ibufg_sys_clk/OUT
    G13                  IBUFCTRL (Prop_IBUFCTRL_HPIOB_M_I_O)
                                                      0.000     0.556 r  core_inst/ddr_inst/u_ddr4/inst/u_ddr4_mem_intfc/u_mig_ddr4_phy/inst/u_ddr4_phy_pll/diff_input_clk.u_ibufg_sys_clk/IBUFCTRL_INST/O
                         net (fo=2, routed)           0.222     0.778    core_inst/ddr_inst/u_ddr4/inst/u_ddr4_infrastructure/mmcm_clk_in
    MMCM_X0Y4            MMCME4_ADV (Prop_MMCM_CLKIN1_CLKOUT0)
                                                     -0.295     0.483 r  core_inst/ddr_inst/u_ddr4/inst/u_ddr4_infrastructure/gen_mmcme4.u_mmcme_adv_inst/CLKOUT0
                         net (fo=1, routed)           0.166     0.649    core_inst/ddr_inst/u_ddr4/inst/u_ddr4_infrastructure/mmcm_clkout0
    BUFGCE_X0Y118        BUFGCE (Prop_BUFCE_BUFGCE_I_O)
                                                      0.019     0.668 r  core_inst/ddr_inst/u_ddr4/inst/u_ddr4_infrastructure/u_bufg_divClk/O
    X4Y4 (CLOCK_ROOT)    net (fo=25358, routed)       0.837     1.505    core_inst/ddr_inst/u_wfifo/fifo_inst/c0_ddr4_ui_clk
    SLICE_X69Y252        FDPE                                         r  core_inst/ddr_inst/u_wfifo/fifo_inst/s_rst_sync1_reg_reg/C
                         clock pessimism              0.335     1.841    
    SLICE_X69Y252        FDPE (Remov_EFF_SLICEM_C_PRE)
                                                     -0.020     1.821    core_inst/ddr_inst/u_wfifo/fifo_inst/s_rst_sync1_reg_reg
  -------------------------------------------------------------------
                         required time                         -1.821    
                         arrival time                           2.926    
  -------------------------------------------------------------------
                         slack                                  1.106    





---------------------------------------------------------------------------------------------------
Path Group:  **async_default**
From Clock:  mmcm_clkout5
  To Clock:  mmcm_clkout5

Setup :            0  Failing Endpoints,  Worst Slack       12.149ns,  Total Violation        0.000ns
Hold  :            0  Failing Endpoints,  Worst Slack        0.134ns,  Total Violation        0.000ns
---------------------------------------------------------------------------------------------------


Max Delay Paths
--------------------------------------------------------------------------------------
Slack (MET) :             12.149ns  (required time - arrival time)
  Source:                 dbg_hub/inst/BSCANID.u_xsdbm_id/CORE_XSDB.UUT_MASTER/U_ICON_INTERFACE/U_CMD6_WR/U_WR_FIFO/SUBCORE_FIFO.xsdbm_v3_0_0_wrfifo_inst/inst_fifo_gen/gconvfifo.rf/grf.rf/rstblk/ngwrdrst.grst.g7serrst.rd_rst_asreg_reg/C
                            (rising edge-triggered cell FDPE clocked by mmcm_clkout5  {rise@0.000ns fall@6.664ns period=13.328ns})
  Destination:            dbg_hub/inst/BSCANID.u_xsdbm_id/CORE_XSDB.UUT_MASTER/U_ICON_INTERFACE/U_CMD6_WR/U_WR_FIFO/SUBCORE_FIFO.xsdbm_v3_0_0_wrfifo_inst/inst_fifo_gen/gconvfifo.rf/grf.rf/rstblk/ngwrdrst.grst.g7serrst.rd_rst_reg_reg[1]/PRE
                            (recovery check against rising-edge clock mmcm_clkout5  {rise@0.000ns fall@6.664ns period=13.328ns})
  Path Group:             **async_default**
  Path Type:              Recovery (Max at Slow Process Corner)
  Requirement:            13.328ns  (mmcm_clkout5 rise@13.328ns - mmcm_clkout5 rise@0.000ns)
  Data Path Delay:        0.945ns  (logic 0.170ns (17.994%)  route 0.775ns (82.006%))
  Logic Levels:           1  (LUT2=1)
  Clock Path Skew:        -0.107ns (DCD - SCD + CPR)
    Destination Clock Delay (DCD):    3.711ns = ( 17.039 - 13.328 ) 
    Source Clock Delay      (SCD):    3.430ns
    Clock Pessimism Removal (CPR):    -0.388ns
  Clock Uncertainty:      0.061ns  ((TSJ^2 + DJ^2)^1/2) / 2 + PE
    Total System Jitter     (TSJ):    0.071ns
    Discrete Jitter          (DJ):    0.100ns
    Phase Error              (PE):    0.000ns
  Clock Net Delay (Source):      2.210ns (routing 1.225ns, distribution 0.985ns)
  Clock Net Delay (Destination): 1.945ns (routing 1.113ns, distribution 0.832ns)

    Location             Delay type                Incr(ns)  Path(ns)    Netlist Resource(s)
  -------------------------------------------------------------------    -------------------
                         (clock mmcm_clkout5 rise edge)
                                                      0.000     0.000 r  
    G13                                               0.000     0.000 r  c0_sys_clk_p (IN)
                         net (fo=0)                   0.100     0.100    core_inst/ddr_inst/u_ddr4/inst/u_ddr4_mem_intfc/u_mig_ddr4_phy/inst/u_ddr4_phy_pll/diff_input_clk.u_ibufg_sys_clk/I
    HPIOBDIFFINBUF_X0Y108
                         DIFFINBUF (Prop_DIFFINBUF_HPIOBDIFFINBUF_DIFF_IN_P_O)
                                                      0.549     0.649 r  core_inst/ddr_inst/u_ddr4/inst/u_ddr4_mem_intfc/u_mig_ddr4_phy/inst/u_ddr4_phy_pll/diff_input_clk.u_ibufg_sys_clk/DIFFINBUF_INST/O
                         net (fo=1, routed)           0.050     0.699    core_inst/ddr_inst/u_ddr4/inst/u_ddr4_mem_intfc/u_mig_ddr4_phy/inst/u_ddr4_phy_pll/diff_input_clk.u_ibufg_sys_clk/OUT
    G13                  IBUFCTRL (Prop_IBUFCTRL_HPIOB_M_I_O)
                                                      0.000     0.699 r  core_inst/ddr_inst/u_ddr4/inst/u_ddr4_mem_intfc/u_mig_ddr4_phy/inst/u_ddr4_phy_pll/diff_input_clk.u_ibufg_sys_clk/IBUFCTRL_INST/O
                         net (fo=2, routed)           0.384     1.083    core_inst/ddr_inst/u_ddr4/inst/u_ddr4_infrastructure/mmcm_clk_in
    MMCM_X0Y4            MMCME4_ADV (Prop_MMCM_CLKIN1_CLKOUT5)
                                                     -0.127     0.956 r  core_inst/ddr_inst/u_ddr4/inst/u_ddr4_infrastructure/gen_mmcme4.u_mmcme_adv_inst/CLKOUT5
                         net (fo=1, routed)           0.236     1.192    core_inst/ddr_inst/u_ddr4/inst/u_ddr4_infrastructure/mmcm_clkout5
    BUFGCE_X0Y119        BUFGCE (Prop_BUFCE_BUFGCE_I_O)
                                                      0.028     1.220 r  core_inst/ddr_inst/u_ddr4/inst/u_ddr4_infrastructure/u_bufg_dbg_clk/O
    X2Y2 (CLOCK_ROOT)    net (fo=1820, routed)        2.210     3.430    dbg_hub/inst/BSCANID.u_xsdbm_id/CORE_XSDB.UUT_MASTER/U_ICON_INTERFACE/U_CMD6_WR/U_WR_FIFO/SUBCORE_FIFO.xsdbm_v3_0_0_wrfifo_inst/inst_fifo_gen/gconvfifo.rf/grf.rf/rstblk/rd_clk
    SLICE_X74Y197        FDPE                                         r  dbg_hub/inst/BSCANID.u_xsdbm_id/CORE_XSDB.UUT_MASTER/U_ICON_INTERFACE/U_CMD6_WR/U_WR_FIFO/SUBCORE_FIFO.xsdbm_v3_0_0_wrfifo_inst/inst_fifo_gen/gconvfifo.rf/grf.rf/rstblk/ngwrdrst.grst.g7serrst.rd_rst_asreg_reg/C
  -------------------------------------------------------------------    -------------------
    SLICE_X74Y197        FDPE (Prop_HFF2_SLICEL_C_Q)
                                                      0.080     3.510 f  dbg_hub/inst/BSCANID.u_xsdbm_id/CORE_XSDB.UUT_MASTER/U_ICON_INTERFACE/U_CMD6_WR/U_WR_FIFO/SUBCORE_FIFO.xsdbm_v3_0_0_wrfifo_inst/inst_fifo_gen/gconvfifo.rf/grf.rf/rstblk/ngwrdrst.grst.g7serrst.rd_rst_asreg_reg/Q
                         net (fo=3, routed)           0.207     3.717    dbg_hub/inst/BSCANID.u_xsdbm_id/CORE_XSDB.UUT_MASTER/U_ICON_INTERFACE/U_CMD6_WR/U_WR_FIFO/SUBCORE_FIFO.xsdbm_v3_0_0_wrfifo_inst/inst_fifo_gen/gconvfifo.rf/grf.rf/rstblk/ngwrdrst.grst.g7serrst.gwrrd_rst_sync_stage[2].rrst_inst/in0[0]
    SLICE_X74Y197        LUT2 (Prop_H6LUT_SLICEL_I0_O)
                                                      0.090     3.807 f  dbg_hub/inst/BSCANID.u_xsdbm_id/CORE_XSDB.UUT_MASTER/U_ICON_INTERFACE/U_CMD6_WR/U_WR_FIFO/SUBCORE_FIFO.xsdbm_v3_0_0_wrfifo_inst/inst_fifo_gen/gconvfifo.rf/grf.rf/rstblk/ngwrdrst.grst.g7serrst.gwrrd_rst_sync_stage[2].rrst_inst/ngwrdrst.grst.g7serrst.rd_rst_reg[2]_i_1/O
                         net (fo=3, routed)           0.568     4.375    dbg_hub/inst/BSCANID.u_xsdbm_id/CORE_XSDB.UUT_MASTER/U_ICON_INTERFACE/U_CMD6_WR/U_WR_FIFO/SUBCORE_FIFO.xsdbm_v3_0_0_wrfifo_inst/inst_fifo_gen/gconvfifo.rf/grf.rf/rstblk/rd_rst_comb
    SLICE_X71Y198        FDPE                                         f  dbg_hub/inst/BSCANID.u_xsdbm_id/CORE_XSDB.UUT_MASTER/U_ICON_INTERFACE/U_CMD6_WR/U_WR_FIFO/SUBCORE_FIFO.xsdbm_v3_0_0_wrfifo_inst/inst_fifo_gen/gconvfifo.rf/grf.rf/rstblk/ngwrdrst.grst.g7serrst.rd_rst_reg_reg[1]/PRE
  -------------------------------------------------------------------    -------------------

                         (clock mmcm_clkout5 rise edge)
                                                     13.328    13.328 r  
    G13                                               0.000    13.328 r  c0_sys_clk_p (IN)
                         net (fo=0)                   0.079    13.407    core_inst/ddr_inst/u_ddr4/inst/u_ddr4_mem_intfc/u_mig_ddr4_phy/inst/u_ddr4_phy_pll/diff_input_clk.u_ibufg_sys_clk/I
    HPIOBDIFFINBUF_X0Y108
                         DIFFINBUF (Prop_DIFFINBUF_HPIOBDIFFINBUF_DIFF_IN_P_O)
                                                      0.453    13.860 r  core_inst/ddr_inst/u_ddr4/inst/u_ddr4_mem_intfc/u_mig_ddr4_phy/inst/u_ddr4_phy_pll/diff_input_clk.u_ibufg_sys_clk/DIFFINBUF_INST/O
                         net (fo=1, routed)           0.040    13.900    core_inst/ddr_inst/u_ddr4/inst/u_ddr4_mem_intfc/u_mig_ddr4_phy/inst/u_ddr4_phy_pll/diff_input_clk.u_ibufg_sys_clk/OUT
    G13                  IBUFCTRL (Prop_IBUFCTRL_HPIOB_M_I_O)
                                                      0.000    13.900 r  core_inst/ddr_inst/u_ddr4/inst/u_ddr4_mem_intfc/u_mig_ddr4_phy/inst/u_ddr4_phy_pll/diff_input_clk.u_ibufg_sys_clk/IBUFCTRL_INST/O
                         net (fo=2, routed)           0.333    14.233    core_inst/ddr_inst/u_ddr4/inst/u_ddr4_infrastructure/mmcm_clk_in
    MMCM_X0Y4            MMCME4_ADV (Prop_MMCM_CLKIN1_CLKOUT5)
                                                      0.630    14.863 r  core_inst/ddr_inst/u_ddr4/inst/u_ddr4_infrastructure/gen_mmcme4.u_mmcme_adv_inst/CLKOUT5
                         net (fo=1, routed)           0.208    15.071    core_inst/ddr_inst/u_ddr4/inst/u_ddr4_infrastructure/mmcm_clkout5
    BUFGCE_X0Y119        BUFGCE (Prop_BUFCE_BUFGCE_I_O)
                                                      0.024    15.095 r  core_inst/ddr_inst/u_ddr4/inst/u_ddr4_infrastructure/u_bufg_dbg_clk/O
    X2Y2 (CLOCK_ROOT)    net (fo=1820, routed)        1.945    17.039    dbg_hub/inst/BSCANID.u_xsdbm_id/CORE_XSDB.UUT_MASTER/U_ICON_INTERFACE/U_CMD6_WR/U_WR_FIFO/SUBCORE_FIFO.xsdbm_v3_0_0_wrfifo_inst/inst_fifo_gen/gconvfifo.rf/grf.rf/rstblk/rd_clk
    SLICE_X71Y198        FDPE                                         r  dbg_hub/inst/BSCANID.u_xsdbm_id/CORE_XSDB.UUT_MASTER/U_ICON_INTERFACE/U_CMD6_WR/U_WR_FIFO/SUBCORE_FIFO.xsdbm_v3_0_0_wrfifo_inst/inst_fifo_gen/gconvfifo.rf/grf.rf/rstblk/ngwrdrst.grst.g7serrst.rd_rst_reg_reg[1]/C
                         clock pessimism             -0.388    16.651    
                         clock uncertainty           -0.061    16.590    
    SLICE_X71Y198        FDPE (Recov_AFF_SLICEL_C_PRE)
                                                     -0.066    16.524    dbg_hub/inst/BSCANID.u_xsdbm_id/CORE_XSDB.UUT_MASTER/U_ICON_INTERFACE/U_CMD6_WR/U_WR_FIFO/SUBCORE_FIFO.xsdbm_v3_0_0_wrfifo_inst/inst_fifo_gen/gconvfifo.rf/grf.rf/rstblk/ngwrdrst.grst.g7serrst.rd_rst_reg_reg[1]
  -------------------------------------------------------------------
                         required time                         16.524    
                         arrival time                          -4.375    
  -------------------------------------------------------------------
                         slack                                 12.149    





Min Delay Paths
--------------------------------------------------------------------------------------
Slack (MET) :             0.134ns  (arrival time - required time)
  Source:                 dbg_hub/inst/BSCANID.u_xsdbm_id/CORE_XSDB.UUT_MASTER/U_ICON_INTERFACE/U_CMD6_WR/U_WR_FIFO/SUBCORE_FIFO.xsdbm_v3_0_0_wrfifo_inst/inst_fifo_gen/gconvfifo.rf/grf.rf/rstblk/ngwrdrst.grst.g7serrst.rd_rst_reg_reg[1]/C
                            (rising edge-triggered cell FDPE clocked by mmcm_clkout5  {rise@0.000ns fall@6.664ns period=13.328ns})
  Destination:            dbg_hub/inst/BSCANID.u_xsdbm_id/CORE_XSDB.UUT_MASTER/U_ICON_INTERFACE/U_CMD6_WR/U_WR_FIFO/SUBCORE_FIFO.xsdbm_v3_0_0_wrfifo_inst/inst_fifo_gen/gconvfifo.rf/grf.rf/gntv_or_sync_fifo.gcx.clkx/gnxpm_cdc.gsync_stage[1].rd_stg_inst/Q_reg_reg[2]/CLR
                            (removal check against rising-edge clock mmcm_clkout5  {rise@0.000ns fall@6.664ns period=13.328ns})
  Path Group:             **async_default**
  Path Type:              Removal (Min at Fast Process Corner)
  Requirement:            0.000ns  (mmcm_clkout5 rise@0.000ns - mmcm_clkout5 rise@0.000ns)
  Data Path Delay:        0.133ns  (logic 0.039ns (29.333%)  route 0.094ns (70.667%))
  Logic Levels:           0  
  Clock Path Skew:        0.019ns (DCD - SCD - CPR)
    Destination Clock Delay (DCD):    2.025ns
    Source Clock Delay      (SCD):    2.217ns
    Clock Pessimism Removal (CPR):    -0.211ns
  Clock Net Delay (Source):      1.208ns (routing 0.673ns, distribution 0.535ns)
  Clock Net Delay (Destination): 1.363ns (routing 0.751ns, distribution 0.612ns)

    Location             Delay type                Incr(ns)  Path(ns)    Netlist Resource(s)
  -------------------------------------------------------------------    -------------------
                         (clock mmcm_clkout5 rise edge)
                                                      0.000     0.000 r  
    G13                                               0.000     0.000 r  c0_sys_clk_p (IN)
                         net (fo=0)                   0.079     0.079    core_inst/ddr_inst/u_ddr4/inst/u_ddr4_mem_intfc/u_mig_ddr4_phy/inst/u_ddr4_phy_pll/diff_input_clk.u_ibufg_sys_clk/I
    HPIOBDIFFINBUF_X0Y108
                         DIFFINBUF (Prop_DIFFINBUF_HPIOBDIFFINBUF_DIFF_IN_P_O)
                                                      0.308     0.387 r  core_inst/ddr_inst/u_ddr4/inst/u_ddr4_mem_intfc/u_mig_ddr4_phy/inst/u_ddr4_phy_pll/diff_input_clk.u_ibufg_sys_clk/DIFFINBUF_INST/O
                         net (fo=1, routed)           0.040     0.427    core_inst/ddr_inst/u_ddr4/inst/u_ddr4_mem_intfc/u_mig_ddr4_phy/inst/u_ddr4_phy_pll/diff_input_clk.u_ibufg_sys_clk/OUT
    G13                  IBUFCTRL (Prop_IBUFCTRL_HPIOB_M_I_O)
                                                      0.000     0.427 r  core_inst/ddr_inst/u_ddr4/inst/u_ddr4_mem_intfc/u_mig_ddr4_phy/inst/u_ddr4_phy_pll/diff_input_clk.u_ibufg_sys_clk/IBUFCTRL_INST/O
                         net (fo=2, routed)           0.196     0.623    core_inst/ddr_inst/u_ddr4/inst/u_ddr4_infrastructure/mmcm_clk_in
    MMCM_X0Y4            MMCME4_ADV (Prop_MMCM_CLKIN1_CLKOUT5)
                                                      0.230     0.853 r  core_inst/ddr_inst/u_ddr4/inst/u_ddr4_infrastructure/gen_mmcme4.u_mmcme_adv_inst/CLKOUT5
                         net (fo=1, routed)           0.140     0.993    core_inst/ddr_inst/u_ddr4/inst/u_ddr4_infrastructure/mmcm_clkout5
    BUFGCE_X0Y119        BUFGCE (Prop_BUFCE_BUFGCE_I_O)
                                                      0.017     1.010 r  core_inst/ddr_inst/u_ddr4/inst/u_ddr4_infrastructure/u_bufg_dbg_clk/O
    X2Y2 (CLOCK_ROOT)    net (fo=1820, routed)        1.208     2.217    dbg_hub/inst/BSCANID.u_xsdbm_id/CORE_XSDB.UUT_MASTER/U_ICON_INTERFACE/U_CMD6_WR/U_WR_FIFO/SUBCORE_FIFO.xsdbm_v3_0_0_wrfifo_inst/inst_fifo_gen/gconvfifo.rf/grf.rf/rstblk/rd_clk
    SLICE_X71Y198        FDPE                                         r  dbg_hub/inst/BSCANID.u_xsdbm_id/CORE_XSDB.UUT_MASTER/U_ICON_INTERFACE/U_CMD6_WR/U_WR_FIFO/SUBCORE_FIFO.xsdbm_v3_0_0_wrfifo_inst/inst_fifo_gen/gconvfifo.rf/grf.rf/rstblk/ngwrdrst.grst.g7serrst.rd_rst_reg_reg[1]/C
  -------------------------------------------------------------------    -------------------
    SLICE_X71Y198        FDPE (Prop_AFF_SLICEL_C_Q)
                                                      0.039     2.256 f  dbg_hub/inst/BSCANID.u_xsdbm_id/CORE_XSDB.UUT_MASTER/U_ICON_INTERFACE/U_CMD6_WR/U_WR_FIFO/SUBCORE_FIFO.xsdbm_v3_0_0_wrfifo_inst/inst_fifo_gen/gconvfifo.rf/grf.rf/rstblk/ngwrdrst.grst.g7serrst.rd_rst_reg_reg[1]/Q
                         net (fo=16, routed)          0.094     2.350    dbg_hub/inst/BSCANID.u_xsdbm_id/CORE_XSDB.UUT_MASTER/U_ICON_INTERFACE/U_CMD6_WR/U_WR_FIFO/SUBCORE_FIFO.xsdbm_v3_0_0_wrfifo_inst/inst_fifo_gen/gconvfifo.rf/grf.rf/gntv_or_sync_fifo.gcx.clkx/gnxpm_cdc.gsync_stage[1].rd_stg_inst/Q_reg_reg[0]_0[0]
    SLICE_X71Y197        FDCE                                         f  dbg_hub/inst/BSCANID.u_xsdbm_id/CORE_XSDB.UUT_MASTER/U_ICON_INTERFACE/U_CMD6_WR/U_WR_FIFO/SUBCORE_FIFO.xsdbm_v3_0_0_wrfifo_inst/inst_fifo_gen/gconvfifo.rf/grf.rf/gntv_or_sync_fifo.gcx.clkx/gnxpm_cdc.gsync_stage[1].rd_stg_inst/Q_reg_reg[2]/CLR
  -------------------------------------------------------------------    -------------------

                         (clock mmcm_clkout5 rise edge)
                                                      0.000     0.000 r  
    G13                                               0.000     0.000 r  c0_sys_clk_p (IN)
                         net (fo=0)                   0.100     0.100    core_inst/ddr_inst/u_ddr4/inst/u_ddr4_mem_intfc/u_mig_ddr4_phy/inst/u_ddr4_phy_pll/diff_input_clk.u_ibufg_sys_clk/I
    HPIOBDIFFINBUF_X0Y108
                         DIFFINBUF (Prop_DIFFINBUF_HPIOBDIFFINBUF_DIFF_IN_P_O)
                                                      0.406     0.506 r  core_inst/ddr_inst/u_ddr4/inst/u_ddr4_mem_intfc/u_mig_ddr4_phy/inst/u_ddr4_phy_pll/diff_input_clk.u_ibufg_sys_clk/DIFFINBUF_INST/O
                         net (fo=1, routed)           0.050     0.556    core_inst/ddr_inst/u_ddr4/inst/u_ddr4_mem_intfc/u_mig_ddr4_phy/inst/u_ddr4_phy_pll/diff_input_clk.u_ibufg_sys_clk/OUT
    G13                  IBUFCTRL (Prop_IBUFCTRL_HPIOB_M_I_O)
                                                      0.000     0.556 r  core_inst/ddr_inst/u_ddr4/inst/u_ddr4_mem_intfc/u_mig_ddr4_phy/inst/u_ddr4_phy_pll/diff_input_clk.u_ibufg_sys_clk/IBUFCTRL_INST/O
                         net (fo=2, routed)           0.222     0.778    core_inst/ddr_inst/u_ddr4/inst/u_ddr4_infrastructure/mmcm_clk_in
    MMCM_X0Y4            MMCME4_ADV (Prop_MMCM_CLKIN1_CLKOUT5)
                                                     -0.295     0.483 r  core_inst/ddr_inst/u_ddr4/inst/u_ddr4_infrastructure/gen_mmcme4.u_mmcme_adv_inst/CLKOUT5
                         net (fo=1, routed)           0.160     0.643    core_inst/ddr_inst/u_ddr4/inst/u_ddr4_infrastructure/mmcm_clkout5
    BUFGCE_X0Y119        BUFGCE (Prop_BUFCE_BUFGCE_I_O)
                                                      0.019     0.662 r  core_inst/ddr_inst/u_ddr4/inst/u_ddr4_infrastructure/u_bufg_dbg_clk/O
    X2Y2 (CLOCK_ROOT)    net (fo=1820, routed)        1.363     2.025    dbg_hub/inst/BSCANID.u_xsdbm_id/CORE_XSDB.UUT_MASTER/U_ICON_INTERFACE/U_CMD6_WR/U_WR_FIFO/SUBCORE_FIFO.xsdbm_v3_0_0_wrfifo_inst/inst_fifo_gen/gconvfifo.rf/grf.rf/gntv_or_sync_fifo.gcx.clkx/gnxpm_cdc.gsync_stage[1].rd_stg_inst/rd_clk
    SLICE_X71Y197        FDCE                                         r  dbg_hub/inst/BSCANID.u_xsdbm_id/CORE_XSDB.UUT_MASTER/U_ICON_INTERFACE/U_CMD6_WR/U_WR_FIFO/SUBCORE_FIFO.xsdbm_v3_0_0_wrfifo_inst/inst_fifo_gen/gconvfifo.rf/grf.rf/gntv_or_sync_fifo.gcx.clkx/gnxpm_cdc.gsync_stage[1].rd_stg_inst/Q_reg_reg[2]/C
                         clock pessimism              0.211     2.236    
    SLICE_X71Y197        FDCE (Remov_HFF2_SLICEL_C_CLR)
                                                     -0.020     2.216    dbg_hub/inst/BSCANID.u_xsdbm_id/CORE_XSDB.UUT_MASTER/U_ICON_INTERFACE/U_CMD6_WR/U_WR_FIFO/SUBCORE_FIFO.xsdbm_v3_0_0_wrfifo_inst/inst_fifo_gen/gconvfifo.rf/grf.rf/gntv_or_sync_fifo.gcx.clkx/gnxpm_cdc.gsync_stage[1].rd_stg_inst/Q_reg_reg[2]
  -------------------------------------------------------------------
                         required time                         -2.216    
                         arrival time                           2.350    
  -------------------------------------------------------------------
                         slack                                  0.134    





---------------------------------------------------------------------------------------------------
Path Group:  **async_default**
From Clock:  txoutclk_out[0]
  To Clock:  txoutclk_out[0]

Setup :            0  Failing Endpoints,  Worst Slack        1.588ns,  Total Violation        0.000ns
Hold  :            0  Failing Endpoints,  Worst Slack        0.480ns,  Total Violation        0.000ns
---------------------------------------------------------------------------------------------------


Max Delay Paths
--------------------------------------------------------------------------------------
Slack (MET) :             1.588ns  (required time - arrival time)
  Source:                 core_inst/cmac_inst/inst/i_cmac_usplus_0_cmac_cdc_sync_gt_txresetdone_int/s_out_d4_reg/C
                            (rising edge-triggered cell FDRE clocked by txoutclk_out[0]  {rise@0.000ns fall@1.552ns period=3.103ns})
  Destination:            core_inst/tx_fifo/fifo_inst/s_rst_sync1_reg_reg/PRE
                            (recovery check against rising-edge clock txoutclk_out[0]  {rise@0.000ns fall@1.552ns period=3.103ns})
  Path Group:             **async_default**
  Path Type:              Recovery (Max at Slow Process Corner)
  Requirement:            3.103ns  (txoutclk_out[0] rise@3.103ns - txoutclk_out[0] rise@0.000ns)
  Data Path Delay:        1.336ns  (logic 0.113ns (8.456%)  route 1.223ns (91.544%))
  Logic Levels:           1  (LUT3=1)
  Clock Path Skew:        -0.067ns (DCD - SCD + CPR)
    Destination Clock Delay (DCD):    1.551ns = ( 4.654 - 3.103 ) 
    Source Clock Delay      (SCD):    1.737ns
    Clock Pessimism Removal (CPR):    0.119ns
  Clock Uncertainty:      0.046ns  ((TSJ^2 + DJ^2)^1/2) / 2 + PE
    Total System Jitter     (TSJ):    0.071ns
    Discrete Jitter          (DJ):    0.060ns
    Phase Error              (PE):    0.000ns
  Clock Net Delay (Source):      1.522ns (routing 0.435ns, distribution 1.087ns)
  Clock Net Delay (Destination): 1.359ns (routing 0.397ns, distribution 0.962ns)

    Location             Delay type                Incr(ns)  Path(ns)    Netlist Resource(s)
  -------------------------------------------------------------------    -------------------
                         (clock txoutclk_out[0] rise edge)
                                                      0.000     0.000 r  
    GTYE4_CHANNEL_X0Y4   GTYE4_CHANNEL                0.000     0.000 r  core_inst/cmac_inst/inst/cmac_usplus_0_gt_i/inst/gen_gtwizard_gtye4_top.cmac_usplus_0_gt_gtwizard_gtye4_inst/gen_gtwizard_gtye4.gen_channel_container[1].gen_enabled_channel.gtye4_channel_wrapper_inst/channel_inst/gtye4_channel_gen.gen_gtye4_channel_inst[0].GTYE4_CHANNEL_PRIM_INST/TXOUTCLK
                         net (fo=2, routed)           0.085     0.085    core_inst/cmac_inst/inst/cmac_gtwiz_userclk_tx_inst/txoutclk_out[0]
    BUFG_GT_X0Y102       BUFG_GT (Prop_BUFG_GT_I_O)
                                                      0.130     0.215 r  core_inst/cmac_inst/inst/cmac_gtwiz_userclk_tx_inst/gen_gtwiz_userclk_tx_main.bufg_gt_usrclk_inst/O
    X1Y4 (CLOCK_ROOT)    net (fo=3359, routed)        1.522     1.737    core_inst/cmac_inst/inst/i_cmac_usplus_0_cmac_cdc_sync_gt_txresetdone_int/s_out_d3_reg_0
    SLICE_X13Y212        FDRE                                         r  core_inst/cmac_inst/inst/i_cmac_usplus_0_cmac_cdc_sync_gt_txresetdone_int/s_out_d4_reg/C
  -------------------------------------------------------------------    -------------------
    SLICE_X13Y212        FDRE (Prop_EFF_SLICEM_C_Q)
                                                      0.076     1.813 r  core_inst/cmac_inst/inst/i_cmac_usplus_0_cmac_cdc_sync_gt_txresetdone_int/s_out_d4_reg/Q
                         net (fo=1, routed)           0.224     2.037    core_inst/cmac_inst/inst/i_cmac_usplus_0_cmac_cdc_sync_core_drp_reset_tx_clk/s_out_d4_0
    SLICE_X18Y212        LUT3 (Prop_G6LUT_SLICEM_I2_O)
                                                      0.037     2.074 f  core_inst/cmac_inst/inst/i_cmac_usplus_0_cmac_cdc_sync_core_drp_reset_tx_clk/usr_tx_reset_INST_0/O
                         net (fo=88, routed)          0.999     3.073    core_inst/tx_fifo/fifo_inst/usr_tx_reset
    SLICE_X12Y204        FDPE                                         f  core_inst/tx_fifo/fifo_inst/s_rst_sync1_reg_reg/PRE
  -------------------------------------------------------------------    -------------------

                         (clock txoutclk_out[0] rise edge)
                                                      3.103     3.103 r  
    GTYE4_CHANNEL_X0Y4   GTYE4_CHANNEL                0.000     3.103 r  core_inst/cmac_inst/inst/cmac_usplus_0_gt_i/inst/gen_gtwizard_gtye4_top.cmac_usplus_0_gt_gtwizard_gtye4_inst/gen_gtwizard_gtye4.gen_channel_container[1].gen_enabled_channel.gtye4_channel_wrapper_inst/channel_inst/gtye4_channel_gen.gen_gtye4_channel_inst[0].GTYE4_CHANNEL_PRIM_INST/TXOUTCLK
                         net (fo=2, routed)           0.078     3.181    core_inst/cmac_inst/inst/cmac_gtwiz_userclk_tx_inst/txoutclk_out[0]
    BUFG_GT_X0Y102       BUFG_GT (Prop_BUFG_GT_I_O)
                                                      0.114     3.295 r  core_inst/cmac_inst/inst/cmac_gtwiz_userclk_tx_inst/gen_gtwiz_userclk_tx_main.bufg_gt_usrclk_inst/O
    X1Y4 (CLOCK_ROOT)    net (fo=3359, routed)        1.359     4.654    core_inst/tx_fifo/fifo_inst/gt_txusrclk2
    SLICE_X12Y204        FDPE                                         r  core_inst/tx_fifo/fifo_inst/s_rst_sync1_reg_reg/C
                         clock pessimism              0.119     4.773    
                         clock uncertainty           -0.046     4.727    
    SLICE_X12Y204        FDPE (Recov_EFF_SLICEL_C_PRE)
                                                     -0.066     4.661    core_inst/tx_fifo/fifo_inst/s_rst_sync1_reg_reg
  -------------------------------------------------------------------
                         required time                          4.661    
                         arrival time                          -3.073    
  -------------------------------------------------------------------
                         slack                                  1.588    





Min Delay Paths
--------------------------------------------------------------------------------------
Slack (MET) :             0.480ns  (arrival time - required time)
  Source:                 core_inst/cmac_inst/inst/i_cmac_usplus_0_cmac_cdc_sync_core_tx_reset/s_out_d4_reg/C
                            (rising edge-triggered cell FDRE clocked by txoutclk_out[0]  {rise@0.000ns fall@1.552ns period=3.103ns})
  Destination:            core_inst/tx_fifo/fifo_inst/s_rst_sync1_reg_reg/PRE
                            (removal check against rising-edge clock txoutclk_out[0]  {rise@0.000ns fall@1.552ns period=3.103ns})
  Path Group:             **async_default**
  Path Type:              Removal (Min at Fast Process Corner)
  Requirement:            0.000ns  (txoutclk_out[0] rise@0.000ns - txoutclk_out[0] rise@0.000ns)
  Data Path Delay:        0.528ns  (logic 0.059ns (11.170%)  route 0.469ns (88.830%))
  Logic Levels:           1  (LUT3=1)
  Clock Path Skew:        0.068ns (DCD - SCD - CPR)
    Destination Clock Delay (DCD):    1.104ns
    Source Clock Delay      (SCD):    0.958ns
    Clock Pessimism Removal (CPR):    0.078ns
  Clock Net Delay (Source):      0.833ns (routing 0.237ns, distribution 0.596ns)
  Clock Net Delay (Destination): 0.965ns (routing 0.262ns, distribution 0.703ns)

    Location             Delay type                Incr(ns)  Path(ns)    Netlist Resource(s)
  -------------------------------------------------------------------    -------------------
                         (clock txoutclk_out[0] rise edge)
                                                      0.000     0.000 r  
    GTYE4_CHANNEL_X0Y4   GTYE4_CHANNEL                0.000     0.000 r  core_inst/cmac_inst/inst/cmac_usplus_0_gt_i/inst/gen_gtwizard_gtye4_top.cmac_usplus_0_gt_gtwizard_gtye4_inst/gen_gtwizard_gtye4.gen_channel_container[1].gen_enabled_channel.gtye4_channel_wrapper_inst/channel_inst/gtye4_channel_gen.gen_gtye4_channel_inst[0].GTYE4_CHANNEL_PRIM_INST/TXOUTCLK
                         net (fo=2, routed)           0.052     0.052    core_inst/cmac_inst/inst/cmac_gtwiz_userclk_tx_inst/txoutclk_out[0]
    BUFG_GT_X0Y102       BUFG_GT (Prop_BUFG_GT_I_O)
                                                      0.073     0.125 r  core_inst/cmac_inst/inst/cmac_gtwiz_userclk_tx_inst/gen_gtwiz_userclk_tx_main.bufg_gt_usrclk_inst/O
    X1Y4 (CLOCK_ROOT)    net (fo=3359, routed)        0.833     0.958    core_inst/cmac_inst/inst/i_cmac_usplus_0_cmac_cdc_sync_core_tx_reset/s_out_d3_reg_0
    SLICE_X18Y212        FDRE                                         r  core_inst/cmac_inst/inst/i_cmac_usplus_0_cmac_cdc_sync_core_tx_reset/s_out_d4_reg/C
  -------------------------------------------------------------------    -------------------
    SLICE_X18Y212        FDRE (Prop_FFF_SLICEM_C_Q)
                                                      0.037     0.995 f  core_inst/cmac_inst/inst/i_cmac_usplus_0_cmac_cdc_sync_core_tx_reset/s_out_d4_reg/Q
                         net (fo=1, routed)           0.027     1.022    core_inst/cmac_inst/inst/i_cmac_usplus_0_cmac_cdc_sync_core_drp_reset_tx_clk/s_out_d4
    SLICE_X18Y212        LUT3 (Prop_G6LUT_SLICEM_I1_O)
                                                      0.022     1.044 f  core_inst/cmac_inst/inst/i_cmac_usplus_0_cmac_cdc_sync_core_drp_reset_tx_clk/usr_tx_reset_INST_0/O
                         net (fo=88, routed)          0.442     1.486    core_inst/tx_fifo/fifo_inst/usr_tx_reset
    SLICE_X12Y204        FDPE                                         f  core_inst/tx_fifo/fifo_inst/s_rst_sync1_reg_reg/PRE
  -------------------------------------------------------------------    -------------------

                         (clock txoutclk_out[0] rise edge)
                                                      0.000     0.000 r  
    GTYE4_CHANNEL_X0Y4   GTYE4_CHANNEL                0.000     0.000 r  core_inst/cmac_inst/inst/cmac_usplus_0_gt_i/inst/gen_gtwizard_gtye4_top.cmac_usplus_0_gt_gtwizard_gtye4_inst/gen_gtwizard_gtye4.gen_channel_container[1].gen_enabled_channel.gtye4_channel_wrapper_inst/channel_inst/gtye4_channel_gen.gen_gtye4_channel_inst[0].GTYE4_CHANNEL_PRIM_INST/TXOUTCLK
                         net (fo=2, routed)           0.057     0.057    core_inst/cmac_inst/inst/cmac_gtwiz_userclk_tx_inst/txoutclk_out[0]
    BUFG_GT_X0Y102       BUFG_GT (Prop_BUFG_GT_I_O)
                                                      0.082     0.139 r  core_inst/cmac_inst/inst/cmac_gtwiz_userclk_tx_inst/gen_gtwiz_userclk_tx_main.bufg_gt_usrclk_inst/O
    X1Y4 (CLOCK_ROOT)    net (fo=3359, routed)        0.965     1.104    core_inst/tx_fifo/fifo_inst/gt_txusrclk2
    SLICE_X12Y204        FDPE                                         r  core_inst/tx_fifo/fifo_inst/s_rst_sync1_reg_reg/C
                         clock pessimism             -0.078     1.026    
    SLICE_X12Y204        FDPE (Remov_EFF_SLICEL_C_PRE)
                                                     -0.020     1.006    core_inst/tx_fifo/fifo_inst/s_rst_sync1_reg_reg
  -------------------------------------------------------------------
                         required time                         -1.006    
                         arrival time                           1.486    
  -------------------------------------------------------------------
                         slack                                  0.480    





